{
    "total_cpu_time (seconds)": 31.16303573900006,
    "total_cpu_memory (MB)": 71518.209412,
    "execution_time (seconds/batch)": 0.19503562363543944,
    "num_batches": 160,
    "batch_size": 32,
    "device": "cpu",
    "throughput_bps": 26934156.448358025,
    "sample_persec": 164.07259045052402,
    "result_path": "result/Batches/run 1",
    "data_path": "109.pt"
}