{
    "total_cpu_time (seconds)": 35.77036687999983,
    "total_cpu_memory (MB)": 71518.204924,
    "execution_time (seconds/batch)": 0.22387086645022383,
    "num_batches": 160,
    "batch_size": 32,
    "device": "cpu",
    "throughput_bps": 23464955.861811504,
    "sample_persec": 142.9395459418342,
    "result_path": "result/Batches/run 1",
    "data_path": "11.pt"
}