{
    "total_cpu_time (seconds)": 40.29326884099967,
    "total_cpu_memory (MB)": 71518.207188,
    "execution_time (seconds/batch)": 0.2521777044615665,
    "num_batches": 160,
    "batch_size": 32,
    "device": "cpu",
    "throughput_bps": 20831024.7379566,
    "sample_persec": 126.89464387156798,
    "result_path": "result/Batches/run 1",
    "data_path": "113.pt"
}