{
    "total_cpu_time (seconds)": 28.609701285999382,
    "total_cpu_memory (MB)": 71518.209324,
    "execution_time (seconds/batch)": 0.17905543539056917,
    "num_batches": 160,
    "batch_size": 32,
    "device": "cpu",
    "throughput_bps": 29337953.291065976,
    "sample_persec": 178.71560240659096,
    "result_path": "result/Batches/run 1",
    "data_path": "116.pt"
}