{
    "total_cpu_time (seconds)": 28.88217932400052,
    "total_cpu_memory (MB)": 71518.20946,
    "execution_time (seconds/batch)": 0.1807607546192092,
    "num_batches": 160,
    "batch_size": 32,
    "device": "cpu",
    "throughput_bps": 29061175.425308596,
    "sample_persec": 177.0295773958857,
    "result_path": "result/Batches/run 1",
    "data_path": "100.pt"
}