{
    "total_cpu_time (seconds)": 30.07545729399932,
    "total_cpu_memory (MB)": 71518.207332,
    "execution_time (seconds/batch)": 0.18822895235829812,
    "num_batches": 160,
    "batch_size": 32,
    "device": "cpu",
    "throughput_bps": 27908140.241893105,
    "sample_persec": 170.00572759437807,
    "result_path": "result/Batches/run 1",
    "data_path": "117.pt"
}