{
    "total_cpu_time (seconds)": 54.96375981699848,
    "total_cpu_memory (MB)": 71518.209428,
    "execution_time (seconds/batch)": 0.34399380288362047,
    "num_batches": 160,
    "batch_size": 32,
    "device": "cpu",
    "throughput_bps": 15270972.779056804,
    "sample_persec": 93.0249316463012,
    "result_path": "result/Batches/run 1",
    "data_path": "12.pt"
}