{
    "total_cpu_time (seconds)": 141.24181849799962,
    "total_cpu_memory (MB)": 71515.239704,
    "execution_time (seconds/batch)": 0.8839699182350846,
    "num_batches": 160,
    "batch_size": 32,
    "device": "cpu",
    "throughput_bps": 5942645.662069889,
    "sample_persec": 36.2003268888273,
    "result_path": "result/Batches/run 1",
    "data_path": "122.pt"
}