{
    "total_cpu_time (seconds)": 31.163221374001253,
    "total_cpu_memory (MB)": 71518.20046,
    "execution_time (seconds/batch)": 0.19503678544260514,
    "num_batches": 160,
    "batch_size": 32,
    "device": "cpu",
    "throughput_bps": 26933996.005311895,
    "sample_persec": 164.0716130927869,
    "result_path": "result/Batches/run 1",
    "data_path": "101.pt"
}