{
    "total_cpu_time (seconds)": 40.54804929500176,
    "total_cpu_memory (MB)": 71518.213684,
    "execution_time (seconds/batch)": 0.25377226235870454,
    "num_batches": 160,
    "batch_size": 32,
    "device": "cpu",
    "throughput_bps": 20700134.645033695,
    "sample_persec": 126.09731143417211,
    "result_path": "result/Batches/run 1",
    "data_path": "128.pt"
}