{
    "total_cpu_time (seconds)": 28.600353098999605,
    "total_cpu_memory (MB)": 71518.20318,
    "execution_time (seconds/batch)": 0.17899692923293317,
    "num_batches": 160,
    "batch_size": 32,
    "device": "cpu",
    "throughput_bps": 29347542.5668559,
    "sample_persec": 178.7740166109643,
    "result_path": "result/Batches/run 1",
    "data_path": "129.pt"
}