{
    "total_cpu_time (seconds)": 2.504506367000004,
    "total_cpu_memory (MB)": 3357.528192,
    "execution_time (seconds/batch)": 0.33393418226666716,
    "num_batches": 8,
    "batch_size": 32,
    "device": "cpu",
    "throughput_bps": 15731004.128846737,
    "sample_persec": 95.82726686675643,
    "result_path": "result/Batches/run 1",
    "data_path": "130.pt"
}