{
    "total_cpu_time (seconds)": 29.292161702999607,
    "total_cpu_memory (MB)": 71518.202836,
    "execution_time (seconds/batch)": 0.18332665255153285,
    "num_batches": 160,
    "batch_size": 32,
    "device": "cpu",
    "throughput_bps": 28654426.00346044,
    "sample_persec": 174.55181532322393,
    "result_path": "result/Batches/run 1",
    "data_path": "102.pt"
}