{
    "total_cpu_time (seconds)": 29.43127661200099,
    "total_cpu_memory (MB)": 71518.200228,
    "execution_time (seconds/batch)": 0.18419731108625692,
    "num_batches": 160,
    "batch_size": 32,
    "device": "cpu",
    "throughput_bps": 28518983.089498196,
    "sample_persec": 173.72674883953582,
    "result_path": "result/Batches/run 1",
    "data_path": "18.pt"
}