{
    "total_cpu_time (seconds)": 29.749530286001182,
    "total_cpu_memory (MB)": 71518.21126,
    "execution_time (seconds/batch)": 0.1861891197246309,
    "num_batches": 160,
    "batch_size": 32,
    "device": "cpu",
    "throughput_bps": 28213893.52809248,
    "sample_persec": 171.868259795885,
    "result_path": "result/Batches/run 1",
    "data_path": "19.pt"
}