{
    "total_cpu_time (seconds)": 28.746900906999382,
    "total_cpu_memory (MB)": 71518.20446,
    "execution_time (seconds/batch)": 0.17991410698689228,
    "num_batches": 160,
    "batch_size": 32,
    "device": "cpu",
    "throughput_bps": 29197932.76901137,
    "sample_persec": 177.86265088335387,
    "result_path": "result/Batches/run 1",
    "data_path": "23.pt"
}