{
    "total_cpu_time (seconds)": 36.01342863299976,
    "total_cpu_memory (MB)": 71518.19966,
    "execution_time (seconds/batch)": 0.2253920821936226,
    "num_batches": 160,
    "batch_size": 32,
    "device": "cpu",
    "throughput_bps": 23306586.233527575,
    "sample_persec": 141.97481867402274,
    "result_path": "result/Batches/run 1",
    "data_path": "29.pt"
}