{
    "total_cpu_time (seconds)": 30.90453483999996,
    "total_cpu_memory (MB)": 71518.209388,
    "execution_time (seconds/batch)": 0.19341778112262836,
    "num_batches": 160,
    "batch_size": 32,
    "device": "cpu",
    "throughput_bps": 27159447.127921924,
    "sample_persec": 165.44497519445616,
    "result_path": "result/Batches/run 1",
    "data_path": "31.pt"
}