{
    "total_cpu_time (seconds)": 38.69115323199898,
    "total_cpu_memory (MB)": 71518.207324,
    "execution_time (seconds/batch)": 0.242150773210242,
    "num_batches": 160,
    "batch_size": 32,
    "device": "cpu",
    "throughput_bps": 21693591.68405007,
    "sample_persec": 132.1490721494278,
    "result_path": "result/Batches/run 1",
    "data_path": "33.pt"
}