{
    "total_cpu_time (seconds)": 29.12257776599942,
    "total_cpu_memory (MB)": 71518.20482,
    "execution_time (seconds/batch)": 0.1822653018799103,
    "num_batches": 160,
    "batch_size": 32,
    "device": "cpu",
    "throughput_bps": 28821283.841842476,
    "sample_persec": 175.56824952389422,
    "result_path": "result/Batches/run 1",
    "data_path": "36.pt"
}