{
    "total_cpu_time (seconds)": 44.93184295699988,
    "total_cpu_memory (MB)": 71517.796652,
    "execution_time (seconds/batch)": 0.28120848320438024,
    "num_batches": 160,
    "batch_size": 32,
    "device": "cpu",
    "throughput_bps": 18680517.52970081,
    "sample_persec": 113.79457559515599,
    "result_path": "result/Batches/run 1",
    "data_path": "39.pt"
}