{
    "total_cpu_time (seconds)": 29.84207977100037,
    "total_cpu_memory (MB)": 71518.207004,
    "execution_time (seconds/batch)": 0.18676834591668529,
    "num_batches": 160,
    "batch_size": 32,
    "device": "cpu",
    "throughput_bps": 28126393.550346814,
    "sample_persec": 171.33524336224912,
    "result_path": "result/Batches/run 1",
    "data_path": "4.pt"
}