{
    "total_cpu_time (seconds)": 43.52966801099997,
    "total_cpu_memory (MB)": 71518.220988,
    "execution_time (seconds/batch)": 0.27243289191316233,
    "num_batches": 160,
    "batch_size": 32,
    "device": "cpu",
    "throughput_bps": 19282253.193107188,
    "sample_persec": 117.46011935372313,
    "result_path": "result/Batches/run 1",
    "data_path": "42.pt"
}