{
    "total_cpu_time (seconds)": 29.431428701000222,
    "total_cpu_memory (MB)": 71518.235028,
    "execution_time (seconds/batch)": 0.18419826294386996,
    "num_batches": 160,
    "batch_size": 32,
    "device": "cpu",
    "throughput_bps": 28518835.7156265,
    "sample_persec": 173.725851094216,
    "result_path": "result/Batches/run 1",
    "data_path": "43.pt"
}