{
    "total_cpu_time (seconds)": 40.75445571200015,
    "total_cpu_memory (MB)": 71518.195028,
    "execution_time (seconds/batch)": 0.2550640686062986,
    "num_batches": 160,
    "batch_size": 32,
    "device": "cpu",
    "throughput_bps": 20595296.031713493,
    "sample_persec": 125.4586746571241,
    "result_path": "result/Batches/run 1",
    "data_path": "49.pt"
}