{
    "total_cpu_time (seconds)": 34.66996045999935,
    "total_cpu_memory (MB)": 71518.211724,
    "execution_time (seconds/batch)": 0.21698391056522184,
    "num_batches": 160,
    "batch_size": 32,
    "device": "cpu",
    "throughput_bps": 24209721.293694712,
    "sample_persec": 147.47637240311107,
    "result_path": "result/Batches/run 1",
    "data_path": "5.pt"
}