{
    "total_cpu_time (seconds)": 30.302810527000133,
    "total_cpu_memory (MB)": 71518.209228,
    "execution_time (seconds/batch)": 0.18965185543986002,
    "num_batches": 160,
    "batch_size": 32,
    "device": "cpu",
    "throughput_bps": 27698753.528229006,
    "sample_persec": 168.7302237343385,
    "result_path": "result/Batches/run 1",
    "data_path": "51.pt"
}