{
    "total_cpu_time (seconds)": 35.06313317700165,
    "total_cpu_memory (MB)": 71518.206924,
    "execution_time (seconds/batch)": 0.21944460427616916,
    "num_batches": 160,
    "batch_size": 32,
    "device": "cpu",
    "throughput_bps": 23938250.919074744,
    "sample_persec": 145.8226786006015,
    "result_path": "result/Batches/run 1",
    "data_path": "52.pt"
}