{
    "total_cpu_time (seconds)": 29.74650930199962,
    "total_cpu_memory (MB)": 71518.208452,
    "execution_time (seconds/batch)": 0.18617021272520787,
    "num_batches": 160,
    "batch_size": 32,
    "device": "cpu",
    "throughput_bps": 28216758.86331904,
    "sample_persec": 171.88571432333723,
    "result_path": "result/Batches/run 1",
    "data_path": "53.pt"
}