{
    "total_cpu_time (seconds)": 36.60448398100113,
    "total_cpu_memory (MB)": 71518.204796,
    "execution_time (seconds/batch)": 0.22909123555486724,
    "num_batches": 160,
    "batch_size": 32,
    "device": "cpu",
    "throughput_bps": 22930253.037732996,
    "sample_persec": 139.68234062946513,
    "result_path": "result/Batches/run 1",
    "data_path": "106.pt"
}