{
    "total_cpu_time (seconds)": 25.402029457999706,
    "total_cpu_memory (MB)": 71483.247092,
    "execution_time (seconds/batch)": 0.3179600792708745,
    "num_batches": 80,
    "batch_size": 64,
    "device": "cpu",
    "throughput_bps": 33042638.635932636,
    "sample_persec": 201.28313009218223,
    "result_path": "result/Batches/64/run 2",
    "data_path": "1.pt"
}