{
    "total_cpu_time (seconds)": 112.95703259800068,
    "total_cpu_memory (MB)": 71481.970548,
    "execution_time (seconds/batch)": 1.4138959683692633,
    "num_batches": 80,
    "batch_size": 64,
    "device": "cpu",
    "throughput_bps": 7430702.282939188,
    "sample_persec": 45.26499928691026,
    "result_path": "result/Batches/64/run 2",
    "data_path": "108.pt"
}