{
    "total_cpu_time (seconds)": 31.518791387999382,
    "total_cpu_memory (MB)": 71483.251652,
    "execution_time (seconds/batch)": 0.39452428101544307,
    "num_batches": 80,
    "batch_size": 64,
    "device": "cpu",
    "throughput_bps": 26630148.01765458,
    "sample_persec": 162.2206872420479,
    "result_path": "result/Batches/64/run 2",
    "data_path": "112.pt"
}