{
    "total_cpu_time (seconds)": 26.17278998200015,
    "total_cpu_memory (MB)": 71483.247196,
    "execution_time (seconds/batch)": 0.32760777603129465,
    "num_batches": 80,
    "batch_size": 64,
    "device": "cpu",
    "throughput_bps": 32069568.45553139,
    "sample_persec": 195.35555833047874,
    "result_path": "result/Batches/64/run 2",
    "data_path": "114.pt"
}