{
    "total_cpu_time (seconds)": 26.169795419999524,
    "total_cpu_memory (MB)": 71483.24286,
    "execution_time (seconds/batch)": 0.32757029275962635,
    "num_batches": 80,
    "batch_size": 64,
    "device": "cpu",
    "throughput_bps": 32073238.117809303,
    "sample_persec": 195.37791251102158,
    "result_path": "result/Batches/64/run 2",
    "data_path": "100.pt"
}