{
    "total_cpu_time (seconds)": 28.423683602000068,
    "total_cpu_memory (MB)": 71483.251652,
    "execution_time (seconds/batch)": 0.35578246636573524,
    "num_batches": 80,
    "batch_size": 64,
    "device": "cpu",
    "throughput_bps": 29529954.377234135,
    "sample_persec": 179.88519966638728,
    "result_path": "result/Batches/64/run 2",
    "data_path": "118.pt"
}