{
    "total_cpu_time (seconds)": 28.101674776000532,
    "total_cpu_memory (MB)": 71483.251436,
    "execution_time (seconds/batch)": 0.35175184542617527,
    "num_batches": 80,
    "batch_size": 64,
    "device": "cpu",
    "throughput_bps": 29868329.43909891,
    "sample_persec": 181.94645126156743,
    "result_path": "result/Batches/64/run 2",
    "data_path": "124.pt"
}