{
    "total_cpu_time (seconds)": 24.203260470000618,
    "total_cpu_memory (MB)": 71483.251676,
    "execution_time (seconds/batch)": 0.30295495209858,
    "num_batches": 80,
    "batch_size": 64,
    "device": "cpu",
    "throughput_bps": 34679215.26689989,
    "sample_persec": 211.25252964729464,
    "result_path": "result/Batches/64/run 2",
    "data_path": "126.pt"
}