{
    "total_cpu_time (seconds)": 26.27270197799964,
    "total_cpu_memory (MB)": 71483.247324,
    "execution_time (seconds/batch)": 0.3288583857993305,
    "num_batches": 80,
    "batch_size": 64,
    "device": "cpu",
    "throughput_bps": 31947611.658018995,
    "sample_persec": 194.6126441156128,
    "result_path": "result/Batches/64/run 2",
    "data_path": "128.pt"
}