{
    "total_cpu_time (seconds)": 24.790654796000258,
    "total_cpu_memory (MB)": 71483.238548,
    "execution_time (seconds/batch)": 0.3103074333940967,
    "num_batches": 80,
    "batch_size": 64,
    "device": "cpu",
    "throughput_bps": 33857519.57368312,
    "sample_persec": 206.24707342643225,
    "result_path": "result/Batches/64/run 2",
    "data_path": "14.pt"
}