{
    "total_cpu_time (seconds)": 22.53695367500003,
    "total_cpu_memory (MB)": 71483.243548,
    "execution_time (seconds/batch)": 0.28209760125171174,
    "num_batches": 80,
    "batch_size": 64,
    "device": "cpu",
    "throughput_bps": 37243280.17459968,
    "sample_persec": 226.871833422269,
    "result_path": "result/Batches/64/run 2",
    "data_path": "16.pt"
}