{
    "total_cpu_time (seconds)": 29.47506978099987,
    "total_cpu_memory (MB)": 71483.23854,
    "execution_time (seconds/batch)": 0.36894278622804455,
    "num_batches": 80,
    "batch_size": 64,
    "device": "cpu",
    "throughput_bps": 28476610.445246827,
    "sample_persec": 173.46863087991488,
    "result_path": "result/Batches/64/run 2",
    "data_path": "19.pt"
}