{
    "total_cpu_time (seconds)": 26.038805610000214,
    "total_cpu_memory (MB)": 71483.251572,
    "execution_time (seconds/batch)": 0.3259306784744795,
    "num_batches": 80,
    "batch_size": 64,
    "device": "cpu",
    "throughput_bps": 32234584.51095957,
    "sample_persec": 196.36077309307728,
    "result_path": "result/Batches/64/run 2",
    "data_path": "2.pt"
}