{
    "total_cpu_time (seconds)": 27.977084478998943,
    "total_cpu_memory (MB)": 71483.24274,
    "execution_time (seconds/batch)": 0.35019233456990656,
    "num_batches": 80,
    "batch_size": 64,
    "device": "cpu",
    "throughput_bps": 30001342.013677653,
    "sample_persec": 182.75671304628202,
    "result_path": "result/Batches/64/run 2",
    "data_path": "23.pt"
}