{
    "total_cpu_time (seconds)": 25.407956751999023,
    "total_cpu_memory (MB)": 71483.251668,
    "execution_time (seconds/batch)": 0.3180342718810752,
    "num_batches": 80,
    "batch_size": 64,
    "device": "cpu",
    "throughput_bps": 33034930.28552807,
    "sample_persec": 201.23617376661838,
    "result_path": "result/Batches/64/run 2",
    "data_path": "26.pt"
}