{
    "total_cpu_time (seconds)": 24.136373973999536,
    "total_cpu_memory (MB)": 71483.25162,
    "execution_time (seconds/batch)": 0.3021177262538569,
    "num_batches": 80,
    "batch_size": 64,
    "device": "cpu",
    "throughput_bps": 34775317.98704206,
    "sample_persec": 211.8379507007923,
    "result_path": "result/Batches/64/run 2",
    "data_path": "103.pt"
}