{
    "total_cpu_time (seconds)": 29.716224359000105,
    "total_cpu_memory (MB)": 71483.24726,
    "execution_time (seconds/batch)": 0.3719613453894009,
    "num_batches": 80,
    "batch_size": 64,
    "device": "cpu",
    "throughput_bps": 28245515.643570896,
    "sample_persec": 172.06088964163558,
    "result_path": "result/Batches/64/run 2",
    "data_path": "34.pt"
}