{
    "total_cpu_time (seconds)": 28.784366431999892,
    "total_cpu_memory (MB)": 71483.251676,
    "execution_time (seconds/batch)": 0.3602971741928404,
    "num_batches": 80,
    "batch_size": 64,
    "device": "cpu",
    "throughput_bps": 29159928.949031353,
    "sample_persec": 177.6311461320136,
    "result_path": "result/Batches/64/run 2",
    "data_path": "35.pt"
}