{
    "total_cpu_time (seconds)": 25.25904601899978,
    "total_cpu_memory (MB)": 71483.251612,
    "execution_time (seconds/batch)": 0.31617033937335925,
    "num_batches": 80,
    "batch_size": 64,
    "device": "cpu",
    "throughput_bps": 33229682.52121016,
    "sample_persec": 202.42252997813205,
    "result_path": "result/Batches/64/run 2",
    "data_path": "105.pt"
}