{
    "total_cpu_time (seconds)": 25.967400071000274,
    "total_cpu_memory (MB)": 71483.251612,
    "execution_time (seconds/batch)": 0.3250368872567998,
    "num_batches": 80,
    "batch_size": 64,
    "device": "cpu",
    "throughput_bps": 32323223.64599622,
    "sample_persec": 196.90072883769628,
    "result_path": "result/Batches/64/run 2",
    "data_path": "45.pt"
}