{
    "total_cpu_time (seconds)": 37.809858728999835,
    "total_cpu_memory (MB)": 71483.247188,
    "execution_time (seconds/batch)": 0.47327028332798543,
    "num_batches": 80,
    "batch_size": 64,
    "device": "cpu",
    "throughput_bps": 22199238.72278914,
    "sample_persec": 135.22928071874475,
    "result_path": "result/Batches/64/run 2",
    "data_path": "5.pt"
}