{
    "total_cpu_time (seconds)": 30.627893637000117,
    "total_cpu_memory (MB)": 71483.24278,
    "execution_time (seconds/batch)": 0.3833728129802479,
    "num_batches": 80,
    "batch_size": 64,
    "device": "cpu",
    "throughput_bps": 27404760.18194149,
    "sample_persec": 166.93932859369818,
    "result_path": "result/Batches/64/run 2",
    "data_path": "51.pt"
}