{
    "total_cpu_time (seconds)": 24.881391610999245,
    "total_cpu_memory (MB)": 71483.251684,
    "execution_time (seconds/batch)": 0.3114431963825448,
    "num_batches": 80,
    "batch_size": 64,
    "device": "cpu",
    "throughput_bps": 33734048.84753114,
    "sample_persec": 205.49493693671502,
    "result_path": "result/Batches/64/run 2",
    "data_path": "52.pt"
}