{
    "total_cpu_time (seconds)": 30.09871851899995,
    "total_cpu_memory (MB)": 71460.43438,
    "execution_time (seconds/batch)": 1.5069962724161914,
    "num_batches": 20,
    "batch_size": 256,
    "device": "cpu",
    "throughput_bps": 27886571.963858083,
    "sample_persec": 169.8743418851004,
    "result_path": "result/2GB/Batches/256/run 2",
    "data_path": "10.pt"
}