{
    "total_cpu_time (seconds)": 20.161799535999982,
    "total_cpu_memory (MB)": 71460.480316,
    "execution_time (seconds/batch)": 1.009470111718364,
    "num_batches": 20,
    "batch_size": 256,
    "device": "cpu",
    "throughput_bps": 41630712.50169386,
    "sample_persec": 253.59839486899284,
    "result_path": "result/2GB/Batches/256/run 2",
    "data_path": "109.pt"
}