{
    "total_cpu_time (seconds)": 20.67929562500006,
    "total_cpu_memory (MB)": 71460.480308,
    "execution_time (seconds/batch)": 1.0353803403090192,
    "num_batches": 20,
    "batch_size": 256,
    "device": "cpu",
    "throughput_bps": 40588910.532584816,
    "sample_persec": 247.25213531058003,
    "result_path": "result/2GB/Batches/256/run 2",
    "data_path": "11.pt"
}