{
    "total_cpu_time (seconds)": 23.88966436199985,
    "total_cpu_memory (MB)": 71460.480316,
    "execution_time (seconds/batch)": 1.1961185364114926,
    "num_batches": 20,
    "batch_size": 256,
    "device": "cpu",
    "throughput_bps": 35134444.2216239,
    "sample_persec": 214.0256105118415,
    "result_path": "result/2GB/Batches/256/run 2",
    "data_path": "110.pt"
}