{
    "total_cpu_time (seconds)": 30.16893624900017,
    "total_cpu_memory (MB)": 71460.480308,
    "execution_time (seconds/batch)": 1.5105119655278785,
    "num_batches": 20,
    "batch_size": 256,
    "device": "cpu",
    "throughput_bps": 27821666.401241343,
    "sample_persec": 169.4789619958659,
    "result_path": "result/2GB/Batches/256/run 2",
    "data_path": "112.pt"
}