{
    "total_cpu_time (seconds)": 20.78313483600001,
    "total_cpu_memory (MB)": 71460.459828,
    "execution_time (seconds/batch)": 1.040579408960689,
    "num_batches": 20,
    "batch_size": 256,
    "device": "cpu",
    "throughput_bps": 40386115.3104824,
    "sample_persec": 246.01678429874752,
    "result_path": "result/2GB/Batches/256/run 2",
    "data_path": "113.pt"
}