{
    "total_cpu_time (seconds)": 22.08659784100027,
    "total_cpu_memory (MB)": 71460.480316,
    "execution_time (seconds/batch)": 1.1058417851156013,
    "num_batches": 20,
    "batch_size": 256,
    "device": "cpu",
    "throughput_bps": 38002687.69515419,
    "sample_persec": 231.49785389348312,
    "result_path": "result/2GB/Batches/256/run 2",
    "data_path": "114.pt"
}