{
    "total_cpu_time (seconds)": 20.70702595500015,
    "total_cpu_memory (MB)": 71460.480316,
    "execution_time (seconds/batch)": 1.0367687550322782,
    "num_batches": 20,
    "batch_size": 256,
    "device": "cpu",
    "throughput_bps": 40534554.88122963,
    "sample_persec": 246.92102144998555,
    "result_path": "result/2GB/Batches/256/run 2",
    "data_path": "115.pt"
}