{
    "total_cpu_time (seconds)": 22.3261902949999,
    "total_cpu_memory (MB)": 71460.480316,
    "execution_time (seconds/batch)": 1.11783780862898,
    "num_batches": 20,
    "batch_size": 256,
    "device": "cpu",
    "throughput_bps": 37594863.651591204,
    "sample_persec": 229.01354563591133,
    "result_path": "result/2GB/Batches/256/run 2",
    "data_path": "101.pt"
}