{
    "total_cpu_time (seconds)": 27.633809496000104,
    "total_cpu_memory (MB)": 71460.480316,
    "execution_time (seconds/batch)": 1.383582090939962,
    "num_batches": 20,
    "batch_size": 256,
    "device": "cpu",
    "throughput_bps": 30374027.154001076,
    "sample_persec": 185.02696853070833,
    "result_path": "result/2GB/Batches/256/run 2",
    "data_path": "102.pt"
}