{
    "total_cpu_time (seconds)": 51.13015547300024,
    "total_cpu_memory (MB)": 71460.480332,
    "execution_time (seconds/batch)": 2.5600077842925995,
    "num_batches": 20,
    "batch_size": 256,
    "device": "cpu",
    "throughput_bps": 16415950.08337549,
    "sample_persec": 99.99969592699495,
    "result_path": "result/2GB/Batches/256/run 2",
    "data_path": "105.pt"
}