{
    "total_cpu_time (seconds)": 21.48644865600003,
    "total_cpu_memory (MB)": 71460.480308,
    "execution_time (seconds/batch)": 1.0757932438756126,
    "num_batches": 20,
    "batch_size": 256,
    "device": "cpu",
    "throughput_bps": 39064160.55245192,
    "sample_persec": 237.96394098715842,
    "result_path": "result/2GB/Batches/256/run 2",
    "data_path": "106.pt"
}