{
    "total_cpu_time (seconds)": 30.51601038900024,
    "total_cpu_memory (MB)": 71460.480308,
    "execution_time (seconds/batch)": 1.5278894307811581,
    "num_batches": 20,
    "batch_size": 256,
    "device": "cpu",
    "throughput_bps": 27505236.408706658,
    "sample_persec": 167.5513913785737,
    "result_path": "result/2GB/Batches/256/run 2",
    "data_path": "107.pt"
}