{
    "total_cpu_time (seconds)": 24.08826487299999,
    "total_cpu_memory (MB)": 71461.283356,
    "execution_time (seconds/batch)": 2.4121243135098758,
    "num_batches": 10,
    "batch_size": 512,
    "device": "cpu",
    "throughput_bps": 34844771.278682224,
    "sample_persec": 212.26103361770362,
    "result_path": "result/4GB/run 1",
    "data_path": "1.pt"
}