{
    "total_cpu_time (seconds)": 21.482745002999973,
    "total_cpu_memory (MB)": 71461.283356,
    "execution_time (seconds/batch)": 2.1512156153991757,
    "num_batches": 10,
    "batch_size": 512,
    "device": "cpu",
    "throughput_bps": 39070895.26421267,
    "sample_persec": 238.0049662780986,
    "result_path": "result/4GB/run 1",
    "data_path": "2.pt"
}