{
    "total_cpu_time (seconds)": 22.056063764,
    "total_cpu_memory (MB)": 71461.283356,
    "execution_time (seconds/batch)": 2.208625982235087,
    "num_batches": 10,
    "batch_size": 512,
    "device": "cpu",
    "throughput_bps": 38055298.03418463,
    "sample_persec": 231.81833597822018,
    "result_path": "result/4GB/run 1",
    "data_path": "11.pt"
}