{
    "total_cpu_time (seconds)": 24.297356659000023,
    "total_cpu_memory (MB)": 71461.283356,
    "execution_time (seconds/batch)": 2.433062118014475,
    "num_batches": 10,
    "batch_size": 512,
    "device": "cpu",
    "throughput_bps": 34544913.33274704,
    "sample_persec": 210.43441357667544,
    "result_path": "result/4GB/run 1",
    "data_path": "14.pt"
}