{
    "total_cpu_time (seconds)": 22.618867422000026,
    "total_cpu_memory (MB)": 71461.283364,
    "execution_time (seconds/batch)": 2.264983399191084,
    "num_batches": 10,
    "batch_size": 512,
    "device": "cpu",
    "throughput_bps": 37108404.42804904,
    "sample_persec": 226.05022190575684,
    "result_path": "result/4GB/run 1",
    "data_path": "15.pt"
}