{
    "total_cpu_time (seconds)": 89.95408687500023,
    "total_cpu_memory (MB)": 71460.164932,
    "execution_time (seconds/batch)": 9.007723935067498,
    "num_batches": 10,
    "batch_size": 512,
    "device": "cpu",
    "throughput_bps": 9330872.105525976,
    "sample_persec": 56.840107855299564,
    "result_path": "result/4GB/run 1",
    "data_path": "16.pt"
}