{
    "total_cpu_time (seconds)": 21.750704711999923,
    "total_cpu_memory (MB)": 71461.283356,
    "execution_time (seconds/batch)": 2.178048271571281,
    "num_batches": 10,
    "batch_size": 512,
    "device": "cpu",
    "throughput_bps": 38589557.95289374,
    "sample_persec": 235.07284328029814,
    "result_path": "result/4GB/run 1",
    "data_path": "17.pt"
}