{
    "total_cpu_time (seconds)": 22.29919650199992,
    "total_cpu_memory (MB)": 71461.283364,
    "execution_time (seconds/batch)": 2.232972542347733,
    "num_batches": 10,
    "batch_size": 512,
    "device": "cpu",
    "throughput_bps": 37640373.27195723,
    "sample_persec": 229.29077285548996,
    "result_path": "result/4GB/run 1",
    "data_path": "18.pt"
}