{
    "total_cpu_time (seconds)": 22.652571889999958,
    "total_cpu_memory (MB)": 71461.283364,
    "execution_time (seconds/batch)": 2.2683584603324816,
    "num_batches": 10,
    "batch_size": 512,
    "device": "cpu",
    "throughput_bps": 37053191.31425132,
    "sample_persec": 225.7138847115699,
    "result_path": "result/4GB/run 1",
    "data_path": "19.pt"
}