{
    "total_cpu_time (seconds)": 21.51913020300003,
    "total_cpu_memory (MB)": 71461.283356,
    "execution_time (seconds/batch)": 2.154859116748683,
    "num_batches": 10,
    "batch_size": 512,
    "device": "cpu",
    "throughput_bps": 39004833.00588907,
    "sample_persec": 237.60254024055232,
    "result_path": "result/4GB/run 1",
    "data_path": "20.pt"
}