{
    "total_cpu_time (seconds)": 28.945110473000017,
    "total_cpu_memory (MB)": 71461.283356,
    "execution_time (seconds/batch)": 2.8984738044545293,
    "num_batches": 10,
    "batch_size": 512,
    "device": "cpu",
    "throughput_bps": 28997991.933143433,
    "sample_persec": 176.64468770189714,
    "result_path": "result/4GB/run 1",
    "data_path": "3.pt"
}