{
    "total_cpu_time (seconds)": 92.36217899999959,
    "total_cpu_memory (MB)": 71461.107348,
    "execution_time (seconds/batch)": 9.24886282964987,
    "num_batches": 10,
    "batch_size": 512,
    "device": "cpu",
    "throughput_bps": 9087595.042555284,
    "sample_persec": 55.358156935643784,
    "result_path": "result/4GB/run 1",
    "data_path": "22.pt"
}