{
    "total_cpu_time (seconds)": 92.48287061799986,
    "total_cpu_memory (MB)": 71459.79676,
    "execution_time (seconds/batch)": 9.26094851484763,
    "num_batches": 10,
    "batch_size": 512,
    "device": "cpu",
    "throughput_bps": 9075735.586397747,
    "sample_persec": 55.285913659830335,
    "result_path": "result/4GB/run 1",
    "data_path": "24.pt"
}