{
    "total_cpu_time (seconds)": 25.269859356999962,
    "total_cpu_memory (MB)": 71461.283356,
    "execution_time (seconds/batch)": 2.530445529196945,
    "num_batches": 10,
    "batch_size": 512,
    "device": "cpu",
    "throughput_bps": 33215463.059848532,
    "sample_persec": 202.3359104522937,
    "result_path": "result/4GB/run 1",
    "data_path": "25.pt"
}