{
    "total_cpu_time (seconds)": 26.846890095000365,
    "total_cpu_memory (MB)": 71461.283356,
    "execution_time (seconds/batch)": 2.6883645078506135,
    "num_batches": 10,
    "batch_size": 512,
    "device": "cpu",
    "throughput_bps": 31264331.81012315,
    "sample_persec": 190.4503643404188,
    "result_path": "result/4GB/run 1",
    "data_path": "27.pt"
}