{
    "total_cpu_time (seconds)": 26.971835545000133,
    "total_cpu_memory (MB)": 71461.283356,
    "execution_time (seconds/batch)": 2.7008761586231307,
    "num_batches": 10,
    "batch_size": 512,
    "device": "cpu",
    "throughput_bps": 31119501.622335576,
    "sample_persec": 189.56811417114753,
    "result_path": "result/4GB/run 1",
    "data_path": "29.pt"
}