{
    "total_cpu_time (seconds)": 21.697290564000028,
    "total_cpu_memory (MB)": 71461.283364,
    "execution_time (seconds/batch)": 2.1726995440578944,
    "num_batches": 10,
    "batch_size": 512,
    "device": "cpu",
    "throughput_bps": 38684557.29641391,
    "sample_persec": 235.65154298497754,
    "result_path": "result/4GB/run 1",
    "data_path": "4.pt"
}