{
    "total_cpu_time (seconds)": 26.342119662999906,
    "total_cpu_memory (MB)": 71461.28334,
    "execution_time (seconds/batch)": 2.6378183585871215,
    "num_batches": 10,
    "batch_size": 512,
    "device": "cpu",
    "throughput_bps": 31863422.182344332,
    "sample_persec": 194.09979399576227,
    "result_path": "result/4GB/run 1",
    "data_path": "31.pt"
}