{
    "total_cpu_time (seconds)": 27.649655598999967,
    "total_cpu_memory (MB)": 71461.283356,
    "execution_time (seconds/batch)": 2.7687509616053165,
    "num_batches": 10,
    "batch_size": 512,
    "device": "cpu",
    "throughput_bps": 30356619.70525078,
    "sample_persec": 184.92092900372066,
    "result_path": "result/4GB/run 1",
    "data_path": "32.pt"
}