{
    "total_cpu_time (seconds)": 95.00794261700008,
    "total_cpu_memory (MB)": 71459.041388,
    "execution_time (seconds/batch)": 9.51380141206807,
    "num_batches": 10,
    "batch_size": 512,
    "device": "cpu",
    "throughput_bps": 8834525.376300616,
    "sample_persec": 53.816553218205506,
    "result_path": "result/4GB/run 1",
    "data_path": "34.pt"
}