{
    "total_cpu_time (seconds)": 25.06897315199989,
    "total_cpu_memory (MB)": 71461.283356,
    "execution_time (seconds/batch)": 2.510329406185008,
    "num_batches": 10,
    "batch_size": 512,
    "device": "cpu",
    "throughput_bps": 33481629.858183496,
    "sample_persec": 203.95729689439264,
    "result_path": "result/4GB/run 1",
    "data_path": "36.pt"
}