{
    "total_cpu_time (seconds)": 25.110323400999885,
    "total_cpu_memory (MB)": 71461.283356,
    "execution_time (seconds/batch)": 2.5144700921791396,
    "num_batches": 10,
    "batch_size": 512,
    "device": "cpu",
    "throughput_bps": 33426494.218970407,
    "sample_persec": 203.6214316457749,
    "result_path": "result/4GB/run 1",
    "data_path": "37.pt"
}