{
    "total_cpu_time (seconds)": 25.51350149899988,
    "total_cpu_memory (MB)": 71461.283356,
    "execution_time (seconds/batch)": 2.554843099450017,
    "num_batches": 10,
    "batch_size": 512,
    "device": "cpu",
    "throughput_bps": 32898270.746291026,
    "sample_persec": 200.40369606658763,
    "result_path": "result/4GB/run 1",
    "data_path": "38.pt"
}