{
    "total_cpu_time (seconds)": 27.063374751000058,
    "total_cpu_memory (MB)": 71461.283364,
    "execution_time (seconds/batch)": 2.7100426114828924,
    "num_batches": 10,
    "batch_size": 512,
    "device": "cpu",
    "throughput_bps": 31014242.965725623,
    "sample_persec": 188.92691865086272,
    "result_path": "result/4GB/run 1",
    "data_path": "39.pt"
}