{
    "total_cpu_time (seconds)": 26.28487419699975,
    "total_cpu_memory (MB)": 71461.28334,
    "execution_time (seconds/batch)": 2.6320859747435694,
    "num_batches": 10,
    "batch_size": 512,
    "device": "cpu",
    "throughput_bps": 31932817.091276262,
    "sample_persec": 194.52252126752109,
    "result_path": "result/4GB/run 1",
    "data_path": "40.pt"
}