{
    "total_cpu_time (seconds)": 26.105740272000013,
    "total_cpu_memory (MB)": 71461.283356,
    "execution_time (seconds/batch)": 2.614148057747703,
    "num_batches": 10,
    "batch_size": 512,
    "device": "cpu",
    "throughput_bps": 32151935.599399716,
    "sample_persec": 195.85730750121658,
    "result_path": "result/4GB/run 1",
    "data_path": "5.pt"
}