{
    "total_cpu_time (seconds)": 22.27567762600016,
    "total_cpu_memory (MB)": 71461.283364,
    "execution_time (seconds/batch)": 2.230617434874258,
    "num_batches": 10,
    "batch_size": 512,
    "device": "cpu",
    "throughput_bps": 37680114.3423045,
    "sample_persec": 229.53286027232272,
    "result_path": "result/4GB/run 1",
    "data_path": "6.pt"
}