{
    "total_cpu_time (seconds)": 22.033714304999926,
    "total_cpu_memory (MB)": 71461.283356,
    "execution_time (seconds/batch)": 2.206387976561698,
    "num_batches": 10,
    "batch_size": 512,
    "device": "cpu",
    "throughput_bps": 38093898.66734967,
    "sample_persec": 232.05347628746142,
    "result_path": "result/4GB/run 1",
    "data_path": "7.pt"
}