{
    "total_cpu_time (seconds)": 23.613063767999957,
    "total_cpu_memory (MB)": 71461.283348,
    "execution_time (seconds/batch)": 2.3645391451625226,
    "num_batches": 10,
    "batch_size": 512,
    "device": "cpu",
    "throughput_bps": 35546004.88300352,
    "sample_persec": 216.53268081751656,
    "result_path": "result/4GB/run 1",
    "data_path": "9.pt"
}