{
    "total_cpu_time (seconds)": 20.403281922000048,
    "total_cpu_memory (MB)": 71461.283356,
    "execution_time (seconds/batch)": 2.0431215224064196,
    "num_batches": 10,
    "batch_size": 512,
    "device": "cpu",
    "throughput_bps": 41137993.54480135,
    "sample_persec": 250.596939234901,
    "result_path": "result/4GB/run 1",
    "data_path": "10.pt"
}