{
    "total_cpu_time (seconds)": 24.386710639999897,
    "total_cpu_memory (MB)": 71461.283356,
    "execution_time (seconds/batch)": 2.4420097492039794,
    "num_batches": 10,
    "batch_size": 512,
    "device": "cpu",
    "throughput_bps": 34418339.25003686,
    "sample_persec": 209.66337262449355,
    "result_path": "result/6GB/run 1",
    "data_path": "2.pt"
}