{
    "total_cpu_time (seconds)": 22.890397654999873,
    "total_cpu_memory (MB)": 71461.283364,
    "execution_time (seconds/batch)": 2.2921735965890737,
    "num_batches": 10,
    "batch_size": 512,
    "device": "cpu",
    "throughput_bps": 36668217.505459696,
    "sample_persec": 223.36877135392118,
    "result_path": "result/6GB/run 1",
    "data_path": "11.pt"
}