{
    "total_cpu_time (seconds)": 21.79562470499974,
    "total_cpu_memory (MB)": 71461.283292,
    "execution_time (seconds/batch)": 2.1825464206845036,
    "num_batches": 10,
    "batch_size": 512,
    "device": "cpu",
    "throughput_bps": 38510026.271807656,
    "sample_persec": 234.588366665495,
    "result_path": "result/6GB/run 1",
    "data_path": "12.pt"
}