{
    "total_cpu_time (seconds)": 20.360809170000017,
    "total_cpu_memory (MB)": 71461.283356,
    "execution_time (seconds/batch)": 2.0388684324349713,
    "num_batches": 10,
    "batch_size": 512,
    "device": "cpu",
    "throughput_bps": 41223807.60960687,
    "sample_persec": 251.119685731036,
    "result_path": "result/6GB/run 1",
    "data_path": "13.pt"
}