{
    "total_cpu_time (seconds)": 22.39689185699988,
    "total_cpu_memory (MB)": 71461.283356,
    "execution_time (seconds/batch)": 2.242755452920778,
    "num_batches": 10,
    "batch_size": 512,
    "device": "cpu",
    "throughput_bps": 37476185.77430739,
    "sample_persec": 228.2906053503131,
    "result_path": "result/6GB/run 1",
    "data_path": "14.pt"
}