{
    "total_cpu_time (seconds)": 21.029583027000026,
    "total_cpu_memory (MB)": 71461.283356,
    "execution_time (seconds/batch)": 2.105837377239197,
    "num_batches": 10,
    "batch_size": 512,
    "device": "cpu",
    "throughput_bps": 39912825.609635375,
    "sample_persec": 243.13368426922133,
    "result_path": "result/6GB/run 1",
    "data_path": "16.pt"
}