{
    "total_cpu_time (seconds)": 22.373093284000046,
    "total_cpu_memory (MB)": 71461.283356,
    "execution_time (seconds/batch)": 2.2403723374551188,
    "num_batches": 10,
    "batch_size": 512,
    "device": "cpu",
    "throughput_bps": 37516049.71853647,
    "sample_persec": 228.53344126788784,
    "result_path": "result/6GB/run 1",
    "data_path": "17.pt"
}