{
    "total_cpu_time (seconds)": 20.311546242000006,
    "total_cpu_memory (MB)": 71461.283356,
    "execution_time (seconds/batch)": 2.0339353952481916,
    "num_batches": 10,
    "batch_size": 512,
    "device": "cpu",
    "throughput_bps": 41323790.41948075,
    "sample_persec": 251.72874280872776,
    "result_path": "result/6GB/run 1",
    "data_path": "20.pt"
}