{
    "total_cpu_time (seconds)": 29.161822346999912,
    "total_cpu_memory (MB)": 71461.283324,
    "execution_time (seconds/batch)": 2.9201746609943195,
    "num_batches": 10,
    "batch_size": 512,
    "device": "cpu",
    "throughput_bps": 28782497.541219335,
    "sample_persec": 175.33197819943553,
    "result_path": "result/6GB/run 1",
    "data_path": "3.pt"
}