{
    "total_cpu_time (seconds)": 29.761527348000143,
    "total_cpu_memory (MB)": 71461.117404,
    "execution_time (seconds/batch)": 2.9802272642628735,
    "num_batches": 10,
    "batch_size": 512,
    "device": "cpu",
    "throughput_bps": 28202520.327183444,
    "sample_persec": 171.79897860126366,
    "result_path": "result/6GB/run 1",
    "data_path": "22.pt"
}