{
    "total_cpu_time (seconds)": 21.638380238000067,
    "total_cpu_memory (MB)": 71461.283356,
    "execution_time (seconds/batch)": 2.1668004462851624,
    "num_batches": 10,
    "batch_size": 512,
    "device": "cpu",
    "throughput_bps": 38789875.71010432,
    "sample_persec": 236.29310252256525,
    "result_path": "result/6GB/run 1",
    "data_path": "23.pt"
}