{
    "total_cpu_time (seconds)": 21.223062733000074,
    "total_cpu_memory (MB)": 71461.283364,
    "execution_time (seconds/batch)": 2.1252118363575274,
    "num_batches": 10,
    "batch_size": 512,
    "device": "cpu",
    "throughput_bps": 39548960.98454637,
    "sample_persec": 240.9171599935817,
    "result_path": "result/6GB/run 1",
    "data_path": "24.pt"
}