{
    "total_cpu_time (seconds)": 21.963461450999926,
    "total_cpu_memory (MB)": 71461.283356,
    "execution_time (seconds/batch)": 2.199353073129662,
    "num_batches": 10,
    "batch_size": 512,
    "device": "cpu",
    "throughput_bps": 38215746.72428453,
    "sample_persec": 232.79572809627516,
    "result_path": "result/6GB/run 1",
    "data_path": "25.pt"
}