{
    "total_cpu_time (seconds)": 21.80412102399996,
    "total_cpu_memory (MB)": 71461.283356,
    "execution_time (seconds/batch)": 2.1833972157809467,
    "num_batches": 10,
    "batch_size": 512,
    "device": "cpu",
    "throughput_bps": 38495020.233841166,
    "sample_persec": 234.49695561550416,
    "result_path": "result/6GB/run 1",
    "data_path": "26.pt"
}