{
    "total_cpu_time (seconds)": 19.60004215499996,
    "total_cpu_memory (MB)": 71461.283364,
    "execution_time (seconds/batch)": 1.9626875774222532,
    "num_batches": 10,
    "batch_size": 512,
    "device": "cpu",
    "throughput_bps": 42823891.56932921,
    "sample_persec": 260.8667858755434,
    "result_path": "result/6GB/run 1",
    "data_path": "28.pt"
}