{
    "total_cpu_time (seconds)": 20.92259894399971,
    "total_cpu_memory (MB)": 71461.283348,
    "execution_time (seconds/batch)": 2.095124322184207,
    "num_batches": 10,
    "batch_size": 512,
    "device": "cpu",
    "throughput_bps": 40116912.92494583,
    "sample_persec": 244.37690621921195,
    "result_path": "result/6GB/run 1",
    "data_path": "29.pt"
}