{
    "total_cpu_time (seconds)": 20.987294920999968,
    "total_cpu_memory (MB)": 71461.283364,
    "execution_time (seconds/batch)": 2.1016027771468773,
    "num_batches": 10,
    "batch_size": 512,
    "device": "cpu",
    "throughput_bps": 39993247.493755996,
    "sample_persec": 243.62358366079434,
    "result_path": "result/6GB/run 1",
    "data_path": "30.pt"
}