{
    "total_cpu_time (seconds)": 21.435769827000016,
    "total_cpu_memory (MB)": 71461.283364,
    "execution_time (seconds/batch)": 2.1465116666192077,
    "num_batches": 10,
    "batch_size": 512,
    "device": "cpu",
    "throughput_bps": 39156516.73693442,
    "sample_persec": 238.52653957684225,
    "result_path": "result/6GB/run 1",
    "data_path": "31.pt"
}