{
    "total_cpu_time (seconds)": 21.050992614000055,
    "total_cpu_memory (MB)": 71461.283356,
    "execution_time (seconds/batch)": 2.107981267038535,
    "num_batches": 10,
    "batch_size": 512,
    "device": "cpu",
    "throughput_bps": 39872232.886623435,
    "sample_persec": 242.88640890974312,
    "result_path": "result/6GB/run 1",
    "data_path": "32.pt"
}