{
    "total_cpu_time (seconds)": 20.135966147000186,
    "total_cpu_memory (MB)": 71461.24854,
    "execution_time (seconds/batch)": 2.016353347792704,
    "num_batches": 10,
    "batch_size": 512,
    "device": "cpu",
    "throughput_bps": 41684122.52347001,
    "sample_persec": 253.92374831548491,
    "result_path": "result/6GB/run 1",
    "data_path": "33.pt"
}