{
    "total_cpu_time (seconds)": 20.766662751000155,
    "total_cpu_memory (MB)": 71461.283356,
    "execution_time (seconds/batch)": 2.0795093542953413,
    "num_batches": 10,
    "batch_size": 512,
    "device": "cpu",
    "throughput_bps": 40418149.51512012,
    "sample_persec": 246.21192443421126,
    "result_path": "result/6GB/run 1",
    "data_path": "34.pt"
}