{
    "total_cpu_time (seconds)": 21.720235125000073,
    "total_cpu_memory (MB)": 71461.283356,
    "execution_time (seconds/batch)": 2.174997141404271,
    "num_batches": 10,
    "batch_size": 512,
    "device": "cpu",
    "throughput_bps": 38643692.16859466,
    "sample_persec": 235.4026082394899,
    "result_path": "result/6GB/run 1",
    "data_path": "35.pt"
}