{
    "total_cpu_time (seconds)": 20.01358000100015,
    "total_cpu_memory (MB)": 71461.283356,
    "execution_time (seconds/batch)": 2.004097977804044,
    "num_batches": 10,
    "batch_size": 512,
    "device": "cpu",
    "throughput_bps": 41939027.39829929,
    "sample_persec": 255.47653142238846,
    "result_path": "result/6GB/run 1",
    "data_path": "38.pt"
}