{
    "total_cpu_time (seconds)": 20.363085604999934,
    "total_cpu_memory (MB)": 71461.283356,
    "execution_time (seconds/batch)": 2.039096387592405,
    "num_batches": 10,
    "batch_size": 512,
    "device": "cpu",
    "throughput_bps": 41219199.10771807,
    "sample_persec": 251.0916124982826,
    "result_path": "result/6GB/run 1",
    "data_path": "39.pt"
}