{
    "total_cpu_time (seconds)": 24.44287251000001,
    "total_cpu_memory (MB)": 71461.283356,
    "execution_time (seconds/batch)": 2.447633625096813,
    "num_batches": 10,
    "batch_size": 512,
    "device": "cpu",
    "throughput_bps": 34339256.96157876,
    "sample_persec": 209.1816335378823,
    "result_path": "result/6GB/run 1",
    "data_path": "40.pt"
}