{
    "total_cpu_time (seconds)": 23.374130751999925,
    "total_cpu_memory (MB)": 71461.283356,
    "execution_time (seconds/batch)": 2.3406131322166948,
    "num_batches": 10,
    "batch_size": 512,
    "device": "cpu",
    "throughput_bps": 35909360.17709167,
    "sample_persec": 218.74610244329725,
    "result_path": "result/6GB/run 1",
    "data_path": "5.pt"
}