{
    "total_cpu_time (seconds)": 81.52435685900022,
    "total_cpu_memory (MB)": 71460.160564,
    "execution_time (seconds/batch)": 8.16359685347313,
    "num_batches": 10,
    "batch_size": 512,
    "device": "cpu",
    "throughput_bps": 10295697.044892866,
    "sample_persec": 62.7174527588503,
    "result_path": "result/6GB/run 1",
    "data_path": "41.pt"
}