{
    "total_cpu_time (seconds)": 24.472967088000107,
    "total_cpu_memory (MB)": 71461.283372,
    "execution_time (seconds/batch)": 2.4506472030228936,
    "num_batches": 10,
    "batch_size": 512,
    "device": "cpu",
    "throughput_bps": 34297029.73823557,
    "sample_persec": 208.9244014268736,
    "result_path": "result/6GB/run 1",
    "data_path": "43.pt"
}