{
    "total_cpu_time (seconds)": 20.050487186999867,
    "total_cpu_memory (MB)": 71461.283324,
    "execution_time (seconds/batch)": 2.0077937492164937,
    "num_batches": 10,
    "batch_size": 512,
    "device": "cpu",
    "throughput_bps": 41861829.698792025,
    "sample_persec": 255.00627253162784,
    "result_path": "result/6GB/run 1",
    "data_path": "44.pt"
}