{
    "total_cpu_time (seconds)": 88.43000548299983,
    "total_cpu_memory (MB)": 71461.109028,
    "execution_time (seconds/batch)": 8.855107140093079,
    "num_batches": 10,
    "batch_size": 512,
    "device": "cpu",
    "throughput_bps": 9491688.657209914,
    "sample_persec": 57.81974084557696,
    "result_path": "result/6GB/run 1",
    "data_path": "45.pt"
}