{
    "total_cpu_time (seconds)": 24.210983763000023,
    "total_cpu_memory (MB)": 71461.283356,
    "execution_time (seconds/batch)": 2.424413003453161,
    "num_batches": 10,
    "batch_size": 512,
    "device": "cpu",
    "throughput_bps": 34668152.61272947,
    "sample_persec": 211.18514018475554,
    "result_path": "result/6GB/run 1",
    "data_path": "46.pt"
}