{
    "total_cpu_time (seconds)": 28.5203794410001,
    "total_cpu_memory (MB)": 71461.283332,
    "execution_time (seconds/batch)": 2.8559425530592706,
    "num_batches": 10,
    "batch_size": 512,
    "device": "cpu",
    "throughput_bps": 29429835.663174026,
    "sample_persec": 179.2753147123174,
    "result_path": "result/6GB/run 1",
    "data_path": "47.pt"
}