{
    "total_cpu_time (seconds)": 25.51797639899965,
    "total_cpu_memory (MB)": 71461.283364,
    "execution_time (seconds/batch)": 2.5552912020903227,
    "num_batches": 10,
    "batch_size": 512,
    "device": "cpu",
    "throughput_bps": 32892501.61830638,
    "sample_persec": 200.36855274309443,
    "result_path": "result/6GB/run 1",
    "data_path": "48.pt"
}