{
    "total_cpu_time (seconds)": 24.2354483009996,
    "total_cpu_memory (MB)": 71461.283364,
    "execution_time (seconds/batch)": 2.4268628065933493,
    "num_batches": 10,
    "batch_size": 512,
    "device": "cpu",
    "throughput_bps": 34633156.753505595,
    "sample_persec": 210.97195878110134,
    "result_path": "result/6GB/run 1",
    "data_path": "50.pt"
}