{
    "total_cpu_time (seconds)": 26.032445712000133,
    "total_cpu_memory (MB)": 71461.283348,
    "execution_time (seconds/batch)": 2.6068085672881023,
    "num_batches": 10,
    "batch_size": 512,
    "device": "cpu",
    "throughput_bps": 32242459.63233052,
    "sample_persec": 196.40874532365083,
    "result_path": "result/6GB/run 1",
    "data_path": "51.pt"
}