{
    "total_cpu_time (seconds)": 26.678008169999895,
    "total_cpu_memory (MB)": 71461.283356,
    "execution_time (seconds/batch)": 2.671453194414228,
    "num_batches": 10,
    "batch_size": 512,
    "device": "cpu",
    "throughput_bps": 31462246.905819256,
    "sample_persec": 191.65598748671573,
    "result_path": "result/6GB/run 1",
    "data_path": "52.pt"
}