{
    "total_cpu_time (seconds)": 24.765651633000026,
    "total_cpu_memory (MB)": 71461.283364,
    "execution_time (seconds/batch)": 2.479955727771565,
    "num_batches": 10,
    "batch_size": 512,
    "device": "cpu",
    "throughput_bps": 33891701.79885648,
    "sample_persec": 206.45529848231288,
    "result_path": "result/6GB/run 1",
    "data_path": "53.pt"
}