{
    "total_cpu_time (seconds)": 24.737659937999755,
    "total_cpu_memory (MB)": 71461.283356,
    "execution_time (seconds/batch)": 2.477152726042612,
    "num_batches": 10,
    "batch_size": 512,
    "device": "cpu",
    "throughput_bps": 33930051.67439732,
    "sample_persec": 206.68891127191347,
    "result_path": "result/6GB/run 1",
    "data_path": "54.pt"
}