{
    "total_cpu_time (seconds)": 26.51843852000006,
    "total_cpu_memory (MB)": 71461.283356,
    "execution_time (seconds/batch)": 2.655474383383538,
    "num_batches": 10,
    "batch_size": 512,
    "device": "cpu",
    "throughput_bps": 31651564.980606485,
    "sample_persec": 192.80924086626757,
    "result_path": "result/6GB/run 1",
    "data_path": "55.pt"
}