{
    "total_cpu_time (seconds)": 25.127763566,
    "total_cpu_memory (MB)": 71461.283356,
    "execution_time (seconds/batch)": 2.5162164963410913,
    "num_batches": 10,
    "batch_size": 512,
    "device": "cpu",
    "throughput_bps": 33403294.240467627,
    "sample_persec": 203.48010624066535,
    "result_path": "result/6GB/run 1",
    "data_path": "56.pt"
}