{
    "total_cpu_time (seconds)": 24.40105240000003,
    "total_cpu_memory (MB)": 71461.283356,
    "execution_time (seconds/batch)": 2.443445888675927,
    "num_batches": 10,
    "batch_size": 512,
    "device": "cpu",
    "throughput_bps": 34398109.81267345,
    "sample_persec": 209.54014262106145,
    "result_path": "result/6GB/run 1",
    "data_path": "57.pt"
}