{
    "total_cpu_time (seconds)": 23.465926995999972,
    "total_cpu_memory (MB)": 71461.283364,
    "execution_time (seconds/batch)": 2.3498053240664944,
    "num_batches": 10,
    "batch_size": 512,
    "device": "cpu",
    "throughput_bps": 35768886.52824483,
    "sample_persec": 217.89039064476626,
    "result_path": "result/6GB/run 1",
    "data_path": "59.pt"
}