{
    "total_cpu_time (seconds)": 24.59884480600008,
    "total_cpu_memory (MB)": 71461.283356,
    "execution_time (seconds/batch)": 2.4632522082284454,
    "num_batches": 10,
    "batch_size": 512,
    "device": "cpu",
    "throughput_bps": 34121524.267483816,
    "sample_persec": 207.8552891537757,
    "result_path": "result/6GB/run 1",
    "data_path": "60.pt"
}