{
    "total_cpu_time (seconds)": 20.541241770999893,
    "total_cpu_memory (MB)": 71461.283356,
    "execution_time (seconds/batch)": 2.056936394827292,
    "num_batches": 10,
    "batch_size": 512,
    "device": "cpu",
    "throughput_bps": 40861701.028464295,
    "sample_persec": 248.9138707874287,
    "result_path": "result/6GB/run 1",
    "data_path": "7.pt"
}