{
    "total_cpu_time (seconds)": 21.408140733000074,
    "total_cpu_memory (MB)": 71461.283364,
    "execution_time (seconds/batch)": 2.143744974632513,
    "num_batches": 10,
    "batch_size": 512,
    "device": "cpu",
    "throughput_bps": 39207051.6757284,
    "sample_persec": 238.83437911627925,
    "result_path": "result/6GB/run 1",
    "data_path": "8.pt"
}