{
    "total_cpu_time (seconds)": 23.155575000000166,
    "total_cpu_memory (MB)": 71461.283356,
    "execution_time (seconds/batch)": 2.3187276354390933,
    "num_batches": 10,
    "batch_size": 512,
    "device": "cpu",
    "throughput_bps": 36248293.55349603,
    "sample_persec": 220.8107550773394,
    "result_path": "result/6GB/run 1",
    "data_path": "9.pt"
}