{
    "total_cpu_time (seconds)": 21.950697426999945,
    "total_cpu_memory (MB)": 71461.283356,
    "execution_time (seconds/batch)": 2.1980749232591377,
    "num_batches": 10,
    "batch_size": 512,
    "device": "cpu",
    "throughput_bps": 38237968.64730033,
    "sample_persec": 232.93109556104005,
    "result_path": "result/1GB/run 3",
    "data_path": "2.pt"
}