{
    "total_cpu_time (seconds)": 21.511956135000055,
    "total_cpu_memory (MB)": 71461.283356,
    "execution_time (seconds/batch)": 2.1541407277762623,
    "num_batches": 10,
    "batch_size": 512,
    "device": "cpu",
    "throughput_bps": 39017840.81059804,
    "sample_persec": 237.68177881699586,
    "result_path": "result/1GB/run 3",
    "data_path": "6.pt"
}