{
    "total_cpu_time (seconds)": 20.557111693000014,
    "total_cpu_memory (MB)": 71461.28334,
    "execution_time (seconds/batch)": 2.0585255597136722,
    "num_batches": 10,
    "batch_size": 512,
    "device": "cpu",
    "throughput_bps": 40830156.12965758,
    "sample_persec": 248.72171131614022,
    "result_path": "result/1GB/run 3",
    "data_path": "7.pt"
}