{
    "total_cpu_time (seconds)": 23.327348007000133,
    "total_cpu_memory (MB)": 71461.283356,
    "execution_time (seconds/batch)": 2.3359284528816873,
    "num_batches": 10,
    "batch_size": 512,
    "device": "cpu",
    "throughput_bps": 35981376.01188637,
    "sample_persec": 219.18479539404467,
    "result_path": "result/1GB/run 3",
    "data_path": "9.pt"
}