{
    "total_cpu_time (seconds)": 22.434336594000246,
    "total_cpu_memory (MB)": 71460.480276,
    "execution_time (seconds/batch)": 1.123252526513605,
    "num_batches": 20,
    "batch_size": 256,
    "device": "cpu",
    "throughput_bps": 37413634.9645602,
    "sample_persec": 227.90956971588815,
    "result_path": "result/2GB/Batches/256/run 1",
    "data_path": "10.pt"
}