{
    "total_cpu_time (seconds)": 21.685266250000033,
    "total_cpu_memory (MB)": 71460.480316,
    "execution_time (seconds/batch)": 1.0857477332290257,
    "num_batches": 20,
    "batch_size": 256,
    "device": "cpu",
    "throughput_bps": 38706007.587063804,
    "sample_persec": 235.78220996018402,
    "result_path": "result/2GB/Batches/256/run 1",
    "data_path": "109.pt"
}