{
    "total_cpu_time (seconds)": 19.976442277999883,
    "total_cpu_memory (MB)": 71460.480308,
    "execution_time (seconds/batch)": 1.000189560564829,
    "num_batches": 20,
    "batch_size": 256,
    "device": "cpu",
    "throughput_bps": 42016995.23465091,
    "sample_persec": 255.95148169256157,
    "result_path": "result/2GB/Batches/256/run 1",
    "data_path": "112.pt"
}