{
    "total_cpu_time (seconds)": 18.467723317999948,
    "total_cpu_memory (MB)": 71460.480316,
    "execution_time (seconds/batch)": 0.9246503362816324,
    "num_batches": 20,
    "batch_size": 256,
    "device": "cpu",
    "throughput_bps": 45449569.800621286,
    "sample_persec": 276.8614144774689,
    "result_path": "result/2GB/Batches/256/run 1",
    "data_path": "114.pt"
}