{
    "total_cpu_time (seconds)": 21.50777473000011,
    "total_cpu_memory (MB)": 71460.486708,
    "execution_time (seconds/batch)": 1.076861007408572,
    "num_batches": 20,
    "batch_size": 256,
    "device": "cpu",
    "throughput_bps": 39025426.41146566,
    "sample_persec": 237.7279873992791,
    "result_path": "result/2GB/Batches/256/run 1",
    "data_path": "116.pt"
}