{
    "total_cpu_time (seconds)": 46.038345808999864,
    "total_cpu_memory (MB)": 71460.480308,
    "execution_time (seconds/batch)": 2.3050687516338675,
    "num_batches": 20,
    "batch_size": 256,
    "device": "cpu",
    "throughput_bps": 18231542.97250877,
    "sample_persec": 111.05959413077953,
    "result_path": "result/2GB/Batches/256/run 1",
    "data_path": "102.pt"
}