{
    "total_cpu_time (seconds)": 21.442575571000148,
    "total_cpu_memory (MB)": 71460.480308,
    "execution_time (seconds/batch)": 1.0735965863829529,
    "num_batches": 20,
    "batch_size": 256,
    "device": "cpu",
    "throughput_bps": 39144088.69497808,
    "sample_persec": 238.4508326935799,
    "result_path": "result/2GB/Batches/256/run 1",
    "data_path": "103.pt"
}