{
    "total_cpu_time (seconds)": 42.86869146899984,
    "total_cpu_memory (MB)": 71460.480308,
    "execution_time (seconds/batch)": 2.1463690624024956,
    "num_batches": 20,
    "batch_size": 256,
    "device": "cpu",
    "throughput_bps": 19579559.142992955,
    "sample_persec": 119.27119360984987,
    "result_path": "result/2GB/Batches/256/run 1",
    "data_path": "104.pt"
}