{
    "total_cpu_time (seconds)": 21.350247238999973,
    "total_cpu_memory (MB)": 71460.480308,
    "execution_time (seconds/batch)": 1.0689738496350465,
    "num_batches": 20,
    "batch_size": 256,
    "device": "cpu",
    "throughput_bps": 39313365.817459,
    "sample_persec": 239.48200424865377,
    "result_path": "result/2GB/Batches/256/run 1",
    "data_path": "105.pt"
}