{
    "total_cpu_time (seconds)": 31.101566029999866,
    "total_cpu_memory (MB)": 71460.480308,
    "execution_time (seconds/batch)": 1.557207295849788,
    "num_batches": 20,
    "batch_size": 256,
    "device": "cpu",
    "throughput_bps": 26987389.612162355,
    "sample_persec": 164.39686654582331,
    "result_path": "result/2GB/Batches/256/run 1",
    "data_path": "106.pt"
}