{
    "total_cpu_time (seconds)": 21.212590626000132,
    "total_cpu_memory (MB)": 71461.283324,
    "execution_time (seconds/batch)": 2.1241631919640267,
    "num_batches": 10,
    "batch_size": 512,
    "device": "cpu",
    "throughput_bps": 39568485.283038184,
    "sample_persec": 241.0360945604178,
    "result_path": "result/2GB/run 2",
    "data_path": "2.pt"
}