{
    "total_cpu_time (seconds)": 21.74779481500009,
    "total_cpu_memory (MB)": 71461.283356,
    "execution_time (seconds/batch)": 2.1777568834891543,
    "num_batches": 10,
    "batch_size": 512,
    "device": "cpu",
    "throughput_bps": 38594721.31036824,
    "sample_persec": 235.10429648128803,
    "result_path": "result/2GB/run 2",
    "data_path": "12.pt"
}