{
    "total_cpu_time (seconds)": 21.107045827999986,
    "total_cpu_memory (MB)": 71461.283356,
    "execution_time (seconds/batch)": 2.1135942624557,
    "num_batches": 10,
    "batch_size": 512,
    "device": "cpu",
    "throughput_bps": 39766345.64779041,
    "sample_persec": 242.24138430671547,
    "result_path": "result/2GB/run 2",
    "data_path": "13.pt"
}