{
    "total_cpu_time (seconds)": 21.720220691000012,
    "total_cpu_memory (MB)": 71461.283356,
    "execution_time (seconds/batch)": 2.174995696028165,
    "num_batches": 10,
    "batch_size": 512,
    "device": "cpu",
    "throughput_bps": 38643717.84895321,
    "sample_persec": 235.40276467442257,
    "result_path": "result/2GB/run 2",
    "data_path": "14.pt"
}