{
    "total_cpu_time (seconds)": 21.21811845300002,
    "total_cpu_memory (MB)": 71461.283356,
    "execution_time (seconds/batch)": 2.12471673145629,
    "num_batches": 10,
    "batch_size": 512,
    "device": "cpu",
    "throughput_bps": 39558176.74687949,
    "sample_persec": 240.97329889668305,
    "result_path": "result/2GB/run 2",
    "data_path": "15.pt"
}