{
    "total_cpu_time (seconds)": 21.50307242800008,
    "total_cpu_memory (MB)": 71461.283356,
    "execution_time (seconds/batch)": 2.153251140844131,
    "num_batches": 10,
    "batch_size": 512,
    "device": "cpu",
    "throughput_bps": 39033960.51008255,
    "sample_persec": 237.7799738674619,
    "result_path": "result/2GB/run 2",
    "data_path": "16.pt"
}