{
    "total_cpu_time (seconds)": 20.705079647999987,
    "total_cpu_memory (MB)": 71461.283356,
    "execution_time (seconds/batch)": 2.073342612903578,
    "num_batches": 10,
    "batch_size": 512,
    "device": "cpu",
    "throughput_bps": 40538365.18716687,
    "sample_persec": 246.94423237796585,
    "result_path": "result/2GB/run 2",
    "data_path": "17.pt"
}