{
    "total_cpu_time (seconds)": 21.912002530000002,
    "total_cpu_memory (MB)": 71461.283356,
    "execution_time (seconds/batch)": 2.1942001359984356,
    "num_batches": 10,
    "batch_size": 512,
    "device": "cpu",
    "throughput_bps": 38305493.934241526,
    "sample_persec": 233.3424338099508,
    "result_path": "result/2GB/run 2",
    "data_path": "18.pt"
}