{
    "total_cpu_time (seconds)": 20.484390974999915,
    "total_cpu_memory (MB)": 71461.283356,
    "execution_time (seconds/batch)": 2.05124353201642,
    "num_batches": 10,
    "batch_size": 512,
    "device": "cpu",
    "throughput_bps": 40975105.43634815,
    "sample_persec": 249.60468711225724,
    "result_path": "result/2GB/run 2",
    "data_path": "19.pt"
}