{
    "total_cpu_time (seconds)": 19.918836279999997,
    "total_cpu_memory (MB)": 71461.283356,
    "execution_time (seconds/batch)": 1.9946106347271657,
    "num_batches": 10,
    "batch_size": 512,
    "device": "cpu",
    "throughput_bps": 42138509.91098161,
    "sample_persec": 256.6917026741083,
    "result_path": "result/2GB/run 2",
    "data_path": "20.pt"
}