{
    "total_cpu_time (seconds)": 21.945612793000148,
    "total_cpu_memory (MB)": 71461.283356,
    "execution_time (seconds/batch)": 2.197565763742632,
    "num_batches": 10,
    "batch_size": 512,
    "device": "cpu",
    "throughput_bps": 38246828.0980389,
    "sample_persec": 232.98506395004202,
    "result_path": "result/2GB/run 2",
    "data_path": "3.pt"
}