{
    "total_cpu_time (seconds)": 26.436484731000107,
    "total_cpu_memory (MB)": 71461.283324,
    "execution_time (seconds/batch)": 2.647267784524165,
    "num_batches": 10,
    "batch_size": 512,
    "device": "cpu",
    "throughput_bps": 31749685.653772127,
    "sample_persec": 193.40695451859239,
    "result_path": "result/2GB/run 2",
    "data_path": "4.pt"
}