{
    "total_cpu_time (seconds)": 22.870218464000004,
    "total_cpu_memory (MB)": 71461.283356,
    "execution_time (seconds/batch)": 2.290152914838256,
    "num_batches": 10,
    "batch_size": 512,
    "device": "cpu",
    "throughput_bps": 36700571.152008034,
    "sample_persec": 223.56585740745635,
    "result_path": "result/2GB/run 2",
    "data_path": "5.pt"
}