{
    "total_cpu_time (seconds)": 21.841068303000117,
    "total_cpu_memory (MB)": 71461.283364,
    "execution_time (seconds/batch)": 2.1870970019824094,
    "num_batches": 10,
    "batch_size": 512,
    "device": "cpu",
    "throughput_bps": 38429900.422256626,
    "sample_persec": 234.1002706034151,
    "result_path": "result/2GB/run 2",
    "data_path": "10.pt"
}