{"total_cpu_time (seconds)": 145.39896078700102, "total_cpu_memory (MB)": 71482.653808, "execution_time (seconds/batch)": 1.8199752572595473, "num_batches": 80, "batch_size": 64, "device": "cpu", "throughput_bps": 5772737.820523953, "sample_persec": 35.165313234185874, "result_path": "result/1GB/Batches/64/run 3", "data_path": "data/10.pt"}