{"total_cpu_time (seconds)": 24.531720701998836, "total_cpu_memory (MB)": 71483.251684, "execution_time (seconds/batch)": 0.3070663260175876, "num_batches": 80, "batch_size": 64, "device": "cpu", "throughput_bps": 34214888.1522041, "sample_persec": 208.42402626829983, "result_path": "result/1GB/Batches/64/run 3", "data_path": "data/101.pt"}