{"total_cpu_time (seconds)": 24.241215428000494, "total_cpu_memory (MB)": 71483.244132, "execution_time (seconds/batch)": 0.3034300386059127, "num_batches": 80, "batch_size": 64, "device": "cpu", "throughput_bps": 34624917.32285359, "sample_persec": 210.92176731757792, "result_path": "result/1GB/Batches/64/run 3", "data_path": "data/107.pt"}