{
    "total_cpu_time (seconds)": 43.770689192000155,
    "total_cpu_memory (MB)": 71461.283356,
    "execution_time (seconds/batch)": 4.383061385938603,
    "num_batches": 10,
    "batch_size": 512,
    "device": "cpu",
    "throughput_bps": 19176076.39939573,
    "sample_persec": 116.81333089300519,
    "result_path": "result/Batches/512/run 3",
    "data_path": "1.pt"
}