{
    "total_cpu_time (seconds)": 22.85295038399993,
    "total_cpu_memory (MB)": 71461.283356,
    "execution_time (seconds/batch)": 2.2884237427357643,
    "num_batches": 10,
    "batch_size": 512,
    "device": "cpu",
    "throughput_bps": 36728302.73099685,
    "sample_persec": 223.73478759135506,
    "result_path": "result/Batches/512/run 3",
    "data_path": "112.pt"
}