{
    "total_cpu_time (seconds)": 24.52780124799994,
    "total_cpu_memory (MB)": 71461.283356,
    "execution_time (seconds/batch)": 2.456138126144332,
    "num_batches": 10,
    "batch_size": 512,
    "device": "cpu",
    "throughput_bps": 34220355.56768232,
    "sample_persec": 208.45733167447804,
    "result_path": "result/Batches/512/run 3",
    "data_path": "114.pt"
}