{
    "total_cpu_time (seconds)": 24.33246934600006,
    "total_cpu_memory (MB)": 71461.283364,
    "execution_time (seconds/batch)": 2.4365781938494093,
    "num_batches": 10,
    "batch_size": 512,
    "device": "cpu",
    "throughput_bps": 34495063.69718198,
    "sample_persec": 210.13074864267776,
    "result_path": "result/Batches/512/run 3",
    "data_path": "118.pt"
}