{
    "total_cpu_time (seconds)": 25.480705911999987,
    "total_cpu_memory (MB)": 71461.283332,
    "execution_time (seconds/batch)": 2.5515590508398187,
    "num_batches": 10,
    "batch_size": 512,
    "device": "cpu",
    "throughput_bps": 32940613.297715314,
    "sample_persec": 200.66163071220342,
    "result_path": "result/Batches/512/run 3",
    "data_path": "119.pt"
}