{
    "total_cpu_time (seconds)": 22.370400854000103,
    "total_cpu_memory (MB)": 71461.283364,
    "execution_time (seconds/batch)": 2.240102725845502,
    "num_batches": 10,
    "batch_size": 512,
    "device": "cpu",
    "throughput_bps": 37520565.03046139,
    "sample_persec": 228.5609468229861,
    "result_path": "result/Batches/512/run 3",
    "data_path": "121.pt"
}