{
    "total_cpu_time (seconds)": 23.026188413999893,
    "total_cpu_memory (MB)": 71461.283364,
    "execution_time (seconds/batch)": 2.3057712630486886,
    "num_batches": 10,
    "batch_size": 512,
    "device": "cpu",
    "throughput_bps": 36451976.54552658,
    "sample_persec": 222.05151404438706,
    "result_path": "result/Batches/512/run 3",
    "data_path": "122.pt"
}