{
    "total_cpu_time (seconds)": 21.192125844999904,
    "total_cpu_memory (MB)": 71461.283356,
    "execution_time (seconds/batch)": 2.122113912114209,
    "num_batches": 10,
    "batch_size": 512,
    "device": "cpu",
    "throughput_bps": 39606695.71986509,
    "sample_persec": 241.26885794264794,
    "result_path": "result/Batches/512/run 3",
    "data_path": "124.pt"
}