{
    "total_cpu_time (seconds)": 24.267809729999964,
    "total_cpu_memory (MB)": 71461.283364,
    "execution_time (seconds/batch)": 2.430103379964792,
    "num_batches": 10,
    "batch_size": 512,
    "device": "cpu",
    "throughput_bps": 34586973.004094064,
    "sample_persec": 210.69062502493946,
    "result_path": "result/Batches/512/run 3",
    "data_path": "14.pt"
}