{
    "total_cpu_time (seconds)": 43.174398106999824,
    "total_cpu_memory (MB)": 71461.283356,
    "execution_time (seconds/batch)": 4.32335064165537,
    "num_batches": 10,
    "batch_size": 512,
    "device": "cpu",
    "throughput_bps": 19440921.397904027,
    "sample_persec": 118.42666543557522,
    "result_path": "result/Batches/512/run 3",
    "data_path": "102.pt"
}