{
    "total_cpu_time (seconds)": 22.403804857000075,
    "total_cpu_memory (MB)": 71461.283356,
    "execution_time (seconds/batch)": 2.2434476993514645,
    "num_batches": 10,
    "batch_size": 512,
    "device": "cpu",
    "throughput_bps": 37464621.98530286,
    "sample_persec": 228.22016316583125,
    "result_path": "result/Batches/512/run 3",
    "data_path": "18.pt"
}