{
    "total_cpu_time (seconds)": 20.80908806599988,
    "total_cpu_memory (MB)": 71461.281308,
    "execution_time (seconds/batch)": 2.083757694072353,
    "num_batches": 10,
    "batch_size": 512,
    "device": "cpu",
    "throughput_bps": 40335745.484753855,
    "sample_persec": 245.70995056502105,
    "result_path": "result/Batches/512/run 3",
    "data_path": "23.pt"
}