{
    "total_cpu_time (seconds)": 20.994710043999877,
    "total_cpu_memory (MB)": 71461.283356,
    "execution_time (seconds/batch)": 2.1023453046211493,
    "num_batches": 10,
    "batch_size": 512,
    "device": "cpu",
    "throughput_bps": 39979122.276084,
    "sample_persec": 243.53753823150586,
    "result_path": "result/Batches/512/run 3",
    "data_path": "24.pt"
}