{
    "total_cpu_time (seconds)": 20.98672224400007,
    "total_cpu_memory (MB)": 71461.28338,
    "execution_time (seconds/batch)": 2.1015454310440127,
    "num_batches": 10,
    "batch_size": 512,
    "device": "cpu",
    "throughput_bps": 39994338.8129589,
    "sample_persec": 243.63023156042217,
    "result_path": "result/Batches/512/run 3",
    "data_path": "25.pt"
}