{
    "total_cpu_time (seconds)": 87.41451440500026,
    "total_cpu_memory (MB)": 71459.200484,
    "execution_time (seconds/batch)": 8.753419005546672,
    "num_batches": 10,
    "batch_size": 512,
    "device": "cpu",
    "throughput_bps": 9601953.242126433,
    "sample_persec": 58.49143056850897,
    "result_path": "result/Batches/512/run 3",
    "data_path": "103.pt"
}