{
    "total_cpu_time (seconds)": 20.36120092099998,
    "total_cpu_memory (MB)": 71461.283356,
    "execution_time (seconds/batch)": 2.0389076611680013,
    "num_batches": 10,
    "batch_size": 512,
    "device": "cpu",
    "throughput_bps": 41223014.46052317,
    "sample_persec": 251.11485416985366,
    "result_path": "result/Batches/512/run 3",
    "data_path": "29.pt"
}