{
    "total_cpu_time (seconds)": 27.236605449999953,
    "total_cpu_memory (MB)": 71461.283356,
    "execution_time (seconds/batch)": 2.7273893976921526,
    "num_batches": 10,
    "batch_size": 512,
    "device": "cpu",
    "throughput_bps": 30816985.67543047,
    "sample_persec": 187.7253026037431,
    "result_path": "result/Batches/512/run 3",
    "data_path": "30.pt"
}