{
    "total_cpu_time (seconds)": 21.757174007000025,
    "total_cpu_memory (MB)": 71461.283356,
    "execution_time (seconds/batch)": 2.1786960867561143,
    "num_batches": 10,
    "batch_size": 512,
    "device": "cpu",
    "throughput_bps": 38578083.703791335,
    "sample_persec": 235.00294653868988,
    "result_path": "result/Batches/512/run 3",
    "data_path": "31.pt"
}