{
    "total_cpu_time (seconds)": 21.626506286000183,
    "total_cpu_memory (MB)": 71461.283324,
    "execution_time (seconds/batch)": 2.1656114254707792,
    "num_batches": 10,
    "batch_size": 512,
    "device": "cpu",
    "throughput_bps": 38811173.14558336,
    "sample_persec": 236.42283836247174,
    "result_path": "result/Batches/512/run 3",
    "data_path": "33.pt"
}