{
    "total_cpu_time (seconds)": 36.427583254000126,
    "total_cpu_memory (MB)": 71461.283356,
    "execution_time (seconds/batch)": 3.6477454774199227,
    "num_batches": 10,
    "batch_size": 512,
    "device": "cpu",
    "throughput_bps": 23041607.62319665,
    "sample_persec": 140.36067021927784,
    "result_path": "result/Batches/512/run 3",
    "data_path": "104.pt"
}