{
    "total_cpu_time (seconds)": 21.282230670999922,
    "total_cpu_memory (MB)": 71461.283364,
    "execution_time (seconds/batch)": 2.131136730598858,
    "num_batches": 10,
    "batch_size": 512,
    "device": "cpu",
    "throughput_bps": 39439008.67232561,
    "sample_persec": 240.24737251660338,
    "result_path": "result/Batches/512/run 3",
    "data_path": "38.pt"
}