{
    "total_cpu_time (seconds)": 20.380154470000008,
    "total_cpu_memory (MB)": 71461.283356,
    "execution_time (seconds/batch)": 2.0408056109211823,
    "num_batches": 10,
    "batch_size": 512,
    "device": "cpu",
    "throughput_bps": 41184677.04626773,
    "sample_persec": 250.8813172896426,
    "result_path": "result/Batches/512/run 3",
    "data_path": "40.pt"
}