{
    "total_cpu_time (seconds)": 22.318445568000215,
    "total_cpu_memory (MB)": 71461.281308,
    "execution_time (seconds/batch)": 2.2349000842589692,
    "num_batches": 10,
    "batch_size": 512,
    "device": "cpu",
    "throughput_bps": 37607909.450622536,
    "sample_persec": 229.09301565925037,
    "result_path": "result/Batches/512/run 3",
    "data_path": "44.pt"
}