{
    "total_cpu_time (seconds)": 24.753121875999753,
    "total_cpu_memory (MB)": 71461.283372,
    "execution_time (seconds/batch)": 2.4787010366735522,
    "num_batches": 10,
    "batch_size": 512,
    "device": "cpu",
    "throughput_bps": 33908857.40411681,
    "sample_persec": 206.55980387498056,
    "result_path": "result/Batches/512/run 3",
    "data_path": "105.pt"
}