{
    "total_cpu_time (seconds)": 20.966695278999968,
    "total_cpu_memory (MB)": 71461.283356,
    "execution_time (seconds/batch)": 2.0995399927338125,
    "num_batches": 10,
    "batch_size": 512,
    "device": "cpu",
    "throughput_bps": 40032540.5997904,
    "sample_persec": 243.8629422501852,
    "result_path": "result/Batches/512/run 3",
    "data_path": "46.pt"
}