{
    "total_cpu_time (seconds)": 20.65579097599998,
    "total_cpu_memory (MB)": 71461.283356,
    "execution_time (seconds/batch)": 2.0684069977922923,
    "num_batches": 10,
    "batch_size": 512,
    "device": "cpu",
    "throughput_bps": 40635097.4879269,
    "sample_persec": 247.53348859604594,
    "result_path": "result/Batches/512/run 3",
    "data_path": "47.pt"
}