{
    "total_cpu_time (seconds)": 20.37986250300012,
    "total_cpu_memory (MB)": 71460.249132,
    "execution_time (seconds/batch)": 2.0407763742491807,
    "num_batches": 10,
    "batch_size": 512,
    "device": "cpu",
    "throughput_bps": 41185267.06823657,
    "sample_persec": 250.88491147804925,
    "result_path": "result/Batches/512/run 3",
    "data_path": "53.pt"
}