{
    "total_cpu_time (seconds)": 21.17215191500005,
    "total_cpu_memory (MB)": 71461.283356,
    "execution_time (seconds/batch)": 2.1201137845648397,
    "num_batches": 10,
    "batch_size": 512,
    "device": "cpu",
    "throughput_bps": 39644060.90461391,
    "sample_persec": 241.49647237216075,
    "result_path": "result/Batches/512/run 3",
    "data_path": "107.pt"
}