{
    "total_cpu_time (seconds)": 32.95496102499985,
    "total_cpu_memory (MB)": 71460.480244,
    "execution_time (seconds/batch)": 1.6500039159788698,
    "num_batches": 20,
    "batch_size": 256,
    "device": "cpu",
    "throughput_bps": 25469612.27971909,
    "sample_persec": 155.15114692811335,
    "result_path": "result/Batches/256/run 3",
    "data_path": "109.pt"
}