{
    "total_cpu_time (seconds)": 23.173009822999976,
    "total_cpu_memory (MB)": 71460.480308,
    "execution_time (seconds/batch)": 1.1602367523348316,
    "num_batches": 20,
    "batch_size": 256,
    "device": "cpu",
    "throughput_bps": 36221021.19712207,
    "sample_persec": 220.64462230215685,
    "result_path": "result/Batches/256/run 3",
    "data_path": "111.pt"
}