{
    "total_cpu_time (seconds)": 21.839527389000082,
    "total_cpu_memory (MB)": 71460.480308,
    "execution_time (seconds/batch)": 1.093471349811074,
    "num_batches": 20,
    "batch_size": 256,
    "device": "cpu",
    "throughput_bps": 38432611.889887124,
    "sample_persec": 234.11678782825976,
    "result_path": "result/Batches/256/run 3",
    "data_path": "112.pt"
}