{
    "total_cpu_time (seconds)": 22.954383277000304,
    "total_cpu_memory (MB)": 71460.480276,
    "execution_time (seconds/batch)": 1.149290459399976,
    "num_batches": 20,
    "batch_size": 256,
    "device": "cpu",
    "throughput_bps": 36566004.40409161,
    "sample_persec": 222.74612819256586,
    "result_path": "result/Batches/256/run 3",
    "data_path": "115.pt"
}