{
    "total_cpu_time (seconds)": 36.3156687610002,
    "total_cpu_memory (MB)": 71460.480308,
    "execution_time (seconds/batch)": 1.8182693531813123,
    "num_batches": 20,
    "batch_size": 256,
    "device": "cpu",
    "throughput_bps": 23112615.260479175,
    "sample_persec": 140.79322161597938,
    "result_path": "result/Batches/256/run 3",
    "data_path": "12.pt"
}