{
    "total_cpu_time (seconds)": 22.97812128800025,
    "total_cpu_memory (MB)": 71460.480316,
    "execution_time (seconds/batch)": 1.1504789848871628,
    "num_batches": 20,
    "batch_size": 256,
    "device": "cpu",
    "throughput_bps": 36528229.156764425,
    "sample_persec": 222.51601581849673,
    "result_path": "result/Batches/256/run 3",
    "data_path": "122.pt"
}