{
    "total_cpu_time (seconds)": 22.58687500499971,
    "total_cpu_memory (MB)": 71460.480308,
    "execution_time (seconds/batch)": 1.1308898887697878,
    "num_batches": 20,
    "batch_size": 256,
    "device": "cpu",
    "throughput_bps": 37160965.37543179,
    "sample_persec": 226.3704031154471,
    "result_path": "result/Batches/256/run 3",
    "data_path": "125.pt"
}