{
    "total_cpu_time (seconds)": 22.536791463,
    "total_cpu_memory (MB)": 71460.480308,
    "execution_time (seconds/batch)": 1.1283822833029533,
    "num_batches": 20,
    "batch_size": 256,
    "device": "cpu",
    "throughput_bps": 37243548.23879927,
    "sample_persec": 226.8734663669546,
    "result_path": "result/Batches/256/run 3",
    "data_path": "126.pt"
}