{
    "total_cpu_time (seconds)": 21.07442370999999,
    "total_cpu_memory (MB)": 71460.480316,
    "execution_time (seconds/batch)": 1.0551637922472126,
    "num_batches": 20,
    "batch_size": 256,
    "device": "cpu",
    "throughput_bps": 39827901.89426254,
    "sample_persec": 242.61636144165777,
    "result_path": "result/Batches/256/run 3",
    "data_path": "129.pt"
}