{
    "total_cpu_time (seconds)": 22.592170491999834,
    "total_cpu_memory (MB)": 71460.486708,
    "execution_time (seconds/batch)": 1.13115502561157,
    "num_batches": 20,
    "batch_size": 256,
    "device": "cpu",
    "throughput_bps": 37152255.03885181,
    "sample_persec": 226.31734307292768,
    "result_path": "result/Batches/256/run 3",
    "data_path": "17.pt"
}