{
    "total_cpu_time (seconds)": 21.021322982000154,
    "total_cpu_memory (MB)": 71460.480316,
    "execution_time (seconds/batch)": 1.0525051209450498,
    "num_batches": 20,
    "batch_size": 256,
    "device": "cpu",
    "throughput_bps": 39928508.815487355,
    "sample_persec": 243.2292203672475,
    "result_path": "result/Batches/256/run 3",
    "data_path": "18.pt"
}