{
    "total_cpu_time (seconds)": 22.390967453999803,
    "total_cpu_memory (MB)": 71460.480308,
    "execution_time (seconds/batch)": 1.1210811007674457,
    "num_batches": 20,
    "batch_size": 256,
    "device": "cpu",
    "throughput_bps": 37486101.55967437,
    "sample_persec": 228.35100852628148,
    "result_path": "result/Batches/256/run 3",
    "data_path": "19.pt"
}