{
    "total_cpu_time (seconds)": 21.160659446000043,
    "total_cpu_memory (MB)": 71460.480308,
    "execution_time (seconds/batch)": 1.0594814821388638,
    "num_batches": 20,
    "batch_size": 256,
    "device": "cpu",
    "throughput_bps": 39665591.80926947,
    "sample_persec": 241.62763041708988,
    "result_path": "result/Batches/256/run 3",
    "data_path": "20.pt"
}