{
    "total_cpu_time (seconds)": 21.096198598000026,
    "total_cpu_memory (MB)": 71460.480308,
    "execution_time (seconds/batch)": 1.0562540272028176,
    "num_batches": 20,
    "batch_size": 256,
    "device": "cpu",
    "throughput_bps": 39786792.68214571,
    "sample_persec": 242.36593982788565,
    "result_path": "result/Batches/256/run 3",
    "data_path": "23.pt"
}