{
    "total_cpu_time (seconds)": 22.07522924000022,
    "total_cpu_memory (MB)": 71460.480308,
    "execution_time (seconds/batch)": 1.1052725768511746,
    "num_batches": 20,
    "batch_size": 256,
    "device": "cpu",
    "throughput_bps": 38022258.83476224,
    "sample_persec": 231.6170737985029,
    "result_path": "result/Batches/256/run 3",
    "data_path": "29.pt"
}