{
    "total_cpu_time (seconds)": 19.86743715099982,
    "total_cpu_memory (MB)": 71460.480308,
    "execution_time (seconds/batch)": 0.9947318424908965,
    "num_batches": 20,
    "batch_size": 256,
    "device": "cpu",
    "throughput_bps": 42247526.62462859,
    "sample_persec": 257.35579084203573,
    "result_path": "result/Batches/256/run 3",
    "data_path": "3.pt"
}