{
    "total_cpu_time (seconds)": 20.369755640999887,
    "total_cpu_memory (MB)": 71460.480316,
    "execution_time (seconds/batch)": 1.019882152179928,
    "num_batches": 20,
    "batch_size": 256,
    "device": "cpu",
    "throughput_bps": 41205701.96289301,
    "sample_persec": 251.0093930488122,
    "result_path": "result/Batches/256/run 3",
    "data_path": "33.pt"
}