{
    "total_cpu_time (seconds)": 20.32688952499982,
    "total_cpu_memory (MB)": 71460.480316,
    "execution_time (seconds/batch)": 1.0177359120672704,
    "num_batches": 20,
    "batch_size": 256,
    "device": "cpu",
    "throughput_bps": 41292598.11087636,
    "sample_persec": 251.53873118223902,
    "result_path": "result/Batches/256/run 3",
    "data_path": "35.pt"
}