{
    "total_cpu_time (seconds)": 22.038076729999965,
    "total_cpu_memory (MB)": 71460.480308,
    "execution_time (seconds/batch)": 1.1034124081517682,
    "num_batches": 20,
    "batch_size": 256,
    "device": "cpu",
    "throughput_bps": 38086358.00135003,
    "sample_persec": 232.0075414312258,
    "result_path": "result/Batches/256/run 3",
    "data_path": "37.pt"
}