{
    "total_cpu_time (seconds)": 21.06254708699985,
    "total_cpu_memory (MB)": 71460.4629,
    "execution_time (seconds/batch)": 1.0545691481071702,
    "num_batches": 20,
    "batch_size": 256,
    "device": "cpu",
    "throughput_bps": 39850359.81322794,
    "sample_persec": 242.7531665035815,
    "result_path": "result/Batches/256/run 3",
    "data_path": "46.pt"
}