{
    "total_cpu_time (seconds)": 20.35167328699994,
    "total_cpu_memory (MB)": 71460.480324,
    "execution_time (seconds/batch)": 1.0189767966892205,
    "num_batches": 20,
    "batch_size": 256,
    "device": "cpu",
    "throughput_bps": 41242313.01099711,
    "sample_persec": 251.23241356601554,
    "result_path": "result/Batches/256/run 3",
    "data_path": "49.pt"
}