{
    "total_cpu_time (seconds)": 20.55451893599981,
    "total_cpu_memory (MB)": 71460.480276,
    "execution_time (seconds/batch)": 1.029132964524927,
    "num_batches": 20,
    "batch_size": 256,
    "device": "cpu",
    "throughput_bps": 40835306.46537958,
    "sample_persec": 248.75308519358904,
    "result_path": "result/Batches/256/run 3",
    "data_path": "107.pt"
}