{
    "total_cpu_time (seconds)": 28.233450210999976,
    "total_cpu_memory (MB)": 71466.748204,
    "execution_time (seconds/batch)": 0.7068025869368271,
    "num_batches": 40,
    "batch_size": 128,
    "device": "cpu",
    "throughput_bps": 29728923.448150966,
    "sample_persec": 181.09724322704048,
    "result_path": "result/Batches/128/run 2",
    "data_path": "1.pt"
}