{
    "total_cpu_time (seconds)": 23.337290811000308,
    "total_cpu_memory (MB)": 71466.74826,
    "execution_time (seconds/batch)": 0.5842310236276236,
    "num_batches": 40,
    "batch_size": 128,
    "device": "cpu",
    "throughput_bps": 35966046.221798904,
    "sample_persec": 219.09141216982766,
    "result_path": "result/Batches/128/run 2",
    "data_path": "109.pt"
}