{
    "total_cpu_time (seconds)": 50.39308363999995,
    "total_cpu_memory (MB)": 71466.756972,
    "execution_time (seconds/batch)": 1.2615518689458232,
    "num_batches": 40,
    "batch_size": 128,
    "device": "cpu",
    "throughput_bps": 16656057.128715944,
    "sample_persec": 101.46233631040414,
    "result_path": "result/Batches/128/run 2",
    "data_path": "111.pt"
}