{
    "total_cpu_time (seconds)": 22.652028758000025,
    "total_cpu_memory (MB)": 71466.75698,
    "execution_time (seconds/batch)": 0.5670760181936247,
    "num_batches": 40,
    "batch_size": 128,
    "device": "cpu",
    "throughput_bps": 37054079.74566368,
    "sample_persec": 225.71929669629438,
    "result_path": "result/Batches/128/run 2",
    "data_path": "112.pt"
}