{
    "total_cpu_time (seconds)": 22.29853963400034,
    "total_cpu_memory (MB)": 71466.756964,
    "execution_time (seconds/batch)": 0.5582266914046633,
    "num_batches": 40,
    "batch_size": 128,
    "device": "cpu",
    "throughput_bps": 37641482.07805397,
    "sample_persec": 229.29752727859392,
    "result_path": "result/Batches/128/run 2",
    "data_path": "114.pt"
}