{
    "total_cpu_time (seconds)": 22.20843550299974,
    "total_cpu_memory (MB)": 71466.756972,
    "execution_time (seconds/batch)": 0.555971004182274,
    "num_batches": 40,
    "batch_size": 128,
    "device": "cpu",
    "throughput_bps": 37794201.211815536,
    "sample_persec": 230.2278338926385,
    "result_path": "result/Batches/128/run 2",
    "data_path": "116.pt"
}