{
    "total_cpu_time (seconds)": 20.419881166000046,
    "total_cpu_memory (MB)": 71466.74818,
    "execution_time (seconds/batch)": 0.5111959298353229,
    "num_batches": 40,
    "batch_size": 128,
    "device": "cpu",
    "throughput_bps": 41104552.62577888,
    "sample_persec": 250.3932299328636,
    "result_path": "result/Batches/128/run 2",
    "data_path": "12.pt"
}