{
    "total_cpu_time (seconds)": 22.26124409400008,
    "total_cpu_memory (MB)": 71466.756924,
    "execution_time (seconds/batch)": 0.5572930264095463,
    "num_batches": 40,
    "batch_size": 128,
    "device": "cpu",
    "throughput_bps": 37704545.013556734,
    "sample_persec": 229.68168258745573,
    "result_path": "result/Batches/128/run 2",
    "data_path": "123.pt"
}