{
    "total_cpu_time (seconds)": 52.69623541100011,
    "total_cpu_memory (MB)": 71466.756988,
    "execution_time (seconds/batch)": 1.3192094920023498,
    "num_batches": 40,
    "batch_size": 128,
    "device": "cpu",
    "throughput_bps": 15928084.30153607,
    "sample_persec": 97.02780398109205,
    "result_path": "result/Batches/128/run 2",
    "data_path": "125.pt"
}