{
    "total_cpu_time (seconds)": 25.012360492000337,
    "total_cpu_memory (MB)": 71466.756716,
    "execution_time (seconds/batch)": 0.6261650973941019,
    "num_batches": 40,
    "batch_size": 128,
    "device": "cpu",
    "throughput_bps": 33557411.7552179,
    "sample_persec": 204.41893125741902,
    "result_path": "result/Batches/128/run 2",
    "data_path": "101.pt"
}