{
    "total_cpu_time (seconds)": 23.27934392000003,
    "total_cpu_memory (MB)": 71466.75698,
    "execution_time (seconds/batch)": 0.5827803680344228,
    "num_batches": 40,
    "batch_size": 128,
    "device": "cpu",
    "throughput_bps": 36055572.82389249,
    "sample_persec": 219.63677402468622,
    "result_path": "result/Batches/128/run 2",
    "data_path": "129.pt"
}