{
    "total_cpu_time (seconds)": 23.11891529399974,
    "total_cpu_memory (MB)": 71466.756948,
    "execution_time (seconds/batch)": 0.5787641614770129,
    "num_batches": 40,
    "batch_size": 128,
    "device": "cpu",
    "throughput_bps": 36305772.53846525,
    "sample_persec": 221.16089509299005,
    "result_path": "result/Batches/128/run 2",
    "data_path": "13.pt"
}