{
    "total_cpu_time (seconds)": 1.7563352509999974,
    "total_cpu_memory (MB)": 3356.82764,
    "execution_time (seconds/batch)": 0.9367121338666653,
    "num_batches": 2,
    "batch_size": 128,
    "device": "cpu",
    "throughput_bps": 22432163.77828088,
    "sample_persec": 136.64817116399172,
    "result_path": "result/Batches/128/run 2",
    "data_path": "130.pt"
}