{
    "total_cpu_time (seconds)": 22.677639294000194,
    "total_cpu_memory (MB)": 71466.75698,
    "execution_time (seconds/batch)": 0.5677171581521661,
    "num_batches": 40,
    "batch_size": 128,
    "device": "cpu",
    "throughput_bps": 37012233.46567939,
    "sample_persec": 225.46438514668247,
    "result_path": "result/Batches/128/run 2",
    "data_path": "14.pt"
}