{
    "total_cpu_time (seconds)": 54.177155666000004,
    "total_cpu_memory (MB)": 71466.7569,
    "execution_time (seconds/batch)": 1.356283185067084,
    "num_batches": 40,
    "batch_size": 128,
    "device": "cpu",
    "throughput_bps": 15492693.731921986,
    "sample_persec": 94.37557097905693,
    "result_path": "result/Batches/128/run 2",
    "data_path": "16.pt"
}