{
    "total_cpu_time (seconds)": 27.051308333000286,
    "total_cpu_memory (MB)": 71466.748092,
    "execution_time (seconds/batch)": 0.6772085794296961,
    "num_batches": 40,
    "batch_size": 128,
    "device": "cpu",
    "throughput_bps": 31028077.077368736,
    "sample_persec": 189.011190773445,
    "result_path": "result/Batches/128/run 2",
    "data_path": "102.pt"
}