{
    "total_cpu_time (seconds)": 49.54132208299973,
    "total_cpu_memory (MB)": 71466.75698,
    "execution_time (seconds/batch)": 1.2402286772196294,
    "num_batches": 40,
    "batch_size": 128,
    "device": "cpu",
    "throughput_bps": 16942423.914198,
    "sample_persec": 103.2067733564693,
    "result_path": "result/Batches/128/run 2",
    "data_path": "18.pt"
}