{
    "total_cpu_time (seconds)": 22.564248440999755,
    "total_cpu_memory (MB)": 71466.7569,
    "execution_time (seconds/batch)": 0.5648785058572205,
    "num_batches": 40,
    "batch_size": 128,
    "device": "cpu",
    "throughput_bps": 37198228.96803785,
    "sample_persec": 226.5973986844411,
    "result_path": "result/Batches/128/run 2",
    "data_path": "22.pt"
}