{
    "total_cpu_time (seconds)": 25.876581092000272,
    "total_cpu_memory (MB)": 71466.756948,
    "execution_time (seconds/batch)": 0.6478001916244934,
    "num_batches": 40,
    "batch_size": 128,
    "device": "cpu",
    "throughput_bps": 32436668.392003477,
    "sample_persec": 197.59179088696075,
    "result_path": "result/Batches/128/run 2",
    "data_path": "23.pt"
}