{
    "total_cpu_time (seconds)": 25.886156213000017,
    "total_cpu_memory (MB)": 71466.756964,
    "execution_time (seconds/batch)": 0.6480398973721889,
    "num_batches": 40,
    "batch_size": 128,
    "device": "cpu",
    "throughput_bps": 32424670.279107668,
    "sample_persec": 197.5187029672738,
    "result_path": "result/Batches/128/run 2",
    "data_path": "25.pt"
}