{
    "total_cpu_time (seconds)": 32.721003182000196,
    "total_cpu_memory (MB)": 71466.756964,
    "execution_time (seconds/batch)": 0.8191450043606542,
    "num_batches": 40,
    "batch_size": 128,
    "device": "cpu",
    "throughput_bps": 25651722.086006396,
    "sample_persec": 156.26049028999998,
    "result_path": "result/Batches/128/run 2",
    "data_path": "103.pt"
}