{
    "total_cpu_time (seconds)": 23.873129116999593,
    "total_cpu_memory (MB)": 71466.756972,
    "execution_time (seconds/batch)": 0.5976453211374825,
    "num_batches": 40,
    "batch_size": 128,
    "device": "cpu",
    "throughput_bps": 35158779.391106926,
    "sample_persec": 214.1738510666845,
    "result_path": "result/Batches/128/run 2",
    "data_path": "32.pt"
}