{
    "total_cpu_time (seconds)": 34.15279142399969,
    "total_cpu_memory (MB)": 71466.7569,
    "execution_time (seconds/batch)": 0.8549887154844436,
    "num_batches": 40,
    "batch_size": 128,
    "device": "cpu",
    "throughput_bps": 24576324.364812415,
    "sample_persec": 149.70957824568967,
    "result_path": "result/Batches/128/run 2",
    "data_path": "37.pt"
}