{
    "total_cpu_time (seconds)": 25.69573725000007,
    "total_cpu_memory (MB)": 71466.756972,
    "execution_time (seconds/batch)": 0.6432729059260726,
    "num_batches": 40,
    "batch_size": 128,
    "device": "cpu",
    "throughput_bps": 32664954.18418079,
    "sample_persec": 198.98242071260228,
    "result_path": "result/Batches/128/run 2",
    "data_path": "39.pt"
}