{
    "total_cpu_time (seconds)": 22.56099223499999,
    "total_cpu_memory (MB)": 71466.75694,
    "execution_time (seconds/batch)": 0.564796989258752,
    "num_batches": 40,
    "batch_size": 128,
    "device": "cpu",
    "throughput_bps": 37203597.75213585,
    "sample_persec": 226.63010326593476,
    "result_path": "result/Batches/128/run 2",
    "data_path": "40.pt"
}