{
    "total_cpu_time (seconds)": 23.366914783999793,
    "total_cpu_memory (MB)": 71466.756996,
    "execution_time (seconds/batch)": 0.5849726368769751,
    "num_batches": 40,
    "batch_size": 128,
    "device": "cpu",
    "throughput_bps": 35920449.39431776,
    "sample_persec": 218.8136537178226,
    "result_path": "result/Batches/128/run 2",
    "data_path": "43.pt"
}