{
    "total_cpu_time (seconds)": 24.154616419000316,
    "total_cpu_memory (MB)": 71466.73086,
    "execution_time (seconds/batch)": 0.6046921380074399,
    "num_batches": 40,
    "batch_size": 128,
    "device": "cpu",
    "throughput_bps": 34749054.40186402,
    "sample_persec": 211.6779629743179,
    "result_path": "result/Batches/128/run 2",
    "data_path": "44.pt"
}