{
    "total_cpu_time (seconds)": 24.51844420999977,
    "total_cpu_memory (MB)": 71466.756964,
    "execution_time (seconds/batch)": 0.6138002853275906,
    "num_batches": 40,
    "batch_size": 128,
    "device": "cpu",
    "throughput_bps": 34233415.171492554,
    "sample_persec": 208.53688579125583,
    "result_path": "result/Batches/128/run 2",
    "data_path": "47.pt"
}