{
    "total_cpu_time (seconds)": 22.192010194000474,
    "total_cpu_memory (MB)": 71466.756988,
    "execution_time (seconds/batch)": 0.5555598092767574,
    "num_batches": 40,
    "batch_size": 128,
    "device": "cpu",
    "throughput_bps": 37822174.407026686,
    "sample_persec": 230.39823591025026,
    "result_path": "result/Batches/128/run 2",
    "data_path": "48.pt"
}