{
    "total_cpu_time (seconds)": 23.032564392999678,
    "total_cpu_memory (MB)": 71466.756972,
    "execution_time (seconds/batch)": 0.5766024334644941,
    "num_batches": 40,
    "batch_size": 128,
    "device": "cpu",
    "throughput_bps": 36441885.74395584,
    "sample_persec": 221.99004473657314,
    "result_path": "result/Batches/128/run 2",
    "data_path": "50.pt"
}