{
    "total_cpu_time (seconds)": 22.31216457400009,
    "total_cpu_memory (MB)": 71466.756876,
    "execution_time (seconds/batch)": 0.5585677812384141,
    "num_batches": 40,
    "batch_size": 128,
    "device": "cpu",
    "throughput_bps": 37618496.27884502,
    "sample_persec": 229.15750657191165,
    "result_path": "result/Batches/128/run 2",
    "data_path": "51.pt"
}