{
    "total_cpu_time (seconds)": 22.66662866700037,
    "total_cpu_memory (MB)": 71466.756948,
    "execution_time (seconds/batch)": 0.567441515622149,
    "num_batches": 40,
    "batch_size": 128,
    "device": "cpu",
    "throughput_bps": 37030212.66775254,
    "sample_persec": 225.57390757646527,
    "result_path": "result/Batches/128/run 2",
    "data_path": "106.pt"
}