{
    "total_cpu_time (seconds)": 23.52527884100019,
    "total_cpu_memory (MB)": 71466.756972,
    "execution_time (seconds/batch)": 0.588937158546455,
    "num_batches": 40,
    "batch_size": 128,
    "device": "cpu",
    "throughput_bps": 35678645.327560104,
    "sample_persec": 217.34067572831447,
    "result_path": "result/Batches/128/run 2",
    "data_path": "107.pt"
}