{
    "total_cpu_time (seconds)": 96.2058088500009,
    "total_cpu_memory (MB)": 71460.392972,
    "execution_time (seconds/batch)": 4.816876015177045,
    "num_batches": 20,
    "batch_size": 256,
    "device": "cpu",
    "throughput_bps": 8724525.993109949,
    "sample_persec": 53.14647900286275,
    "result_path": "result/Batches/256/run 1",
    "data_path": "1.pt"
}