{
    "total_cpu_time (seconds)": 44.264891568000195,
    "total_cpu_memory (MB)": 71460.480308,
    "execution_time (seconds/batch)": 2.21627464138628,
    "num_batches": 20,
    "batch_size": 256,
    "device": "cpu",
    "throughput_bps": 18961982.064512268,
    "sample_persec": 115.50915000312054,
    "result_path": "result/Batches/256/run 1",
    "data_path": "11.pt"
}