{
    "total_cpu_time (seconds)": 34.378532492999916,
    "total_cpu_memory (MB)": 71460.480308,
    "execution_time (seconds/batch)": 1.7212799370639504,
    "num_batches": 20,
    "batch_size": 256,
    "device": "cpu",
    "throughput_bps": 24414947.908870358,
    "sample_persec": 148.72653453259235,
    "result_path": "result/Batches/256/run 1",
    "data_path": "110.pt"
}