{
    "total_cpu_time (seconds)": 32.90989044300003,
    "total_cpu_memory (MB)": 71460.480308,
    "execution_time (seconds/batch)": 1.6477473016639952,
    "num_batches": 20,
    "batch_size": 256,
    "device": "cpu",
    "throughput_bps": 25504493.29066456,
    "sample_persec": 155.36362871993518,
    "result_path": "result/Batches/256/run 1",
    "data_path": "113.pt"
}