{
    "total_cpu_time (seconds)": 25.905534360999905,
    "total_cpu_memory (MB)": 71460.480308,
    "execution_time (seconds/batch)": 1.2970500286360211,
    "num_batches": 20,
    "batch_size": 256,
    "device": "cpu",
    "throughput_bps": 32400415.614032626,
    "sample_persec": 197.37095281452622,
    "result_path": "result/Batches/256/run 1",
    "data_path": "115.pt"
}