{
    "total_cpu_time (seconds)": 28.798316530999774,
    "total_cpu_memory (MB)": 71460.480308,
    "execution_time (seconds/batch)": 1.4418871566469669,
    "num_batches": 20,
    "batch_size": 256,
    "device": "cpu",
    "throughput_bps": 29145803.682534244,
    "sample_persec": 177.54510040530118,
    "result_path": "result/Batches/256/run 1",
    "data_path": "121.pt"
}