{
    "total_cpu_time (seconds)": 21.512430583999976,
    "total_cpu_memory (MB)": 71460.462884,
    "execution_time (seconds/batch)": 1.077094118815567,
    "num_batches": 20,
    "batch_size": 256,
    "device": "cpu",
    "throughput_bps": 39016980.28600602,
    "sample_persec": 237.6765368299587,
    "result_path": "result/Batches/256/run 1",
    "data_path": "123.pt"
}