{
    "total_cpu_time (seconds)": 1.4829833020000012,
    "total_cpu_memory (MB)": 3359.010012,
    "execution_time (seconds/batch)": 1.5818488554666679,
    "num_batches": 1,
    "batch_size": 256,
    "device": "cpu",
    "throughput_bps": 26566988.27752544,
    "sample_persec": 161.83594223638792,
    "result_path": "result/Batches/256/run 1",
    "data_path": "130.pt"
}