{
    "total_cpu_time (seconds)": 23.67127618199987,
    "total_cpu_memory (MB)": 71460.480276,
    "execution_time (seconds/batch)": 1.1851841780934806,
    "num_batches": 20,
    "batch_size": 256,
    "device": "cpu",
    "throughput_bps": 35458590.13035636,
    "sample_persec": 216.0001835426191,
    "result_path": "result/Batches/256/run 1",
    "data_path": "14.pt"
}