{
    "total_cpu_time (seconds)": 22.907109632000058,
    "total_cpu_memory (MB)": 71460.480308,
    "execution_time (seconds/batch)": 1.14692354112889,
    "num_batches": 20,
    "batch_size": 256,
    "device": "cpu",
    "throughput_bps": 36641466.05503956,
    "sample_persec": 223.20581173878878,
    "result_path": "result/Batches/256/run 1",
    "data_path": "15.pt"
}