{
    "total_cpu_time (seconds)": 23.490734569999766,
    "total_cpu_memory (MB)": 71460.480316,
    "execution_time (seconds/batch)": 1.176144738885183,
    "num_batches": 20,
    "batch_size": 256,
    "device": "cpu",
    "throughput_bps": 35731112.51582323,
    "sample_persec": 217.66028579327013,
    "result_path": "result/Batches/256/run 1",
    "data_path": "21.pt"
}