{
    "total_cpu_time (seconds)": 22.81635745199976,
    "total_cpu_memory (MB)": 71460.480308,
    "execution_time (seconds/batch)": 1.1423797198732522,
    "num_batches": 20,
    "batch_size": 256,
    "device": "cpu",
    "throughput_bps": 36787207.67615053,
    "sample_persec": 224.09361401163824,
    "result_path": "result/Batches/256/run 1",
    "data_path": "22.pt"
}