{
    "total_cpu_time (seconds)": 21.050370133000182,
    "total_cpu_memory (MB)": 71460.480308,
    "execution_time (seconds/batch)": 1.053959466858605,
    "num_batches": 20,
    "batch_size": 256,
    "device": "cpu",
    "throughput_bps": 39873411.949378036,
    "sample_persec": 242.89359130956407,
    "result_path": "result/Batches/256/run 1",
    "data_path": "29.pt"
}