{
    "total_cpu_time (seconds)": 20.814781112,
    "total_cpu_memory (MB)": 71460.480324,
    "execution_time (seconds/batch)": 1.0421638890420497,
    "num_batches": 20,
    "batch_size": 256,
    "device": "cpu",
    "throughput_bps": 40324713.26427274,
    "sample_persec": 245.6427464928895,
    "result_path": "result/Batches/256/run 1",
    "data_path": "44.pt"
}