{
    "total_cpu_time (seconds)": 30.052647621000222,
    "total_cpu_memory (MB)": 71460.480316,
    "execution_time (seconds/batch)": 1.5046895738267274,
    "num_batches": 20,
    "batch_size": 256,
    "device": "cpu",
    "throughput_bps": 27929322.25423886,
    "sample_persec": 170.13476032065583,
    "result_path": "result/Batches/256/run 1",
    "data_path": "46.pt"
}