{
    "total_cpu_time (seconds)": 25.486464751000135,
    "total_cpu_memory (MB)": 71460.480276,
    "execution_time (seconds/batch)": 1.27606786157951,
    "num_batches": 20,
    "batch_size": 256,
    "device": "cpu",
    "throughput_bps": 32933170.143460654,
    "sample_persec": 200.61628986026227,
    "result_path": "result/Batches/256/run 1",
    "data_path": "47.pt"
}