{
    "total_cpu_time (seconds)": 24.142426990000025,
    "total_cpu_memory (MB)": 71461.283356,
    "execution_time (seconds/batch)": 2.417547940324665,
    "num_batches": 10,
    "batch_size": 512,
    "device": "cpu",
    "throughput_bps": 34766599.080849044,
    "sample_persec": 211.78483845546444,
    "result_path": "result/total/run 1",
    "data_path": "2.pt"
}