{
    "total_cpu_time (seconds)": 24.94805993599996,
    "total_cpu_memory (MB)": 71461.283356,
    "execution_time (seconds/batch)": 2.498221530849204,
    "num_batches": 10,
    "batch_size": 512,
    "device": "cpu",
    "throughput_bps": 33643901.856625766,
    "sample_persec": 204.94579591024467,
    "result_path": "result/total/run 1",
    "data_path": "11.pt"
}