{
    "total_cpu_time (seconds)": 25.167145913000105,
    "total_cpu_memory (MB)": 71461.283356,
    "execution_time (seconds/batch)": 2.5201601227177886,
    "num_batches": 10,
    "batch_size": 512,
    "device": "cpu",
    "throughput_bps": 33351023.70771543,
    "sample_persec": 203.1616941259468,
    "result_path": "result/total/run 1",
    "data_path": "101.pt"
}