{
    "total_cpu_time (seconds)": 24.162496244999744,
    "total_cpu_memory (MB)": 71461.283372,
    "execution_time (seconds/batch)": 2.4195576134245784,
    "num_batches": 10,
    "batch_size": 512,
    "device": "cpu",
    "throughput_bps": 34737722.10823199,
    "sample_persec": 211.60893097119876,
    "result_path": "result/total/run 1",
    "data_path": "104.pt"
}