{
    "total_cpu_time (seconds)": 23.391539408999908,
    "total_cpu_memory (MB)": 71461.283356,
    "execution_time (seconds/batch)": 2.3423563812650015,
    "num_batches": 10,
    "batch_size": 512,
    "device": "cpu",
    "throughput_bps": 35882635.39752581,
    "sample_persec": 218.583305296819,
    "result_path": "result/total/run 1",
    "data_path": "106.pt"
}