{
    "total_cpu_time (seconds)": 26.653621764000096,
    "total_cpu_memory (MB)": 71461.283356,
    "execution_time (seconds/batch)": 2.669011215170751,
    "num_batches": 10,
    "batch_size": 512,
    "device": "cpu",
    "throughput_bps": 31491032.904716693,
    "sample_persec": 191.8313407938395,
    "result_path": "result/total/run 1",
    "data_path": "108.pt"
}