{
    "total_cpu_time (seconds)": 21.756717404000145,
    "total_cpu_memory (MB)": 71461.283356,
    "execution_time (seconds/batch)": 2.17865036394447,
    "num_batches": 10,
    "batch_size": 512,
    "device": "cpu",
    "throughput_bps": 38578893.33276346,
    "sample_persec": 235.00787848905617,
    "result_path": "result/total/run 1",
    "data_path": "109.pt"
}