{
    "total_cpu_time (seconds)": 23.51836581700011,
    "total_cpu_memory (MB)": 71461.283356,
    "execution_time (seconds/batch)": 2.355056385351859,
    "num_batches": 10,
    "batch_size": 512,
    "device": "cpu",
    "throughput_bps": 35689132.762501754,
    "sample_persec": 217.4045611750838,
    "result_path": "result/total/run 1",
    "data_path": "110.pt"
}