{
    "total_cpu_time (seconds)": 23.401464603999884,
    "total_cpu_memory (MB)": 71461.283356,
    "execution_time (seconds/batch)": 2.343350259583012,
    "num_batches": 10,
    "batch_size": 512,
    "device": "cpu",
    "throughput_bps": 35867416.59992232,
    "sample_persec": 218.4905981964079,
    "result_path": "result/total/run 1",
    "data_path": "12.pt"
}