{
    "total_cpu_time (seconds)": 24.579248129999975,
    "total_cpu_memory (MB)": 71461.283356,
    "execution_time (seconds/batch)": 2.461289857727359,
    "num_batches": 10,
    "batch_size": 512,
    "device": "cpu",
    "throughput_bps": 34148728.86105654,
    "sample_persec": 208.0210091438629,
    "result_path": "result/total/run 1",
    "data_path": "111.pt"
}