{
    "total_cpu_time (seconds)": 21.945347106000238,
    "total_cpu_memory (MB)": 71461.283356,
    "execution_time (seconds/batch)": 2.197539158668516,
    "num_batches": 10,
    "batch_size": 512,
    "device": "cpu",
    "throughput_bps": 38247291.14311922,
    "sample_persec": 232.98788464375747,
    "result_path": "result/total/run 1",
    "data_path": "112.pt"
}