{
    "total_cpu_time (seconds)": 22.997509526999927,
    "total_cpu_memory (MB)": 71461.28334,
    "execution_time (seconds/batch)": 2.3028994480391085,
    "num_batches": 10,
    "batch_size": 512,
    "device": "cpu",
    "throughput_bps": 36497433.73362111,
    "sample_persec": 222.32842186660034,
    "result_path": "result/total/run 1",
    "data_path": "115.pt"
}