{
    "total_cpu_time (seconds)": 23.790233398999902,
    "total_cpu_memory (MB)": 71461.283356,
    "execution_time (seconds/batch)": 2.3822803638349206,
    "num_batches": 10,
    "batch_size": 512,
    "device": "cpu",
    "throughput_bps": 35281288.1623635,
    "sample_persec": 214.92012769470944,
    "result_path": "result/total/run 1",
    "data_path": "116.pt"
}