{
    "total_cpu_time (seconds)": 25.02850916800006,
    "total_cpu_memory (MB)": 71461.283356,
    "execution_time (seconds/batch)": 2.5062774680258224,
    "num_batches": 10,
    "batch_size": 512,
    "device": "cpu",
    "throughput_bps": 33535760.13521182,
    "sample_persec": 204.2870378606958,
    "result_path": "result/total/run 1",
    "data_path": "117.pt"
}