{
    "total_cpu_time (seconds)": 25.995327413999803,
    "total_cpu_memory (MB)": 71461.283356,
    "execution_time (seconds/batch)": 2.6030916557731074,
    "num_batches": 10,
    "batch_size": 512,
    "device": "cpu",
    "throughput_bps": 32288498.10708548,
    "sample_persec": 196.68919412210943,
    "result_path": "result/total/run 1",
    "data_path": "119.pt"
}