{
    "total_cpu_time (seconds)": 23.358387327999907,
    "total_cpu_memory (MB)": 71461.283356,
    "execution_time (seconds/batch)": 2.339036634448651,
    "num_batches": 10,
    "batch_size": 512,
    "device": "cpu",
    "throughput_bps": 35933562.887445726,
    "sample_persec": 218.8935361077347,
    "result_path": "result/total/run 1",
    "data_path": "121.pt"
}