{
    "total_cpu_time (seconds)": 26.665204314000167,
    "total_cpu_memory (MB)": 71461.283356,
    "execution_time (seconds/batch)": 2.670171055890492,
    "num_batches": 10,
    "batch_size": 512,
    "device": "cpu",
    "throughput_bps": 31477354.162229754,
    "sample_persec": 191.7480151207953,
    "result_path": "result/total/run 1",
    "data_path": "122.pt"
}