{
    "total_cpu_time (seconds)": 24.631575001999884,
    "total_cpu_memory (MB)": 71461.28334,
    "execution_time (seconds/batch)": 2.4665297087862195,
    "num_batches": 10,
    "batch_size": 512,
    "device": "cpu",
    "throughput_bps": 34076183.91969866,
    "sample_persec": 207.5790930780864,
    "result_path": "result/total/run 1",
    "data_path": "125.pt"
}