{
    "total_cpu_time (seconds)": 23.496568282000002,
    "total_cpu_memory (MB)": 71461.283356,
    "execution_time (seconds/batch)": 2.3528736476401333,
    "num_batches": 10,
    "batch_size": 512,
    "device": "cpu",
    "throughput_bps": 35722241.219497584,
    "sample_persec": 217.60624524547748,
    "result_path": "result/total/run 1",
    "data_path": "126.pt"
}