{
    "total_cpu_time (seconds)": 24.936656165999953,
    "total_cpu_memory (MB)": 71461.283372,
    "execution_time (seconds/batch)": 2.4970795926055107,
    "num_batches": 10,
    "batch_size": 512,
    "device": "cpu",
    "throughput_bps": 33659287.53288171,
    "sample_persec": 205.03951957164784,
    "result_path": "result/total/run 1",
    "data_path": "127.pt"
}