{
    "total_cpu_time (seconds)": 23.433318976000216,
    "total_cpu_memory (MB)": 71461.283356,
    "execution_time (seconds/batch)": 2.3465400578353433,
    "num_batches": 10,
    "batch_size": 512,
    "device": "cpu",
    "throughput_bps": 35818659.78351765,
    "sample_persec": 218.19359029920597,
    "result_path": "result/total/run 1",
    "data_path": "128.pt"
}