{
    "total_cpu_time (seconds)": 4.780064679999999,
    "total_cpu_memory (MB)": 3359.010012,
    "execution_time (seconds/batch)": 10.197471317333331,
    "num_batches": 1,
    "batch_size": 512,
    "device": "cpu",
    "throughput_bps": 8242231.567460717,
    "sample_persec": 50.20852563024316,
    "result_path": "result/total/run 1",
    "data_path": "130.pt"
}