{
    "total_cpu_time (seconds)": 26.049172133999896,
    "total_cpu_memory (MB)": 71461.28334,
    "execution_time (seconds/batch)": 2.6084834994343726,
    "num_batches": 10,
    "batch_size": 512,
    "device": "cpu",
    "throughput_bps": 32221756.441329036,
    "sample_persec": 196.2826293940609,
    "result_path": "result/total/run 1",
    "data_path": "14.pt"
}