{
    "total_cpu_time (seconds)": 24.867632762000163,
    "total_cpu_memory (MB)": 71461.283356,
    "execution_time (seconds/batch)": 2.4901678024924867,
    "num_batches": 10,
    "batch_size": 512,
    "device": "cpu",
    "throughput_bps": 33752713.33757983,
    "sample_persec": 205.6086338790194,
    "result_path": "result/total/run 1",
    "data_path": "15.pt"
}