{
    "total_cpu_time (seconds)": 24.133964025000058,
    "total_cpu_memory (MB)": 71461.283356,
    "execution_time (seconds/batch)": 2.4167004851946077,
    "num_batches": 10,
    "batch_size": 512,
    "device": "cpu",
    "throughput_bps": 34778790.5513793,
    "sample_persec": 211.85910423598503,
    "result_path": "result/total/run 1",
    "data_path": "16.pt"
}