{
    "total_cpu_time (seconds)": 22.86857477100011,
    "total_cpu_memory (MB)": 71461.283356,
    "execution_time (seconds/batch)": 2.289988320506954,
    "num_batches": 10,
    "batch_size": 512,
    "device": "cpu",
    "throughput_bps": 36703209.02832953,
    "sample_persec": 223.58192634216329,
    "result_path": "result/total/run 1",
    "data_path": "17.pt"
}