{
    "total_cpu_time (seconds)": 25.65837737999988,
    "total_cpu_memory (MB)": 71461.283356,
    "execution_time (seconds/batch)": 2.569350521916671,
    "num_batches": 10,
    "batch_size": 512,
    "device": "cpu",
    "throughput_bps": 32712515.977501143,
    "sample_persec": 199.27214898575258,
    "result_path": "result/total/run 1",
    "data_path": "18.pt"
}