{
    "total_cpu_time (seconds)": 23.70811493799991,
    "total_cpu_memory (MB)": 71461.283356,
    "execution_time (seconds/batch)": 2.3740572752309705,
    "num_batches": 10,
    "batch_size": 512,
    "device": "cpu",
    "throughput_bps": 35403492.947246954,
    "sample_persec": 215.6645525538923,
    "result_path": "result/total/run 1",
    "data_path": "21.pt"
}