{
    "total_cpu_time (seconds)": 24.084015557000114,
    "total_cpu_memory (MB)": 71461.283356,
    "execution_time (seconds/batch)": 2.411698800153346,
    "num_batches": 10,
    "batch_size": 512,
    "device": "cpu",
    "throughput_bps": 34850919.19217099,
    "sample_persec": 212.29848435776677,
    "result_path": "result/total/run 1",
    "data_path": "22.pt"
}