{
    "total_cpu_time (seconds)": 23.593069787000015,
    "total_cpu_memory (MB)": 71461.283356,
    "execution_time (seconds/batch)": 2.362537009768044,
    "num_batches": 10,
    "batch_size": 512,
    "device": "cpu",
    "throughput_bps": 35576128.396080494,
    "sample_persec": 216.71618175000302,
    "result_path": "result/total/run 1",
    "data_path": "23.pt"
}