{
    "total_cpu_time (seconds)": 23.819635502000185,
    "total_cpu_memory (MB)": 71461.283364,
    "execution_time (seconds/batch)": 2.385224599457089,
    "num_batches": 10,
    "batch_size": 512,
    "device": "cpu",
    "throughput_bps": 35237738.206762984,
    "sample_persec": 214.6548380041605,
    "result_path": "result/total/run 1",
    "data_path": "24.pt"
}