{
    "total_cpu_time (seconds)": 27.186258859999995,
    "total_cpu_memory (MB)": 71461.283356,
    "execution_time (seconds/batch)": 2.7223478459456283,
    "num_batches": 10,
    "batch_size": 512,
    "device": "cpu",
    "throughput_bps": 30874056.056126297,
    "sample_persec": 188.0729535582742,
    "result_path": "result/total/run 1",
    "data_path": "25.pt"
}