{
    "total_cpu_time (seconds)": 32.496290501000026,
    "total_cpu_memory (MB)": 71461.28334,
    "execution_time (seconds/batch)": 3.2540779848449075,
    "num_batches": 10,
    "batch_size": 512,
    "device": "cpu",
    "throughput_bps": 25829104.401136808,
    "sample_persec": 157.34103558197373,
    "result_path": "result/total/run 1",
    "data_path": "27.pt"
}