{
    "total_cpu_time (seconds)": 27.82775569199995,
    "total_cpu_memory (MB)": 71461.283364,
    "execution_time (seconds/batch)": 2.7865853538634804,
    "num_batches": 10,
    "batch_size": 512,
    "device": "cpu",
    "throughput_bps": 30162334.65932361,
    "sample_persec": 183.73741873369647,
    "result_path": "result/total/run 1",
    "data_path": "28.pt"
}