{
    "total_cpu_time (seconds)": 25.1225537920001,
    "total_cpu_memory (MB)": 71461.283356,
    "execution_time (seconds/batch)": 2.5156948056921675,
    "num_batches": 10,
    "batch_size": 512,
    "device": "cpu",
    "throughput_bps": 33410221.227878448,
    "sample_persec": 203.5223028014038,
    "result_path": "result/total/run 1",
    "data_path": "29.pt"
}