{
    "total_cpu_time (seconds)": 24.847737420999877,
    "total_cpu_memory (MB)": 71461.283372,
    "execution_time (seconds/batch)": 2.488175544602374,
    "num_batches": 10,
    "batch_size": 512,
    "device": "cpu",
    "throughput_bps": 33779738.80594173,
    "sample_persec": 205.77326270676005,
    "result_path": "result/total/run 1",
    "data_path": "30.pt"
}