{
    "total_cpu_time (seconds)": 24.26093358900008,
    "total_cpu_memory (MB)": 71461.283356,
    "execution_time (seconds/batch)": 2.429414824480352,
    "num_batches": 10,
    "batch_size": 512,
    "device": "cpu",
    "throughput_bps": 34596775.79681277,
    "sample_persec": 210.75033989286536,
    "result_path": "result/total/run 1",
    "data_path": "4.pt"
}