{
    "total_cpu_time (seconds)": 25.42735078999995,
    "total_cpu_memory (MB)": 71461.283356,
    "execution_time (seconds/batch)": 2.546216234007427,
    "num_batches": 10,
    "batch_size": 512,
    "device": "cpu",
    "throughput_bps": 33009733.767864604,
    "sample_persec": 201.0826862077522,
    "result_path": "result/total/run 1",
    "data_path": "32.pt"
}