{
    "total_cpu_time (seconds)": 25.488304055000057,
    "total_cpu_memory (MB)": 71461.283356,
    "execution_time (seconds/batch)": 2.55231990537063,
    "num_batches": 10,
    "batch_size": 512,
    "device": "cpu",
    "throughput_bps": 32930793.598067746,
    "sample_persec": 200.6018128537265,
    "result_path": "result/total/run 1",
    "data_path": "33.pt"
}