{
    "total_cpu_time (seconds)": 25.892842030999777,
    "total_cpu_memory (MB)": 71461.283356,
    "execution_time (seconds/batch)": 2.592829086616837,
    "num_batches": 10,
    "batch_size": 512,
    "device": "cpu",
    "throughput_bps": 32416297.870859522,
    "sample_persec": 197.46770145504095,
    "result_path": "result/total/run 1",
    "data_path": "34.pt"
}