{
    "total_cpu_time (seconds)": 23.397824825999976,
    "total_cpu_memory (MB)": 71461.283356,
    "execution_time (seconds/batch)": 2.3429857834758434,
    "num_batches": 10,
    "batch_size": 512,
    "device": "cpu",
    "throughput_bps": 35872996.15421101,
    "sample_persec": 218.52458670937506,
    "result_path": "result/total/run 1",
    "data_path": "36.pt"
}