{
    "total_cpu_time (seconds)": 23.15619501399984,
    "total_cpu_memory (MB)": 71461.283356,
    "execution_time (seconds/batch)": 2.3187897217226516,
    "num_batches": 10,
    "batch_size": 512,
    "device": "cpu",
    "throughput_bps": 36247322.99466917,
    "sample_persec": 220.8048428037839,
    "result_path": "result/total/run 1",
    "data_path": "37.pt"
}