{
    "total_cpu_time (seconds)": 26.679125368999962,
    "total_cpu_memory (MB)": 71461.283356,
    "execution_time (seconds/batch)": 2.6715650672653983,
    "num_batches": 10,
    "batch_size": 512,
    "device": "cpu",
    "throughput_bps": 31460929.411699906,
    "sample_persec": 191.64796181591072,
    "result_path": "result/total/run 1",
    "data_path": "38.pt"
}