{
    "total_cpu_time (seconds)": 24.25070652699986,
    "total_cpu_memory (MB)": 71461.283364,
    "execution_time (seconds/batch)": 2.4283907181349362,
    "num_batches": 10,
    "batch_size": 512,
    "device": "cpu",
    "throughput_bps": 34611366.02620208,
    "sample_persec": 210.83921799587037,
    "result_path": "result/total/run 1",
    "data_path": "40.pt"
}