{
    "total_cpu_time (seconds)": 22.998086951999994,
    "total_cpu_memory (MB)": 71461.283364,
    "execution_time (seconds/batch)": 2.30295726959202,
    "num_batches": 10,
    "batch_size": 512,
    "device": "cpu",
    "throughput_bps": 36496517.373459496,
    "sample_persec": 222.3228397506061,
    "result_path": "result/total/run 1",
    "data_path": "41.pt"
}