{
    "total_cpu_time (seconds)": 25.55013030200017,
    "total_cpu_memory (MB)": 71461.283356,
    "execution_time (seconds/batch)": 2.5585109944502418,
    "num_batches": 10,
    "batch_size": 512,
    "device": "cpu",
    "throughput_bps": 32851107.60997928,
    "sample_persec": 200.1163962596204,
    "result_path": "result/total/run 1",
    "data_path": "42.pt"
}