{
    "total_cpu_time (seconds)": 24.280534930000012,
    "total_cpu_memory (MB)": 71461.283364,
    "execution_time (seconds/batch)": 2.4313776421200872,
    "num_batches": 10,
    "batch_size": 512,
    "device": "cpu",
    "throughput_bps": 34568846.29683073,
    "sample_persec": 210.58020404989477,
    "result_path": "result/total/run 1",
    "data_path": "43.pt"
}