{
    "total_cpu_time (seconds)": 88.6059559600003,
    "total_cpu_memory (MB)": 71457.977372,
    "execution_time (seconds/batch)": 8.872726276456122,
    "num_batches": 10,
    "batch_size": 512,
    "device": "cpu",
    "throughput_bps": 9472840.407916944,
    "sample_persec": 57.70492451216462,
    "result_path": "result/total/run 1",
    "data_path": "44.pt"
}