{
    "total_cpu_time (seconds)": 23.869674869999905,
    "total_cpu_memory (MB)": 71461.283356,
    "execution_time (seconds/batch)": 2.390235386943077,
    "num_batches": 10,
    "batch_size": 512,
    "device": "cpu",
    "throughput_bps": 35163867.31580158,
    "sample_persec": 214.20484475999987,
    "result_path": "result/total/run 1",
    "data_path": "45.pt"
}