{
    "total_cpu_time (seconds)": 23.886057930999883,
    "total_cpu_memory (MB)": 71461.283356,
    "execution_time (seconds/batch)": 2.3918759359812127,
    "num_batches": 10,
    "batch_size": 512,
    "device": "cpu",
    "throughput_bps": 35139748.98765828,
    "sample_persec": 214.05792511975068,
    "result_path": "result/total/run 1",
    "data_path": "46.pt"
}