{
    "total_cpu_time (seconds)": 23.48544104899995,
    "total_cpu_memory (MB)": 71461.283372,
    "execution_time (seconds/batch)": 2.3517594009559892,
    "num_batches": 10,
    "batch_size": 512,
    "device": "cpu",
    "throughput_bps": 35739166.160379216,
    "sample_persec": 217.70934551887925,
    "result_path": "result/total/run 1",
    "data_path": "47.pt"
}