{
    "total_cpu_time (seconds)": 25.472849316000097,
    "total_cpu_memory (MB)": 71461.283356,
    "execution_time (seconds/batch)": 2.5507723156252786,
    "num_batches": 10,
    "batch_size": 512,
    "device": "cpu",
    "throughput_bps": 32950773.177650936,
    "sample_persec": 200.72352081902375,
    "result_path": "result/total/run 1",
    "data_path": "48.pt"
}