{
    "total_cpu_time (seconds)": 25.390199600999974,
    "total_cpu_memory (MB)": 71461.283364,
    "execution_time (seconds/batch)": 2.5424960288894947,
    "num_batches": 10,
    "batch_size": 512,
    "device": "cpu",
    "throughput_bps": 33058033.93396493,
    "sample_persec": 201.37691236577078,
    "result_path": "result/total/run 1",
    "data_path": "49.pt"
}