{
    "total_cpu_time (seconds)": 23.537009116999922,
    "total_cpu_memory (MB)": 71461.283364,
    "execution_time (seconds/batch)": 2.356923267730092,
    "num_batches": 10,
    "batch_size": 512,
    "device": "cpu",
    "throughput_bps": 35660863.95377092,
    "sample_persec": 217.23235839285402,
    "result_path": "result/total/run 1",
    "data_path": "50.pt"
}