{
    "total_cpu_time (seconds)": 24.480060898999856,
    "total_cpu_memory (MB)": 71461.283356,
    "execution_time (seconds/batch)": 2.4513575553076326,
    "num_batches": 10,
    "batch_size": 512,
    "device": "cpu",
    "throughput_bps": 34287091.17444606,
    "sample_persec": 208.86385949345797,
    "result_path": "result/total/run 1",
    "data_path": "52.pt"
}