{
    "total_cpu_time (seconds)": 25.47547709399989,
    "total_cpu_memory (MB)": 71461.283356,
    "execution_time (seconds/batch)": 2.5510354531836383,
    "num_batches": 10,
    "batch_size": 512,
    "device": "cpu",
    "throughput_bps": 32947374.327984143,
    "sample_persec": 200.70281632543947,
    "result_path": "result/total/run 1",
    "data_path": "53.pt"
}