{
    "total_cpu_time (seconds)": 26.352952860999885,
    "total_cpu_memory (MB)": 71461.283364,
    "execution_time (seconds/batch)": 2.638903161516124,
    "num_batches": 10,
    "batch_size": 512,
    "device": "cpu",
    "throughput_bps": 31850323.735150237,
    "sample_persec": 194.02000325993077,
    "result_path": "result/total/run 1",
    "data_path": "54.pt"
}