{
    "total_cpu_time (seconds)": 23.96066043199989,
    "total_cpu_memory (MB)": 71461.283364,
    "execution_time (seconds/batch)": 2.3993463996057,
    "num_batches": 10,
    "batch_size": 512,
    "device": "cpu",
    "throughput_bps": 35030339.93499749,
    "sample_persec": 213.3914469724506,
    "result_path": "result/total/run 1",
    "data_path": "57.pt"
}