{
    "total_cpu_time (seconds)": 26.205209123000145,
    "total_cpu_memory (MB)": 71461.281308,
    "execution_time (seconds/batch)": 2.624108560722878,
    "num_batches": 10,
    "batch_size": 512,
    "device": "cpu",
    "throughput_bps": 32029894.364144105,
    "sample_persec": 195.11387892387978,
    "result_path": "result/total/run 1",
    "data_path": "59.pt"
}