{
    "total_cpu_time (seconds)": 24.435907222000044,
    "total_cpu_memory (MB)": 71461.283364,
    "execution_time (seconds/batch)": 2.4469361427076124,
    "num_batches": 10,
    "batch_size": 512,
    "device": "cpu",
    "throughput_bps": 34349045.13159714,
    "sample_persec": 209.2412593299046,
    "result_path": "result/total/run 1",
    "data_path": "61.pt"
}