{
    "total_cpu_time (seconds)": 30.778418173999867,
    "total_cpu_memory (MB)": 71461.283356,
    "execution_time (seconds/batch)": 3.0820555652430923,
    "num_batches": 10,
    "batch_size": 512,
    "device": "cpu",
    "throughput_bps": 27270734.813429844,
    "sample_persec": 166.12289725529877,
    "result_path": "result/total/run 1",
    "data_path": "62.pt"
}