{
    "total_cpu_time (seconds)": 23.610590646000063,
    "total_cpu_memory (MB)": 71461.28334,
    "execution_time (seconds/batch)": 2.3642914943774755,
    "num_batches": 10,
    "batch_size": 512,
    "device": "cpu",
    "throughput_bps": 35549728.195478104,
    "sample_persec": 216.5553618145596,
    "result_path": "result/total/run 1",
    "data_path": "65.pt"
}