{
    "total_cpu_time (seconds)": 23.757350041999842,
    "total_cpu_memory (MB)": 71461.283356,
    "execution_time (seconds/batch)": 2.3789875262084723,
    "num_batches": 10,
    "batch_size": 512,
    "device": "cpu",
    "throughput_bps": 35330122.19444258,
    "sample_persec": 215.21760596029836,
    "result_path": "result/total/run 1",
    "data_path": "66.pt"
}