{
    "total_cpu_time (seconds)": 27.715638934000037,
    "total_cpu_memory (MB)": 71461.283356,
    "execution_time (seconds/batch)": 2.775358328614907,
    "num_batches": 10,
    "batch_size": 512,
    "device": "cpu",
    "throughput_bps": 30284348.919350766,
    "sample_persec": 184.48068298824785,
    "result_path": "result/total/run 1",
    "data_path": "67.pt"
}