{
    "total_cpu_time (seconds)": 23.823662910000014,
    "total_cpu_memory (MB)": 71461.283356,
    "execution_time (seconds/batch)": 2.3856278916330935,
    "num_batches": 10,
    "batch_size": 512,
    "device": "cpu",
    "throughput_bps": 35231781.24081338,
    "sample_persec": 214.6185504435513,
    "result_path": "result/total/run 1",
    "data_path": "69.pt"
}