{
    "total_cpu_time (seconds)": 25.25233010299995,
    "total_cpu_memory (MB)": 71461.28334,
    "execution_time (seconds/batch)": 2.5286902039381918,
    "num_batches": 10,
    "batch_size": 512,
    "device": "cpu",
    "throughput_bps": 33238520.032663684,
    "sample_persec": 202.47636472139183,
    "result_path": "result/total/run 1",
    "data_path": "70.pt"
}