{
    "total_cpu_time (seconds)": 23.443611038999943,
    "total_cpu_memory (MB)": 71461.283356,
    "execution_time (seconds/batch)": 2.347570673179732,
    "num_batches": 10,
    "batch_size": 512,
    "device": "cpu",
    "throughput_bps": 35802934.90638825,
    "sample_persec": 218.0978003556789,
    "result_path": "result/total/run 1",
    "data_path": "8.pt"
}