{
    "total_cpu_time (seconds)": 21.960106931000002,
    "total_cpu_memory (MB)": 71461.283356,
    "execution_time (seconds/batch)": 2.1990171618760024,
    "num_batches": 10,
    "batch_size": 512,
    "device": "cpu",
    "throughput_bps": 38221584.37740259,
    "sample_persec": 232.83128884869998,
    "result_path": "result/total/run 1",
    "data_path": "71.pt"
}