{
    "total_cpu_time (seconds)": 24.577527076999914,
    "total_cpu_memory (MB)": 71461.283356,
    "execution_time (seconds/batch)": 2.461117516804998,
    "num_batches": 10,
    "batch_size": 512,
    "device": "cpu",
    "throughput_bps": 34151120.142004795,
    "sample_persec": 208.0355759137719,
    "result_path": "result/total/run 1",
    "data_path": "72.pt"
}