{
    "total_cpu_time (seconds)": 24.169425884999953,
    "total_cpu_memory (MB)": 71461.283356,
    "execution_time (seconds/batch)": 2.420251526133381,
    "num_batches": 10,
    "batch_size": 512,
    "device": "cpu",
    "throughput_bps": 34727762.421569064,
    "sample_persec": 211.54826036530864,
    "result_path": "result/total/run 1",
    "data_path": "74.pt"
}