{
    "total_cpu_time (seconds)": 23.320474114000085,
    "total_cpu_memory (MB)": 71461.283356,
    "execution_time (seconds/batch)": 2.3352401225049957,
    "num_batches": 10,
    "batch_size": 512,
    "device": "cpu",
    "throughput_bps": 35991981.80521163,
    "sample_persec": 219.2494018348662,
    "result_path": "result/total/run 1",
    "data_path": "75.pt"
}