{
    "total_cpu_time (seconds)": 26.747833513000053,
    "total_cpu_memory (MB)": 71461.283356,
    "execution_time (seconds/batch)": 2.6784452882174903,
    "num_batches": 10,
    "batch_size": 512,
    "device": "cpu",
    "throughput_bps": 31380114.564869594,
    "sample_persec": 191.15566864564812,
    "result_path": "result/total/run 1",
    "data_path": "76.pt"
}