{
    "total_cpu_time (seconds)": 25.276866735000002,
    "total_cpu_memory (MB)": 71461.283356,
    "execution_time (seconds/batch)": 2.5311472263485237,
    "num_batches": 10,
    "batch_size": 512,
    "device": "cpu",
    "throughput_bps": 33206254.904915925,
    "sample_persec": 202.27981789056972,
    "result_path": "result/total/run 1",
    "data_path": "9.pt"
}