{
    "total_cpu_time (seconds)": 23.288091762999855,
    "total_cpu_memory (MB)": 71461.283364,
    "execution_time (seconds/batch)": 2.3319974540692208,
    "num_batches": 10,
    "batch_size": 512,
    "device": "cpu",
    "throughput_bps": 36042029.05682295,
    "sample_persec": 219.55427057031525,
    "result_path": "result/total/run 1",
    "data_path": "81.pt"
}