{
    "total_cpu_time (seconds)": 22.97848958599998,
    "total_cpu_memory (MB)": 71461.283356,
    "execution_time (seconds/batch)": 2.3009948499964774,
    "num_batches": 10,
    "batch_size": 512,
    "device": "cpu",
    "throughput_bps": 36527643.68426494,
    "sample_persec": 222.5124493437192,
    "result_path": "result/total/run 1",
    "data_path": "83.pt"
}