{
    "total_cpu_time (seconds)": 25.136951359999973,
    "total_cpu_memory (MB)": 71461.283364,
    "execution_time (seconds/batch)": 2.5171365336045346,
    "num_batches": 10,
    "batch_size": 512,
    "device": "cpu",
    "throughput_bps": 33391085.01978662,
    "sample_persec": 203.40573233300816,
    "result_path": "result/total/run 1",
    "data_path": "84.pt"
}