{
    "total_cpu_time (seconds)": 21.970384719999995,
    "total_cpu_memory (MB)": 71461.283356,
    "execution_time (seconds/batch)": 2.200046347866223,
    "num_batches": 10,
    "batch_size": 512,
    "device": "cpu",
    "throughput_bps": 38203704.24537565,
    "sample_persec": 232.7223699157873,
    "result_path": "result/total/run 1",
    "data_path": "87.pt"
}