{
    "total_cpu_time (seconds)": 24.218128753999956,
    "total_cpu_memory (MB)": 71461.283356,
    "execution_time (seconds/batch)": 2.425128480744764,
    "num_batches": 10,
    "batch_size": 512,
    "device": "cpu",
    "throughput_bps": 34657924.58723178,
    "sample_persec": 211.12283496120722,
    "result_path": "result/total/run 1",
    "data_path": "88.pt"
}