{
    "total_cpu_time (seconds)": 23.360497922999954,
    "total_cpu_memory (MB)": 71461.283356,
    "execution_time (seconds/batch)": 2.3392479829016186,
    "num_batches": 10,
    "batch_size": 512,
    "device": "cpu",
    "throughput_bps": 35930316.330013,
    "sample_persec": 218.87375932025463,
    "result_path": "result/total/run 1",
    "data_path": "90.pt"
}