{
    "total_cpu_time (seconds)": 23.36967108299997,
    "total_cpu_memory (MB)": 71461.283364,
    "execution_time (seconds/batch)": 2.340166554761585,
    "num_batches": 10,
    "batch_size": 512,
    "device": "cpu",
    "throughput_bps": 35916212.81356316,
    "sample_persec": 218.7878460865202,
    "result_path": "result/total/run 1",
    "data_path": "93.pt"
}