{
    "total_cpu_time (seconds)": 23.876444049000202,
    "total_cpu_memory (MB)": 71461.283364,
    "execution_time (seconds/batch)": 2.390913231583826,
    "num_batches": 10,
    "batch_size": 512,
    "device": "cpu",
    "throughput_bps": 35153898.05439419,
    "sample_persec": 214.14411582842465,
    "result_path": "result/total/run 1",
    "data_path": "98.pt"
}