{
    "total_cpu_time (seconds)": 25.692322555000025,
    "total_cpu_memory (MB)": 71461.28338,
    "execution_time (seconds/batch)": 2.5727496867123043,
    "num_batches": 10,
    "batch_size": 512,
    "device": "cpu",
    "throughput_bps": 32669295.59222168,
    "sample_persec": 199.0088669116818,
    "result_path": "result/total/run 1",
    "data_path": "100.pt"
}