{
    "total_cpu_time (seconds)": 29.036281382999935,
    "total_cpu_memory (MB)": 71461.283372,
    "execution_time (seconds/batch)": 2.9076033772923853,
    "num_batches": 10,
    "batch_size": 512,
    "device": "cpu",
    "throughput_bps": 28906941.248042177,
    "sample_persec": 176.09004171565655,
    "result_path": "result/Batches/512/run 2",
    "data_path": "111.pt"
}