{
    "total_cpu_time (seconds)": 24.03273158000003,
    "total_cpu_memory (MB)": 71461.283356,
    "execution_time (seconds/batch)": 2.406563381372974,
    "num_batches": 10,
    "batch_size": 512,
    "device": "cpu",
    "throughput_bps": 34925288.3387798,
    "sample_persec": 212.75151278496466,
    "result_path": "result/Batches/512/run 2",
    "data_path": "113.pt"
}