{
    "total_cpu_time (seconds)": 21.865225643999885,
    "total_cpu_memory (MB)": 71461.283356,
    "execution_time (seconds/batch)": 2.1895160433655274,
    "num_batches": 10,
    "batch_size": 512,
    "device": "cpu",
    "throughput_bps": 38387441.94393114,
    "sample_persec": 233.841629775409,
    "result_path": "result/Batches/512/run 2",
    "data_path": "114.pt"
}