{
    "total_cpu_time (seconds)": 22.37999060900006,
    "total_cpu_memory (MB)": 71461.283356,
    "execution_time (seconds/batch)": 2.241063014239787,
    "num_batches": 10,
    "batch_size": 512,
    "device": "cpu",
    "throughput_bps": 37504487.58733872,
    "sample_persec": 228.4630091821316,
    "result_path": "result/Batches/512/run 2",
    "data_path": "121.pt"
}