{
    "total_cpu_time (seconds)": 21.416475790000188,
    "total_cpu_memory (MB)": 71461.283356,
    "execution_time (seconds/batch)": 2.144579621451222,
    "num_batches": 10,
    "batch_size": 512,
    "device": "cpu",
    "throughput_bps": 39191792.72212054,
    "sample_persec": 238.74142740083172,
    "result_path": "result/Batches/512/run 2",
    "data_path": "122.pt"
}