{
    "total_cpu_time (seconds)": 22.943691188999907,
    "total_cpu_memory (MB)": 71461.283356,
    "execution_time (seconds/batch)": 2.2975102461897032,
    "num_batches": 10,
    "batch_size": 512,
    "device": "cpu",
    "throughput_bps": 36583044.68473743,
    "sample_persec": 222.84993107174358,
    "result_path": "result/Batches/512/run 2",
    "data_path": "124.pt"
}