{
    "total_cpu_time (seconds)": 21.47870725299998,
    "total_cpu_memory (MB)": 71461.28334,
    "execution_time (seconds/batch)": 2.1508112876072736,
    "num_batches": 10,
    "batch_size": 512,
    "device": "cpu",
    "throughput_bps": 39078240.14328265,
    "sample_persec": 238.04970847516236,
    "result_path": "result/Batches/512/run 2",
    "data_path": "126.pt"
}