{
    "total_cpu_time (seconds)": 22.26160412899995,
    "total_cpu_memory (MB)": 71461.283356,
    "execution_time (seconds/batch)": 2.2292081584290973,
    "num_batches": 10,
    "batch_size": 512,
    "device": "cpu",
    "throughput_bps": 37703935.22120842,
    "sample_persec": 229.6779679654509,
    "result_path": "result/Batches/512/run 2",
    "data_path": "127.pt"
}