{
    "total_cpu_time (seconds)": 21.858897731999964,
    "total_cpu_memory (MB)": 71461.283364,
    "execution_time (seconds/batch)": 2.188882385836883,
    "num_batches": 10,
    "batch_size": 512,
    "device": "cpu",
    "throughput_bps": 38398554.688841775,
    "sample_persec": 233.9093243715995,
    "result_path": "result/Batches/512/run 2",
    "data_path": "128.pt"
}