{
    "total_cpu_time (seconds)": 21.880799159000315,
    "total_cpu_memory (MB)": 71461.283372,
    "execution_time (seconds/batch)": 2.1910755269720634,
    "num_batches": 10,
    "batch_size": 512,
    "device": "cpu",
    "throughput_bps": 38360119.934410475,
    "sample_persec": 233.67519453222758,
    "result_path": "result/Batches/512/run 2",
    "data_path": "129.pt"
}