{
    "total_cpu_time (seconds)": 4.122171606000003,
    "total_cpu_memory (MB)": 3359.010012,
    "execution_time (seconds/batch)": 8.793966092800007,
    "num_batches": 1,
    "batch_size": 512,
    "device": "cpu",
    "throughput_bps": 9557680.69981703,
    "sample_persec": 58.221739155805494,
    "result_path": "result/Batches/512/run 2",
    "data_path": "130.pt"
}