{
    "total_cpu_time (seconds)": 21.97774537799981,
    "total_cpu_memory (MB)": 71461.283356,
    "execution_time (seconds/batch)": 2.200783421383904,
    "num_batches": 10,
    "batch_size": 512,
    "device": "cpu",
    "throughput_bps": 38190909.28408913,
    "sample_persec": 232.64442790015312,
    "result_path": "result/Batches/512/run 2",
    "data_path": "15.pt"
}