{
    "total_cpu_time (seconds)": 24.381676354000113,
    "total_cpu_memory (MB)": 71461.283356,
    "execution_time (seconds/batch)": 2.4415056313804144,
    "num_batches": 10,
    "batch_size": 512,
    "device": "cpu",
    "throughput_bps": 34425445.88868248,
    "sample_persec": 209.70666355191568,
    "result_path": "result/Batches/512/run 2",
    "data_path": "102.pt"
}