{
    "total_cpu_time (seconds)": 29.747269388999925,
    "total_cpu_memory (MB)": 71461.283364,
    "execution_time (seconds/batch)": 2.9787995163637713,
    "num_batches": 10,
    "batch_size": 512,
    "device": "cpu",
    "throughput_bps": 28216037.883140244,
    "sample_persec": 171.88132238755023,
    "result_path": "result/Batches/512/run 2",
    "data_path": "18.pt"
}