{
    "total_cpu_time (seconds)": 38.673764379999824,
    "total_cpu_memory (MB)": 71461.283356,
    "execution_time (seconds/batch)": 3.87267110552707,
    "num_batches": 10,
    "batch_size": 512,
    "device": "cpu",
    "throughput_bps": 21703345.755348057,
    "sample_persec": 132.20849022507343,
    "result_path": "result/Batches/512/run 2",
    "data_path": "19.pt"
}