{
    "total_cpu_time (seconds)": 22.63302237199998,
    "total_cpu_memory (MB)": 71461.283364,
    "execution_time (seconds/batch)": 2.266400832087618,
    "num_batches": 10,
    "batch_size": 512,
    "device": "cpu",
    "throughput_bps": 37085196.409224875,
    "sample_persec": 225.90884752208137,
    "result_path": "result/Batches/512/run 2",
    "data_path": "27.pt"
}