{
    "total_cpu_time (seconds)": 22.056579980999953,
    "total_cpu_memory (MB)": 71461.283356,
    "execution_time (seconds/batch)": 2.2086776746082486,
    "num_batches": 10,
    "batch_size": 512,
    "device": "cpu",
    "throughput_bps": 38054407.37970418,
    "sample_persec": 231.81291045141433,
    "result_path": "result/Batches/512/run 2",
    "data_path": "29.pt"
}