{
    "total_cpu_time (seconds)": 21.229936469999913,
    "total_cpu_memory (MB)": 71461.283356,
    "execution_time (seconds/batch)": 2.125900151112841,
    "num_batches": 10,
    "batch_size": 512,
    "device": "cpu",
    "throughput_bps": 39536155.99302843,
    "sample_persec": 240.83915687760987,
    "result_path": "result/Batches/512/run 2",
    "data_path": "3.pt"
}