{
    "total_cpu_time (seconds)": 21.84710188099996,
    "total_cpu_memory (MB)": 71461.283356,
    "execution_time (seconds/batch)": 2.1877011858149777,
    "num_batches": 10,
    "batch_size": 512,
    "device": "cpu",
    "throughput_bps": 38419287.12430128,
    "sample_persec": 234.03561844725436,
    "result_path": "result/Batches/512/run 2",
    "data_path": "30.pt"
}