{
    "total_cpu_time (seconds)": 21.195992492999906,
    "total_cpu_memory (MB)": 71461.283356,
    "execution_time (seconds/batch)": 2.1225011062812347,
    "num_batches": 10,
    "batch_size": 512,
    "device": "cpu",
    "throughput_bps": 39599470.52619499,
    "sample_persec": 241.22484482331254,
    "result_path": "result/Batches/512/run 2",
    "data_path": "34.pt"
}