{
    "total_cpu_time (seconds)": 45.67192545699961,
    "total_cpu_memory (MB)": 71461.283364,
    "execution_time (seconds/batch)": 4.573445302950088,
    "num_batches": 10,
    "batch_size": 512,
    "device": "cpu",
    "throughput_bps": 18377812.4438886,
    "sample_persec": 111.95061186579314,
    "result_path": "result/Batches/512/run 2",
    "data_path": "104.pt"
}