{
    "total_cpu_time (seconds)": 21.856222537000047,
    "total_cpu_memory (MB)": 71461.283364,
    "execution_time (seconds/batch)": 2.188614500086842,
    "num_batches": 10,
    "batch_size": 512,
    "device": "cpu",
    "throughput_bps": 38403254.6602725,
    "sample_persec": 233.93795480185491,
    "result_path": "result/Batches/512/run 2",
    "data_path": "38.pt"
}