{
    "total_cpu_time (seconds)": 19.916758269999818,
    "total_cpu_memory (MB)": 71461.283364,
    "execution_time (seconds/batch)": 1.9944025492352644,
    "num_batches": 10,
    "batch_size": 512,
    "device": "cpu",
    "throughput_bps": 42142906.42188969,
    "sample_persec": 256.71848453880176,
    "result_path": "result/Batches/512/run 2",
    "data_path": "41.pt"
}