{
    "total_cpu_time (seconds)": 20.40562685900017,
    "total_cpu_memory (MB)": 71461.283356,
    "execution_time (seconds/batch)": 2.0433563371422037,
    "num_batches": 10,
    "batch_size": 512,
    "device": "cpu",
    "throughput_bps": 41133266.12310338,
    "sample_persec": 250.56814158810536,
    "result_path": "result/Batches/512/run 2",
    "data_path": "42.pt"
}