{
    "total_cpu_time (seconds)": 21.816581608000035,
    "total_cpu_memory (MB)": 71461.283324,
    "execution_time (seconds/batch)": 2.1846449801087457,
    "num_batches": 10,
    "batch_size": 512,
    "device": "cpu",
    "throughput_bps": 38473033.7264301,
    "sample_persec": 234.363022212659,
    "result_path": "result/Batches/512/run 2",
    "data_path": "45.pt"
}