{
    "total_cpu_time (seconds)": 21.08796104299988,
    "total_cpu_memory (MB)": 71461.283356,
    "execution_time (seconds/batch)": 2.1116831711355246,
    "num_batches": 10,
    "batch_size": 512,
    "device": "cpu",
    "throughput_bps": 39802334.53051741,
    "sample_persec": 242.4606148301499,
    "result_path": "result/Batches/512/run 2",
    "data_path": "50.pt"
}