{
    "total_cpu_time (seconds)": 36.55350181800005,
    "total_cpu_memory (MB)": 71461.283356,
    "execution_time (seconds/batch)": 3.660354572817529,
    "num_batches": 10,
    "batch_size": 512,
    "device": "cpu",
    "throughput_bps": 22962234.48519722,
    "sample_persec": 139.87715938838463,
    "result_path": "result/Batches/512/run 2",
    "data_path": "106.pt"
}