{
    "total_cpu_time (seconds)": 28.540225945000007,
    "total_cpu_memory (MB)": 71466.756908,
    "execution_time (seconds/batch)": 0.7144824801408177,
    "num_batches": 40,
    "batch_size": 128,
    "device": "cpu",
    "throughput_bps": 29409370.53608178,
    "sample_persec": 179.15064897710636,
    "result_path": "result/2GB/Batches/128/run 2",
    "data_path": "1.pt"
}