{
    "total_cpu_time (seconds)": 26.04771885900019,
    "total_cpu_memory (MB)": 71466.756972,
    "execution_time (seconds/batch)": 0.6520844932431106,
    "num_batches": 40,
    "batch_size": 128,
    "device": "cpu",
    "throughput_bps": 32223554.183132693,
    "sample_persec": 196.29358055027225,
    "result_path": "result/2GB/Batches/128/run 2",
    "data_path": "108.pt"
}