{
    "total_cpu_time (seconds)": 22.65806744299968,
    "total_cpu_memory (MB)": 71466.756996,
    "execution_time (seconds/batch)": 0.5672271920015567,
    "num_batches": 40,
    "batch_size": 128,
    "device": "cpu",
    "throughput_bps": 37044204.326407425,
    "sample_persec": 225.6591394152499,
    "result_path": "result/2GB/Batches/128/run 2",
    "data_path": "109.pt"
}