{
    "total_cpu_time (seconds)": 20.018331746999966,
    "total_cpu_memory (MB)": 71466.756452,
    "execution_time (seconds/batch)": 0.501143450736553,
    "num_batches": 40,
    "batch_size": 128,
    "device": "cpu",
    "throughput_bps": 41929072.34269352,
    "sample_persec": 255.41588902712917,
    "result_path": "result/2GB/Batches/128/run 2",
    "data_path": "11.pt"
}