{
    "total_cpu_time (seconds)": 38.78089337900017,
    "total_cpu_memory (MB)": 71466.748268,
    "execution_time (seconds/batch)": 0.9708496680054804,
    "num_batches": 40,
    "batch_size": 128,
    "device": "cpu",
    "throughput_bps": 21643392.064157747,
    "sample_persec": 131.84327524462566,
    "result_path": "result/2GB/Batches/128/run 2",
    "data_path": "110.pt"
}