{
    "total_cpu_time (seconds)": 20.361176699999962,
    "total_cpu_memory (MB)": 71466.73086,
    "execution_time (seconds/batch)": 0.5097263089380002,
    "num_batches": 40,
    "batch_size": 128,
    "device": "cpu",
    "throughput_bps": 41223063.498093486,
    "sample_persec": 251.11515288799637,
    "result_path": "result/2GB/Batches/128/run 2",
    "data_path": "111.pt"
}