{
    "total_cpu_time (seconds)": 23.826411016000154,
    "total_cpu_memory (MB)": 71466.756428,
    "execution_time (seconds/batch)": 0.5964757696162761,
    "num_batches": 40,
    "batch_size": 128,
    "device": "cpu",
    "throughput_bps": 35227717.654847436,
    "sample_persec": 214.5937966304059,
    "result_path": "result/2GB/Batches/128/run 2",
    "data_path": "112.pt"
}