{
    "total_cpu_time (seconds)": 31.374326909000224,
    "total_cpu_memory (MB)": 71466.744508,
    "execution_time (seconds/batch)": 0.7854320055450867,
    "num_batches": 40,
    "batch_size": 128,
    "device": "cpu",
    "throughput_bps": 26752767.71465077,
    "sample_persec": 162.96763958729755,
    "result_path": "result/2GB/Batches/128/run 2",
    "data_path": "113.pt"
}