{
    "total_cpu_time (seconds)": 25.45452018100001,
    "total_cpu_memory (MB)": 71466.748268,
    "execution_time (seconds/batch)": 0.6372342231895172,
    "num_batches": 40,
    "batch_size": 128,
    "device": "cpu",
    "throughput_bps": 32974500.168599334,
    "sample_persec": 200.86805658259829,
    "result_path": "result/2GB/Batches/128/run 2",
    "data_path": "114.pt"
}