{
    "total_cpu_time (seconds)": 19.991328690999985,
    "total_cpu_memory (MB)": 71466.756964,
    "execution_time (seconds/batch)": 0.5004674501169564,
    "num_batches": 40,
    "batch_size": 128,
    "device": "cpu",
    "throughput_bps": 41985707.55218846,
    "sample_persec": 255.7608890849687,
    "result_path": "result/2GB/Batches/128/run 2",
    "data_path": "115.pt"
}