{
    "total_cpu_time (seconds)": 37.029222043000615,
    "total_cpu_memory (MB)": 71466.756452,
    "execution_time (seconds/batch)": 0.926997931058885,
    "num_batches": 40,
    "batch_size": 128,
    "device": "cpu",
    "throughput_bps": 22667235.05628325,
    "sample_persec": 138.08013557677418,
    "result_path": "result/2GB/Batches/128/run 2",
    "data_path": "116.pt"
}