{
    "total_cpu_time (seconds)": 35.12693735100011,
    "total_cpu_memory (MB)": 71464.362164,
    "execution_time (seconds/batch)": 0.8793757052470201,
    "num_batches": 40,
    "batch_size": 128,
    "device": "cpu",
    "throughput_bps": 23894769.749293346,
    "sample_persec": 145.5578079269819,
    "result_path": "result/2GB/Batches/128/run 2",
    "data_path": "100.pt"
}