{
    "total_cpu_time (seconds)": 46.14047056100089,
    "total_cpu_memory (MB)": 71466.748236,
    "execution_time (seconds/batch)": 1.1550909899878963,
    "num_batches": 40,
    "batch_size": 128,
    "device": "cpu",
    "throughput_bps": 18191190.289017994,
    "sample_persec": 110.81378100035327,
    "result_path": "result/2GB/Batches/128/run 2",
    "data_path": "101.pt"
}