{
    "total_cpu_time (seconds)": 26.39095959300021,
    "total_cpu_memory (MB)": 71466.756964,
    "execution_time (seconds/batch)": 0.6606772595157495,
    "num_batches": 40,
    "batch_size": 128,
    "device": "cpu",
    "throughput_bps": 31804454.74300315,
    "sample_persec": 193.74058688476578,
    "result_path": "result/2GB/Batches/128/run 2",
    "data_path": "103.pt"
}