{
    "total_cpu_time (seconds)": 24.603647766999725,
    "total_cpu_memory (MB)": 71466.756972,
    "execution_time (seconds/batch)": 0.6159332904705583,
    "num_batches": 40,
    "batch_size": 128,
    "device": "cpu",
    "throughput_bps": 34114863.28973543,
    "sample_persec": 207.81471302226748,
    "result_path": "result/2GB/Batches/128/run 2",
    "data_path": "104.pt"
}