{
    "total_cpu_time (seconds)": 27.95753643999971,
    "total_cpu_memory (MB)": 71466.748268,
    "execution_time (seconds/batch)": 0.6998952991042369,
    "num_batches": 40,
    "batch_size": 128,
    "device": "cpu",
    "throughput_bps": 30022319.09100245,
    "sample_persec": 182.88449738671085,
    "result_path": "result/2GB/Batches/128/run 2",
    "data_path": "105.pt"
}