{
    "total_cpu_time (seconds)": 26.502559693000013,
    "total_cpu_memory (MB)": 71466.756964,
    "execution_time (seconds/batch)": 0.6634710816945045,
    "num_batches": 40,
    "batch_size": 128,
    "device": "cpu",
    "throughput_bps": 31670528.79883498,
    "sample_persec": 192.92476120148012,
    "result_path": "result/2GB/Batches/128/run 2",
    "data_path": "106.pt"
}