{
    "total_cpu_time (seconds)": 30.88728425300059,
    "total_cpu_memory (MB)": 71466.756988,
    "execution_time (seconds/batch)": 0.7732392693886321,
    "num_batches": 40,
    "batch_size": 128,
    "device": "cpu",
    "throughput_bps": 27174615.713210855,
    "sample_persec": 165.5373764206314,
    "result_path": "result/2GB/Batches/128/run 2",
    "data_path": "107.pt"
}