{
    "total_cpu_time (seconds)": 76.43629281200002,
    "total_cpu_memory (MB)": 71431.74894,
    "execution_time (seconds/batch)": 7.654093862652847,
    "num_batches": 10,
    "batch_size": 512,
    "device": "cpu",
    "throughput_bps": 10981041.192885106,
    "sample_persec": 66.89230746153208,
    "result_path": "result/8GB/run 1",
    "data_path": "12.pt"
}