{
    "total_cpu_time (seconds)": 21.90776804999998,
    "total_cpu_memory (MB)": 71461.283364,
    "execution_time (seconds/batch)": 2.1937761082730276,
    "num_batches": 10,
    "batch_size": 512,
    "device": "cpu",
    "throughput_bps": 38312897.87642246,
    "sample_persec": 233.38753579692042,
    "result_path": "result/8GB/run 1",
    "data_path": "13.pt"
}