{
    "total_cpu_time (seconds)": 21.81209404399984,
    "total_cpu_memory (MB)": 71461.283364,
    "execution_time (seconds/batch)": 2.184195609334621,
    "num_batches": 10,
    "batch_size": 512,
    "device": "cpu",
    "throughput_bps": 38480949.06921107,
    "sample_persec": 234.41123945669514,
    "result_path": "result/8GB/run 1",
    "data_path": "14.pt"
}