{
    "total_cpu_time (seconds)": 24.382616249999984,
    "total_cpu_memory (MB)": 71461.283356,
    "execution_time (seconds/batch)": 2.4415997496577337,
    "num_batches": 10,
    "batch_size": 512,
    "device": "cpu",
    "throughput_bps": 34424118.86378274,
    "sample_persec": 209.69857982323794,
    "result_path": "result/8GB/run 1",
    "data_path": "15.pt"
}