{
    "total_cpu_time (seconds)": 22.926126159999747,
    "total_cpu_memory (MB)": 71461.283356,
    "execution_time (seconds/batch)": 2.2957513385331256,
    "num_batches": 10,
    "batch_size": 512,
    "device": "cpu",
    "throughput_bps": 36611073.067566566,
    "sample_persec": 223.02066927123883,
    "result_path": "result/8GB/run 1",
    "data_path": "17.pt"
}