{
    "total_cpu_time (seconds)": 22.756407500000204,
    "total_cpu_memory (MB)": 71461.283356,
    "execution_time (seconds/batch)": 2.2787562370428525,
    "num_batches": 10,
    "batch_size": 512,
    "device": "cpu",
    "throughput_bps": 36884120.659203015,
    "sample_persec": 224.68397087721135,
    "result_path": "result/8GB/run 1",
    "data_path": "18.pt"
}