{
    "total_cpu_time (seconds)": 22.30867408200005,
    "total_cpu_memory (MB)": 71461.283356,
    "execution_time (seconds/batch)": 2.233921597884613,
    "num_batches": 10,
    "batch_size": 512,
    "device": "cpu",
    "throughput_bps": 37624382.19836817,
    "sample_persec": 229.19336134483532,
    "result_path": "result/8GB/run 1",
    "data_path": "19.pt"
}