{
    "total_cpu_time (seconds)": 76.98249059399996,
    "total_cpu_memory (MB)": 71461.144256,
    "execution_time (seconds/batch)": 7.708788418566003,
    "num_batches": 10,
    "batch_size": 512,
    "device": "cpu",
    "throughput_bps": 10903129.70551539,
    "sample_persec": 66.41770044782767,
    "result_path": "result/8GB/run 1",
    "data_path": "3.pt"
}