{
    "total_cpu_time (seconds)": 24.616500308000006,
    "total_cpu_memory (MB)": 71461.283324,
    "execution_time (seconds/batch)": 2.4650201755712895,
    "num_batches": 10,
    "batch_size": 512,
    "device": "cpu",
    "throughput_bps": 34097051.55071224,
    "sample_persec": 207.70621071340304,
    "result_path": "result/8GB/run 1",
    "data_path": "22.pt"
}