{
    "total_cpu_time (seconds)": 25.12651543399993,
    "total_cpu_memory (MB)": 71461.283356,
    "execution_time (seconds/batch)": 2.516091512264417,
    "num_batches": 10,
    "batch_size": 512,
    "device": "cpu",
    "throughput_bps": 33404953.512345523,
    "sample_persec": 203.4902138909937,
    "result_path": "result/8GB/run 1",
    "data_path": "24.pt"
}