{
    "total_cpu_time (seconds)": 21.487030163000103,
    "total_cpu_memory (MB)": 71461.283356,
    "execution_time (seconds/batch)": 2.151644718062987,
    "num_batches": 10,
    "batch_size": 512,
    "device": "cpu",
    "throughput_bps": 39063103.35270673,
    "sample_persec": 237.95750093023108,
    "result_path": "result/8GB/run 1",
    "data_path": "25.pt"
}