{
    "total_cpu_time (seconds)": 21.312996274999982,
    "total_cpu_memory (MB)": 71461.283364,
    "execution_time (seconds/batch)": 2.1342175029923705,
    "num_batches": 10,
    "batch_size": 512,
    "device": "cpu",
    "throughput_bps": 39382077.919497065,
    "sample_persec": 239.90057212169265,
    "result_path": "result/8GB/run 1",
    "data_path": "26.pt"
}