{
    "total_cpu_time (seconds)": 23.64310043100009,
    "total_cpu_memory (MB)": 71461.283364,
    "execution_time (seconds/batch)": 2.3675469236596998,
    "num_batches": 10,
    "batch_size": 512,
    "device": "cpu",
    "throughput_bps": 35500846.534470186,
    "sample_persec": 216.25759341173358,
    "result_path": "result/8GB/run 1",
    "data_path": "27.pt"
}