{
    "total_cpu_time (seconds)": 21.08064925599998,
    "total_cpu_memory (MB)": 71461.283356,
    "execution_time (seconds/batch)": 2.1109509914085645,
    "num_batches": 10,
    "batch_size": 512,
    "device": "cpu",
    "throughput_bps": 39816139.90191047,
    "sample_persec": 242.54471187810958,
    "result_path": "result/8GB/run 1",
    "data_path": "28.pt"
}