{
    "total_cpu_time (seconds)": 22.277710467000016,
    "total_cpu_memory (MB)": 71461.283356,
    "execution_time (seconds/batch)": 2.2308209972822235,
    "num_batches": 10,
    "batch_size": 512,
    "device": "cpu",
    "throughput_bps": 37676676.03200651,
    "sample_persec": 229.51191539964978,
    "result_path": "result/8GB/run 1",
    "data_path": "30.pt"
}