{
    "total_cpu_time (seconds)": 22.706122623000013,
    "total_cpu_memory (MB)": 71461.283356,
    "execution_time (seconds/batch)": 2.2737208650451803,
    "num_batches": 10,
    "batch_size": 512,
    "device": "cpu",
    "throughput_bps": 36965804.06686371,
    "sample_persec": 225.18155498820488,
    "result_path": "result/8GB/run 1",
    "data_path": "4.pt"
}