{
    "total_cpu_time (seconds)": 23.42732922200013,
    "total_cpu_memory (MB)": 71461.283332,
    "execution_time (seconds/batch)": 2.3459402624025163,
    "num_batches": 10,
    "batch_size": 512,
    "device": "cpu",
    "throughput_bps": 35827817.67593821,
    "sample_persec": 218.24937668091016,
    "result_path": "result/8GB/run 1",
    "data_path": "31.pt"
}