{
    "total_cpu_time (seconds)": 21.021540864999935,
    "total_cpu_memory (MB)": 71461.28334,
    "execution_time (seconds/batch)": 2.1050320600195516,
    "num_batches": 10,
    "batch_size": 512,
    "device": "cpu",
    "throughput_bps": 39928094.9665058,
    "sample_persec": 243.22669935736968,
    "result_path": "result/8GB/run 1",
    "data_path": "32.pt"
}