{
    "total_cpu_time (seconds)": 30.61430394199989,
    "total_cpu_memory (MB)": 71461.283356,
    "execution_time (seconds/batch)": 3.0656216738321813,
    "num_batches": 10,
    "batch_size": 512,
    "device": "cpu",
    "throughput_bps": 27416925.15989208,
    "sample_persec": 167.0134329915453,
    "result_path": "result/8GB/run 1",
    "data_path": "33.pt"
}