{
    "total_cpu_time (seconds)": 22.325473719000026,
    "total_cpu_memory (MB)": 71461.283332,
    "execution_time (seconds/batch)": 2.2356038615544715,
    "num_batches": 10,
    "batch_size": 512,
    "device": "cpu",
    "throughput_bps": 37596070.32596462,
    "sample_persec": 229.02089623516463,
    "result_path": "result/8GB/run 1",
    "data_path": "34.pt"
}