{
    "total_cpu_time (seconds)": 22.390277531000123,
    "total_cpu_memory (MB)": 71461.283356,
    "execution_time (seconds/batch)": 2.242093114780376,
    "num_batches": 10,
    "batch_size": 512,
    "device": "cpu",
    "throughput_bps": 37487256.63797112,
    "sample_persec": 228.35804482194882,
    "result_path": "result/8GB/run 1",
    "data_path": "35.pt"
}