{
    "total_cpu_time (seconds)": 24.20784427400002,
    "total_cpu_memory (MB)": 71461.283356,
    "execution_time (seconds/batch)": 2.424098624738512,
    "num_batches": 10,
    "batch_size": 512,
    "device": "cpu",
    "throughput_bps": 34672648.68774326,
    "sample_persec": 211.2125285559409,
    "result_path": "result/8GB/run 1",
    "data_path": "37.pt"
}