{
    "total_cpu_time (seconds)": 27.862322981000013,
    "total_cpu_memory (MB)": 71461.283356,
    "execution_time (seconds/batch)": 2.7900468152301987,
    "num_batches": 10,
    "batch_size": 512,
    "device": "cpu",
    "throughput_bps": 30124913.869255375,
    "sample_persec": 183.50946557782268,
    "result_path": "result/8GB/run 1",
    "data_path": "38.pt"
}