{
    "total_cpu_time (seconds)": 23.362512993999704,
    "total_cpu_memory (MB)": 71461.283356,
    "execution_time (seconds/batch)": 2.339449765876755,
    "num_batches": 10,
    "batch_size": 512,
    "device": "cpu",
    "throughput_bps": 35927217.25678971,
    "sample_persec": 218.8548809502297,
    "result_path": "result/8GB/run 1",
    "data_path": "39.pt"
}