{
    "total_cpu_time (seconds)": 22.05748978200017,
    "total_cpu_memory (MB)": 71461.283356,
    "execution_time (seconds/batch)": 2.208768779265419,
    "num_batches": 10,
    "batch_size": 512,
    "device": "cpu",
    "throughput_bps": 38052837.75694842,
    "sample_persec": 231.80334890928614,
    "result_path": "result/8GB/run 1",
    "data_path": "40.pt"
}