{
    "total_cpu_time (seconds)": 84.48105627899949,
    "total_cpu_memory (MB)": 71461.213676,
    "execution_time (seconds/batch)": 8.459671585145264,
    "num_batches": 10,
    "batch_size": 512,
    "device": "cpu",
    "throughput_bps": 9935364.411496447,
    "sample_persec": 60.522444027146975,
    "result_path": "result/8GB/run 1",
    "data_path": "5.pt"
}