{
    "total_cpu_time (seconds)": 20.37602114199989,
    "total_cpu_memory (MB)": 71461.283356,
    "execution_time (seconds/batch)": 2.0403917122440727,
    "num_batches": 10,
    "batch_size": 512,
    "device": "cpu",
    "throughput_bps": 41193031.46333595,
    "sample_persec": 250.9322092064812,
    "result_path": "result/8GB/run 1",
    "data_path": "41.pt"
}