{
    "total_cpu_time (seconds)": 24.321802713999947,
    "total_cpu_memory (MB)": 71461.283356,
    "execution_time (seconds/batch)": 2.4355100703242663,
    "num_batches": 10,
    "batch_size": 512,
    "device": "cpu",
    "throughput_bps": 34510191.940536514,
    "sample_persec": 210.22290412120194,
    "result_path": "result/8GB/run 1",
    "data_path": "42.pt"
}