{
    "total_cpu_time (seconds)": 20.342625481999956,
    "total_cpu_memory (MB)": 71461.248516,
    "execution_time (seconds/batch)": 2.0370475741803205,
    "num_batches": 10,
    "batch_size": 512,
    "device": "cpu",
    "throughput_bps": 41260656.385907196,
    "sample_persec": 251.34415439758283,
    "result_path": "result/8GB/run 1",
    "data_path": "43.pt"
}