{
    "total_cpu_time (seconds)": 21.30016701100017,
    "total_cpu_memory (MB)": 71461.283356,
    "execution_time (seconds/batch)": 2.1329328201901205,
    "num_batches": 10,
    "batch_size": 512,
    "device": "cpu",
    "throughput_bps": 39405798.06564566,
    "sample_persec": 240.04506618936196,
    "result_path": "result/8GB/run 1",
    "data_path": "44.pt"
}