{
    "total_cpu_time (seconds)": 20.572408625999994,
    "total_cpu_memory (MB)": 71461.283356,
    "execution_time (seconds/batch)": 2.060057347254449,
    "num_batches": 10,
    "batch_size": 512,
    "device": "cpu",
    "throughput_bps": 40799796.2348077,
    "sample_persec": 248.53677043620675,
    "result_path": "result/8GB/run 1",
    "data_path": "45.pt"
}