{
    "total_cpu_time (seconds)": 20.675019638000027,
    "total_cpu_memory (MB)": 71461.283356,
    "execution_time (seconds/batch)": 2.070332496510075,
    "num_batches": 10,
    "batch_size": 512,
    "device": "cpu",
    "throughput_bps": 40597305.09069512,
    "sample_persec": 247.3032717513104,
    "result_path": "result/8GB/run 1",
    "data_path": "47.pt"
}