{
    "total_cpu_time (seconds)": 21.12033912700004,
    "total_cpu_memory (MB)": 71461.283372,
    "execution_time (seconds/batch)": 2.1149254122871155,
    "num_batches": 10,
    "batch_size": 512,
    "device": "cpu",
    "throughput_bps": 39741316.41319068,
    "sample_persec": 242.08891577236037,
    "result_path": "result/8GB/run 1",
    "data_path": "48.pt"
}