{
    "total_cpu_time (seconds)": 21.13537630600016,
    "total_cpu_memory (MB)": 71461.283356,
    "execution_time (seconds/batch)": 2.116431188866044,
    "num_batches": 10,
    "batch_size": 512,
    "device": "cpu",
    "throughput_bps": 39713041.67230348,
    "sample_persec": 241.91667685370055,
    "result_path": "result/8GB/run 1",
    "data_path": "49.pt"
}