{
    "total_cpu_time (seconds)": 21.842127175000005,
    "total_cpu_memory (MB)": 71461.283356,
    "execution_time (seconds/batch)": 2.1872030341482502,
    "num_batches": 10,
    "batch_size": 512,
    "device": "cpu",
    "throughput_bps": 38428037.40107789,
    "sample_persec": 234.08892179019185,
    "result_path": "result/8GB/run 1",
    "data_path": "6.pt"
}