{
    "total_cpu_time (seconds)": 22.988723840000116,
    "total_cpu_memory (MB)": 71461.283372,
    "execution_time (seconds/batch)": 2.3020196765265126,
    "num_batches": 10,
    "batch_size": 512,
    "device": "cpu",
    "throughput_bps": 36511382.09505743,
    "sample_persec": 222.41338995527184,
    "result_path": "result/8GB/run 1",
    "data_path": "53.pt"
}