{
    "total_cpu_time (seconds)": 21.906470922999883,
    "total_cpu_memory (MB)": 71461.28334,
    "execution_time (seconds/batch)": 2.1936462179886447,
    "num_batches": 10,
    "batch_size": 512,
    "device": "cpu",
    "throughput_bps": 38315166.46155706,
    "sample_persec": 233.40135515081053,
    "result_path": "result/8GB/run 1",
    "data_path": "54.pt"
}