{
    "total_cpu_time (seconds)": 23.15745228699996,
    "total_cpu_memory (MB)": 71461.283356,
    "execution_time (seconds/batch)": 2.318915621150788,
    "num_batches": 10,
    "batch_size": 512,
    "device": "cpu",
    "throughput_bps": 36245355.04154708,
    "sample_persec": 220.7928547852527,
    "result_path": "result/8GB/run 1",
    "data_path": "56.pt"
}