{
    "total_cpu_time (seconds)": 21.21460208100004,
    "total_cpu_memory (MB)": 71461.28334,
    "execution_time (seconds/batch)": 2.124364612844127,
    "num_batches": 10,
    "batch_size": 512,
    "device": "cpu",
    "throughput_bps": 39564733.61108801,
    "sample_persec": 241.01324080828468,
    "result_path": "result/8GB/run 1",
    "data_path": "57.pt"
}