{
    "total_cpu_time (seconds)": 27.011095156000266,
    "total_cpu_memory (MB)": 71461.283356,
    "execution_time (seconds/batch)": 2.7048074945965452,
    "num_batches": 10,
    "batch_size": 512,
    "device": "cpu",
    "throughput_bps": 31074270.5970419,
    "sample_persec": 189.29258404630787,
    "result_path": "result/8GB/run 1",
    "data_path": "58.pt"
}