{
    "total_cpu_time (seconds)": 80.52231697500001,
    "total_cpu_memory (MB)": 71460.199716,
    "execution_time (seconds/batch)": 8.06325567987483,
    "num_batches": 10,
    "batch_size": 512,
    "device": "cpu",
    "throughput_bps": 10423819.278084055,
    "sample_persec": 63.49792445226641,
    "result_path": "result/8GB/run 1",
    "data_path": "7.pt"
}