{
    "total_cpu_time (seconds)": 27.750969276999875,
    "total_cpu_memory (MB)": 71461.281228,
    "execution_time (seconds/batch)": 2.7788961998482176,
    "num_batches": 10,
    "batch_size": 512,
    "device": "cpu",
    "throughput_bps": 30245793.27741381,
    "sample_persec": 184.24581674837847,
    "result_path": "result/8GB/run 1",
    "data_path": "61.pt"
}