{
    "total_cpu_time (seconds)": 19.779784997999954,
    "total_cpu_memory (MB)": 71461.283356,
    "execution_time (seconds/batch)": 1.9806864695826278,
    "num_batches": 10,
    "batch_size": 512,
    "device": "cpu",
    "throughput_bps": 42434742.34350229,
    "sample_persec": 258.49623747260165,
    "result_path": "result/8GB/run 1",
    "data_path": "63.pt"
}