{
    "total_cpu_time (seconds)": 22.72762148799985,
    "total_cpu_memory (MB)": 71461.283356,
    "execution_time (seconds/batch)": 2.2758736948671863,
    "num_batches": 10,
    "batch_size": 512,
    "device": "cpu",
    "throughput_bps": 36930836.79887821,
    "sample_persec": 224.96854775145107,
    "result_path": "result/8GB/run 1",
    "data_path": "64.pt"
}