{
    "total_cpu_time (seconds)": 20.514903168000004,
    "total_cpu_memory (MB)": 71461.283356,
    "execution_time (seconds/batch)": 2.0542989286164683,
    "num_batches": 10,
    "batch_size": 512,
    "device": "cpu",
    "throughput_bps": 40914162.40800264,
    "sample_persec": 249.23344546785233,
    "result_path": "result/8GB/run 1",
    "data_path": "67.pt"
}