{
    "total_cpu_time (seconds)": 24.157548680999962,
    "total_cpu_memory (MB)": 71461.283356,
    "execution_time (seconds/batch)": 2.419062179673769,
    "num_batches": 10,
    "batch_size": 512,
    "device": "cpu",
    "throughput_bps": 34744836.53468339,
    "sample_persec": 211.65226933895826,
    "result_path": "result/8GB/run 1",
    "data_path": "68.pt"
}