{
    "total_cpu_time (seconds)": 23.5214920399999,
    "total_cpu_memory (MB)": 71461.283356,
    "execution_time (seconds/batch)": 2.355369435650293,
    "num_batches": 10,
    "batch_size": 512,
    "device": "cpu",
    "throughput_bps": 35684389.347947314,
    "sample_persec": 217.3756661059169,
    "result_path": "result/8GB/run 1",
    "data_path": "69.pt"
}