{
    "total_cpu_time (seconds)": 29.184719526000027,
    "total_cpu_memory (MB)": 71461.28334,
    "execution_time (seconds/batch)": 2.9224675136538263,
    "num_batches": 10,
    "batch_size": 512,
    "device": "cpu",
    "throughput_bps": 28759915.92971251,
    "sample_persec": 175.1944196498082,
    "result_path": "result/8GB/run 1",
    "data_path": "70.pt"
}