{
    "total_cpu_time (seconds)": 22.16658302100002,
    "total_cpu_memory (MB)": 71461.283356,
    "execution_time (seconds/batch)": 2.219693038676317,
    "num_batches": 10,
    "batch_size": 512,
    "device": "cpu",
    "throughput_bps": 37865560.02812082,
    "sample_persec": 230.66252453777304,
    "result_path": "result/8GB/run 1",
    "data_path": "8.pt"
}