{
    "total_cpu_time (seconds)": 20.932741484000008,
    "total_cpu_memory (MB)": 71461.283356,
    "execution_time (seconds/batch)": 2.0961399647580685,
    "num_batches": 10,
    "batch_size": 512,
    "device": "cpu",
    "throughput_bps": 40097475.07948537,
    "sample_persec": 244.25849829121208,
    "result_path": "result/8GB/run 1",
    "data_path": "73.pt"
}