{
    "total_cpu_time (seconds)": 24.179680979999976,
    "total_cpu_memory (MB)": 71461.283356,
    "execution_time (seconds/batch)": 2.421278439616661,
    "num_batches": 10,
    "batch_size": 512,
    "device": "cpu",
    "throughput_bps": 34713033.670471564,
    "sample_persec": 211.45853844098176,
    "result_path": "result/8GB/run 1",
    "data_path": "75.pt"
}