{
    "total_cpu_time (seconds)": 21.305473036999874,
    "total_cpu_memory (MB)": 71461.283356,
    "execution_time (seconds/batch)": 2.1334641492164943,
    "num_batches": 10,
    "batch_size": 512,
    "device": "cpu",
    "throughput_bps": 39395984.240404025,
    "sample_persec": 239.9852841155216,
    "result_path": "result/8GB/run 1",
    "data_path": "76.pt"
}