{
    "total_cpu_time (seconds)": 21.233283262000043,
    "total_cpu_memory (MB)": 71461.283356,
    "execution_time (seconds/batch)": 2.126235288508512,
    "num_batches": 10,
    "batch_size": 512,
    "device": "cpu",
    "throughput_bps": 39529924.300597236,
    "sample_persec": 240.80119578823852,
    "result_path": "result/8GB/run 1",
    "data_path": "77.pt"
}