{
    "total_cpu_time (seconds)": 20.682905976999955,
    "total_cpu_memory (MB)": 71461.283364,
    "execution_time (seconds/batch)": 2.071122210096612,
    "num_batches": 10,
    "batch_size": 512,
    "device": "cpu",
    "throughput_bps": 40581825.44239111,
    "sample_persec": 247.20897564809403,
    "result_path": "result/8GB/run 1",
    "data_path": "78.pt"
}