{
    "total_cpu_time (seconds)": 22.33045551100006,
    "total_cpu_memory (MB)": 71461.283356,
    "execution_time (seconds/batch)": 2.236102722791322,
    "num_batches": 10,
    "batch_size": 512,
    "device": "cpu",
    "throughput_bps": 37587682.865964524,
    "sample_persec": 228.96980303340962,
    "result_path": "result/8GB/run 1",
    "data_path": "80.pt"
}