{
    "total_cpu_time (seconds)": 21.518563679999986,
    "total_cpu_memory (MB)": 71461.283356,
    "execution_time (seconds/batch)": 2.1548023868883224,
    "num_batches": 10,
    "batch_size": 512,
    "device": "cpu",
    "throughput_bps": 39005859.8929685,
    "sample_persec": 237.60879564430127,
    "result_path": "result/8GB/run 1",
    "data_path": "9.pt"
}