{
    "total_cpu_time (seconds)": 33.00821823100034,
    "total_cpu_memory (MB)": 71461.2833,
    "execution_time (seconds/batch)": 3.3053408437848963,
    "num_batches": 10,
    "batch_size": 512,
    "device": "cpu",
    "throughput_bps": 25428518.259483248,
    "sample_persec": 154.90081785747591,
    "result_path": "result/8GB/run 1",
    "data_path": "10.pt"
}