{
    "total_cpu_time (seconds)": 19.83589087800008,
    "total_cpu_memory (MB)": 71461.28334,
    "execution_time (seconds/batch)": 1.9863047388100998,
    "num_batches": 10,
    "batch_size": 512,
    "device": "cpu",
    "throughput_bps": 42314715.54075348,
    "sample_persec": 257.76508004844953,
    "result_path": "result/2GB",
    "data_path": "11.pt"
}