{
    "total_cpu_time (seconds)": 20.118190204000243,
    "total_cpu_memory (MB)": 71461.283356,
    "execution_time (seconds/batch)": 2.0145733198607716,
    "num_batches": 10,
    "batch_size": 512,
    "device": "cpu",
    "throughput_bps": 41720953.59915158,
    "sample_persec": 254.14810915662514,
    "result_path": "result/2GB",
    "data_path": "12.pt"
}