{
    "total_cpu_time (seconds)": 21.20825005000008,
    "total_cpu_memory (MB)": 71461.283356,
    "execution_time (seconds/batch)": 2.123728540113444,
    "num_batches": 10,
    "batch_size": 512,
    "device": "cpu",
    "throughput_bps": 39576583.54749533,
    "sample_persec": 241.08542609341694,
    "result_path": "result/2GB",
    "data_path": "14.pt"
}