{
    "total_cpu_time (seconds)": 20.36918990400004,
    "total_cpu_memory (MB)": 71461.283364,
    "execution_time (seconds/batch)": 2.0397076532071234,
    "num_batches": 10,
    "batch_size": 512,
    "device": "cpu",
    "throughput_bps": 41206846.416369796,
    "sample_persec": 251.0163646221357,
    "result_path": "result/2GB",
    "data_path": "17.pt"
}