{
    "total_cpu_time (seconds)": 20.901481015999998,
    "total_cpu_memory (MB)": 71461.283356,
    "execution_time (seconds/batch)": 2.0930096382147467,
    "num_batches": 10,
    "batch_size": 512,
    "device": "cpu",
    "throughput_bps": 40157445.27181978,
    "sample_persec": 244.62381379032516,
    "result_path": "result/2GB",
    "data_path": "18.pt"
}