{
    "total_cpu_time (seconds)": 25.119767828000175,
    "total_cpu_memory (MB)": 71461.283356,
    "execution_time (seconds/batch)": 2.5154158278771934,
    "num_batches": 10,
    "batch_size": 512,
    "device": "cpu",
    "throughput_bps": 33413926.663143925,
    "sample_persec": 203.54487489731923,
    "result_path": "result/2GB",
    "data_path": "19.pt"
}