{
    "total_cpu_time (seconds)": 21.207848481999964,
    "total_cpu_memory (MB)": 71461.283356,
    "execution_time (seconds/batch)": 2.1236883283363936,
    "num_batches": 10,
    "batch_size": 512,
    "device": "cpu",
    "throughput_bps": 39577332.92523254,
    "sample_persec": 241.08999101628007,
    "result_path": "result/2GB",
    "data_path": "3.pt"
}