{
    "total_cpu_time (seconds)": 21.167282779999915,
    "total_cpu_memory (MB)": 71461.283356,
    "execution_time (seconds/batch)": 2.11962620445139,
    "num_batches": 10,
    "batch_size": 512,
    "device": "cpu",
    "throughput_bps": 39653180.27465797,
    "sample_persec": 241.55202409026543,
    "result_path": "result/2GB",
    "data_path": "4.pt"
}