{
    "total_cpu_time (seconds)": 21.993095287000028,
    "total_cpu_memory (MB)": 71461.283356,
    "execution_time (seconds/batch)": 2.202320513777433,
    "num_batches": 10,
    "batch_size": 512,
    "device": "cpu",
    "throughput_bps": 38164254.237380326,
    "sample_persec": 232.48205553959747,
    "result_path": "result/2GB",
    "data_path": "5.pt"
}