{
    "total_cpu_time (seconds)": 22.288181235999843,
    "total_cpu_memory (MB)": 71461.283356,
    "execution_time (seconds/batch)": 2.2318695076925326,
    "num_batches": 10,
    "batch_size": 512,
    "device": "cpu",
    "throughput_bps": 37658975.89904208,
    "sample_persec": 229.4040929522544,
    "result_path": "result/2GB",
    "data_path": "6.pt"
}