{
    "total_cpu_time (seconds)": 22.91034001500004,
    "total_cpu_memory (MB)": 71461.283356,
    "execution_time (seconds/batch)": 2.2941705628163542,
    "num_batches": 10,
    "batch_size": 512,
    "device": "cpu",
    "throughput_bps": 36636299.56824971,
    "sample_persec": 223.17433947520536,
    "result_path": "result/2GB",
    "data_path": "7.pt"
}