{
    "total_cpu_time (seconds)": 20.733801947000163,
    "total_cpu_memory (MB)": 71461.281308,
    "execution_time (seconds/batch)": 2.076218775056539,
    "num_batches": 10,
    "batch_size": 512,
    "device": "cpu",
    "throughput_bps": 40482207.85293264,
    "sample_persec": 246.6021433536345,
    "result_path": "result/2GB",
    "data_path": "8.pt"
}