{
    "total_cpu_time (seconds)": 22.66223290700003,
    "total_cpu_memory (MB)": 71461.283356,
    "execution_time (seconds/batch)": 2.269325884682968,
    "num_batches": 10,
    "batch_size": 512,
    "device": "cpu",
    "throughput_bps": 37037395.36366415,
    "sample_persec": 225.6176618156929,
    "result_path": "result/2GB",
    "data_path": "10.pt"
}