{
    "total_cpu_time (seconds)": 75.70336683099943,
    "total_cpu_memory (MB)": 71459.970092,
    "execution_time (seconds/batch)": 7.5807009226426185,
    "num_batches": 10,
    "batch_size": 512,
    "device": "cpu",
    "throughput_bps": 11087354.699478153,
    "sample_persec": 67.53992872489128,
    "result_path": "result/10GB/run 1",
    "data_path": "11.pt"
}