{
    "total_cpu_time (seconds)": 21.37386252799985,
    "total_cpu_memory (MB)": 71461.283356,
    "execution_time (seconds/batch)": 2.140312461243091,
    "num_batches": 10,
    "batch_size": 512,
    "device": "cpu",
    "throughput_bps": 39269929.751838155,
    "sample_persec": 239.21740833234742,
    "result_path": "result/10GB/run 1",
    "data_path": "16.pt"
}