{
    "total_cpu_time (seconds)": 26.894759598999922,
    "total_cpu_memory (MB)": 71461.283356,
    "execution_time (seconds/batch)": 2.693158011869345,
    "num_batches": 10,
    "batch_size": 512,
    "device": "cpu",
    "throughput_bps": 31208684.98230455,
    "sample_persec": 190.11138512612422,
    "result_path": "result/10GB/run 1",
    "data_path": "18.pt"
}