{
    "total_cpu_time (seconds)": 30.660758554000157,
    "total_cpu_memory (MB)": 71459.055108,
    "execution_time (seconds/batch)": 3.0702734949438844,
    "num_batches": 10,
    "batch_size": 512,
    "device": "cpu",
    "throughput_bps": 27375385.332418468,
    "sample_persec": 166.7603882335433,
    "result_path": "result/10GB/run 1",
    "data_path": "20.pt"
}