{
    "total_cpu_time (seconds)": 31.997153700000084,
    "total_cpu_memory (MB)": 71461.283356,
    "execution_time (seconds/batch)": 3.2040959699589364,
    "num_batches": 10,
    "batch_size": 512,
    "device": "cpu",
    "throughput_bps": 26232023.256493524,
    "sample_persec": 159.79546330709994,
    "result_path": "result/10GB/run 1",
    "data_path": "3.pt"
}