{
    "total_cpu_time (seconds)": 21.348484971000094,
    "total_cpu_memory (MB)": 71461.283372,
    "execution_time (seconds/batch)": 2.1377712312051727,
    "num_batches": 10,
    "batch_size": 512,
    "device": "cpu",
    "throughput_bps": 39316611.04477334,
    "sample_persec": 239.5017729335608,
    "result_path": "result/10GB/run 1",
    "data_path": "21.pt"
}