{
    "total_cpu_time (seconds)": 21.551720920000086,
    "total_cpu_memory (MB)": 71461.283364,
    "execution_time (seconds/batch)": 2.1581226503109807,
    "num_batches": 10,
    "batch_size": 512,
    "device": "cpu",
    "throughput_bps": 38945849.527082525,
    "sample_persec": 237.243235423261,
    "result_path": "result/10GB/run 1",
    "data_path": "22.pt"
}