{
    "total_cpu_time (seconds)": 21.940875751000117,
    "total_cpu_memory (MB)": 71461.283364,
    "execution_time (seconds/batch)": 2.1970914110135067,
    "num_batches": 10,
    "batch_size": 512,
    "device": "cpu",
    "throughput_bps": 38255085.60029744,
    "sample_persec": 233.03536549888796,
    "result_path": "result/10GB/run 1",
    "data_path": "23.pt"
}