{
    "total_cpu_time (seconds)": 22.92153862700009,
    "total_cpu_memory (MB)": 71461.283356,
    "execution_time (seconds/batch)": 2.295291957172706,
    "num_batches": 10,
    "batch_size": 512,
    "device": "cpu",
    "throughput_bps": 36618400.4336995,
    "sample_persec": 223.0653047861812,
    "result_path": "result/10GB/run 1",
    "data_path": "24.pt"
}