{
    "total_cpu_time (seconds)": 21.61323621,
    "total_cpu_memory (MB)": 71461.283356,
    "execution_time (seconds/batch)": 2.164282601118717,
    "num_batches": 10,
    "batch_size": 512,
    "device": "cpu",
    "throughput_bps": 38835002.39596928,
    "sample_persec": 236.56799705146977,
    "result_path": "result/10GB/run 1",
    "data_path": "26.pt"
}