{
    "total_cpu_time (seconds)": 22.078790485000003,
    "total_cpu_memory (MB)": 71461.283356,
    "execution_time (seconds/batch)": 2.2109017657578725,
    "num_batches": 10,
    "batch_size": 512,
    "device": "cpu",
    "throughput_bps": 38016125.954464845,
    "sample_persec": 231.57971463489793,
    "result_path": "result/10GB/run 1",
    "data_path": "29.pt"
}