{
    "total_cpu_time (seconds)": 21.05543631299995,
    "total_cpu_memory (MB)": 71461.283356,
    "execution_time (seconds/batch)": 2.108426245307251,
    "num_batches": 10,
    "batch_size": 512,
    "device": "cpu",
    "throughput_bps": 39863817.948135905,
    "sample_persec": 242.83514831954133,
    "result_path": "result/10GB/run 1",
    "data_path": "30.pt"
}