{
    "total_cpu_time (seconds)": 24.781352215999984,
    "total_cpu_memory (MB)": 71461.283356,
    "execution_time (seconds/batch)": 2.4815279355744164,
    "num_batches": 10,
    "batch_size": 512,
    "device": "cpu",
    "throughput_bps": 33870229.22252309,
    "sample_persec": 206.32449575123715,
    "result_path": "result/10GB/run 1",
    "data_path": "31.pt"
}