{
    "total_cpu_time (seconds)": 22.22787609600004,
    "total_cpu_memory (MB)": 71461.283364,
    "execution_time (seconds/batch)": 2.225830737561514,
    "num_batches": 10,
    "batch_size": 512,
    "device": "cpu",
    "throughput_bps": 37761146.24604386,
    "sample_persec": 230.02647567034518,
    "result_path": "result/10GB/run 1",
    "data_path": "32.pt"
}