{
    "total_cpu_time (seconds)": 20.13209253099967,
    "total_cpu_memory (MB)": 71461.283356,
    "execution_time (seconds/batch)": 2.0159654558716666,
    "num_batches": 10,
    "batch_size": 512,
    "device": "cpu",
    "throughput_bps": 41692142.9656434,
    "sample_persec": 253.97260578486478,
    "result_path": "result/10GB/run 1",
    "data_path": "33.pt"
}