{
    "total_cpu_time (seconds)": 21.357907049000033,
    "total_cpu_memory (MB)": 71461.283356,
    "execution_time (seconds/batch)": 2.138714728943481,
    "num_batches": 10,
    "batch_size": 512,
    "device": "cpu",
    "throughput_bps": 39299266.45313769,
    "sample_persec": 239.39611630809995,
    "result_path": "result/10GB/run 1",
    "data_path": "34.pt"
}