{
    "total_cpu_time (seconds)": 21.419053696999967,
    "total_cpu_memory (MB)": 71461.283356,
    "execution_time (seconds/batch)": 2.144837765081945,
    "num_batches": 10,
    "batch_size": 512,
    "device": "cpu",
    "throughput_bps": 39187075.76318194,
    "sample_persec": 238.71269348916874,
    "result_path": "result/10GB/run 1",
    "data_path": "36.pt"
}