{
    "total_cpu_time (seconds)": 22.04224484499978,
    "total_cpu_memory (MB)": 71461.283372,
    "execution_time (seconds/batch)": 2.207242198443162,
    "num_batches": 10,
    "batch_size": 512,
    "device": "cpu",
    "throughput_bps": 38079155.998051815,
    "sample_persec": 231.96366957877567,
    "result_path": "result/10GB/run 1",
    "data_path": "38.pt"
}