{
    "total_cpu_time (seconds)": 21.147723801000133,
    "total_cpu_memory (MB)": 71461.283372,
    "execution_time (seconds/batch)": 2.1176676288112786,
    "num_batches": 10,
    "batch_size": 512,
    "device": "cpu",
    "throughput_bps": 39689854.46841825,
    "sample_persec": 241.77542926668033,
    "result_path": "result/10GB/run 1",
    "data_path": "39.pt"
}