{
    "total_cpu_time (seconds)": 76.68981361300015,
    "total_cpu_memory (MB)": 71459.865828,
    "execution_time (seconds/batch)": 7.6794806512529,
    "num_batches": 10,
    "batch_size": 512,
    "device": "cpu",
    "throughput_bps": 10944740.122014284,
    "sample_persec": 66.67117520720203,
    "result_path": "result/10GB/run 1",
    "data_path": "5.pt"
}