{
    "total_cpu_time (seconds)": 21.946653345000154,
    "total_cpu_memory (MB)": 71461.283372,
    "execution_time (seconds/batch)": 2.1976699614003676,
    "num_batches": 10,
    "batch_size": 512,
    "device": "cpu",
    "throughput_bps": 38245014.70932557,
    "sample_persec": 232.97401747883507,
    "result_path": "result/10GB/run 1",
    "data_path": "42.pt"
}