{
    "total_cpu_time (seconds)": 30.25993868200024,
    "total_cpu_memory (MB)": 71461.28334,
    "execution_time (seconds/batch)": 3.0301366331281288,
    "num_batches": 10,
    "batch_size": 512,
    "device": "cpu",
    "throughput_bps": 27737996.723016404,
    "sample_persec": 168.969278283482,
    "result_path": "result/10GB/run 1",
    "data_path": "43.pt"
}