{
    "total_cpu_time (seconds)": 20.881965746999892,
    "total_cpu_memory (MB)": 71461.283356,
    "execution_time (seconds/batch)": 2.091055439558761,
    "num_batches": 10,
    "batch_size": 512,
    "device": "cpu",
    "throughput_bps": 40194974.465973794,
    "sample_persec": 244.85242730247194,
    "result_path": "result/10GB/run 1",
    "data_path": "45.pt"
}