{
    "total_cpu_time (seconds)": 29.32774807599994,
    "total_cpu_memory (MB)": 71461.283356,
    "execution_time (seconds/batch)": 2.93678995010991,
    "num_batches": 10,
    "batch_size": 512,
    "device": "cpu",
    "throughput_bps": 28619656.64137962,
    "sample_persec": 174.3400136536283,
    "result_path": "result/10GB/run 1",
    "data_path": "46.pt"
}