{
    "total_cpu_time (seconds)": 20.677489954000045,
    "total_cpu_memory (MB)": 71461.283364,
    "execution_time (seconds/batch)": 2.0705798663109767,
    "num_batches": 10,
    "batch_size": 512,
    "device": "cpu",
    "throughput_bps": 40592454.97723617,
    "sample_persec": 247.2737267131833,
    "result_path": "result/10GB/run 1",
    "data_path": "47.pt"
}