{
    "total_cpu_time (seconds)": 20.580543695999886,
    "total_cpu_memory (MB)": 71461.283364,
    "execution_time (seconds/batch)": 2.06087196799373,
    "num_batches": 10,
    "batch_size": 512,
    "device": "cpu",
    "throughput_bps": 40783668.90584817,
    "sample_persec": 248.4385289098938,
    "result_path": "result/10GB/run 1",
    "data_path": "48.pt"
}