{
    "total_cpu_time (seconds)": 21.360783876000152,
    "total_cpu_memory (MB)": 71461.283356,
    "execution_time (seconds/batch)": 2.139002805498157,
    "num_batches": 10,
    "batch_size": 512,
    "device": "cpu",
    "throughput_bps": 39293973.70772752,
    "sample_persec": 239.36387492524076,
    "result_path": "result/10GB/run 1",
    "data_path": "49.pt"
}