{
    "total_cpu_time (seconds)": 21.898830200000102,
    "total_cpu_memory (MB)": 71461.283356,
    "execution_time (seconds/batch)": 2.1928810996284085,
    "num_batches": 10,
    "batch_size": 512,
    "device": "cpu",
    "throughput_bps": 38328535.010057114,
    "sample_persec": 233.48279124060133,
    "result_path": "result/10GB/run 1",
    "data_path": "50.pt"
}