{
    "total_cpu_time (seconds)": 83.37903365200081,
    "total_cpu_memory (MB)": 71461.213396,
    "execution_time (seconds/batch)": 8.349318449017098,
    "num_batches": 10,
    "batch_size": 512,
    "device": "cpu",
    "throughput_bps": 10066680.353998784,
    "sample_persec": 61.32237057747797,
    "result_path": "result/10GB/run 1",
    "data_path": "6.pt"
}