{
    "total_cpu_time (seconds)": 20.936640309000055,
    "total_cpu_memory (MB)": 71461.283356,
    "execution_time (seconds/batch)": 2.09653038103032,
    "num_batches": 10,
    "batch_size": 512,
    "device": "cpu",
    "throughput_bps": 40090008.12031851,
    "sample_persec": 244.2130124288408,
    "result_path": "result/10GB/run 1",
    "data_path": "51.pt"
}