{
    "total_cpu_time (seconds)": 29.295231035000107,
    "total_cpu_memory (MB)": 71452.894636,
    "execution_time (seconds/batch)": 2.9335337942343154,
    "num_batches": 10,
    "batch_size": 512,
    "device": "cpu",
    "throughput_bps": 28651423.810148384,
    "sample_persec": 174.53352710860372,
    "result_path": "result/10GB/run 1",
    "data_path": "53.pt"
}