{
    "total_cpu_time (seconds)": 21.682196668000017,
    "total_cpu_memory (MB)": 71461.283356,
    "execution_time (seconds/batch)": 2.1711880880140835,
    "num_batches": 10,
    "batch_size": 512,
    "device": "cpu",
    "throughput_bps": 38711487.25621361,
    "sample_persec": 235.81559001104785,
    "result_path": "result/10GB/run 1",
    "data_path": "54.pt"
}