{
    "total_cpu_time (seconds)": 21.524266525999955,
    "total_cpu_memory (MB)": 71461.283364,
    "execution_time (seconds/batch)": 2.1553734522417325,
    "num_batches": 10,
    "batch_size": 512,
    "device": "cpu",
    "throughput_bps": 38995525.30564134,
    "sample_persec": 237.5458412868015,
    "result_path": "result/10GB/run 1",
    "data_path": "55.pt"
}