{
    "total_cpu_time (seconds)": 20.84333589100001,
    "total_cpu_memory (MB)": 71461.283364,
    "execution_time (seconds/batch)": 2.087187165302563,
    "num_batches": 10,
    "batch_size": 512,
    "device": "cpu",
    "throughput_bps": 40269469.550813355,
    "sample_persec": 245.30622289725483,
    "result_path": "result/10GB/run 1",
    "data_path": "56.pt"
}