{
    "total_cpu_time (seconds)": 20.221209014999914,
    "total_cpu_memory (MB)": 71461.283292,
    "execution_time (seconds/batch)": 2.0248893048464613,
    "num_batches": 10,
    "batch_size": 512,
    "device": "cpu",
    "throughput_bps": 41508402.359986365,
    "sample_persec": 252.8533282162912,
    "result_path": "result/10GB/run 1",
    "data_path": "57.pt"
}