{
    "total_cpu_time (seconds)": 23.16399720500009,
    "total_cpu_memory (MB)": 71461.283364,
    "execution_time (seconds/batch)": 2.319571008988861,
    "num_batches": 10,
    "batch_size": 512,
    "device": "cpu",
    "throughput_bps": 36235114.02508809,
    "sample_persec": 220.7304704257315,
    "result_path": "result/10GB/run 1",
    "data_path": "58.pt"
}