{
    "total_cpu_time (seconds)": 22.44176496699995,
    "total_cpu_memory (MB)": 71461.283364,
    "execution_time (seconds/batch)": 2.2472489073154653,
    "num_batches": 10,
    "batch_size": 512,
    "device": "cpu",
    "throughput_bps": 37401250.80332331,
    "sample_persec": 227.83413013720343,
    "result_path": "result/10GB/run 1",
    "data_path": "59.pt"
}