{
    "total_cpu_time (seconds)": 24.411079363999843,
    "total_cpu_memory (MB)": 71461.28334,
    "execution_time (seconds/batch)": 2.4444499578267003,
    "num_batches": 10,
    "batch_size": 512,
    "device": "cpu",
    "throughput_bps": 34383980.62962463,
    "sample_persec": 209.45407303621238,
    "result_path": "result/10GB/run 1",
    "data_path": "7.pt"
}