{
    "total_cpu_time (seconds)": 20.598613222999944,
    "total_cpu_memory (MB)": 71461.283356,
    "execution_time (seconds/batch)": 2.0626813945190636,
    "num_batches": 10,
    "batch_size": 512,
    "device": "cpu",
    "throughput_bps": 40747892.63302448,
    "sample_persec": 248.22059352475924,
    "result_path": "result/10GB/run 1",
    "data_path": "61.pt"
}