{
    "total_cpu_time (seconds)": 21.190133460999984,
    "total_cpu_memory (MB)": 71461.283356,
    "execution_time (seconds/batch)": 2.1219144009450406,
    "num_batches": 10,
    "batch_size": 512,
    "device": "cpu",
    "throughput_bps": 39610419.70522776,
    "sample_persec": 241.29154303866815,
    "result_path": "result/10GB/run 1",
    "data_path": "62.pt"
}