{
    "total_cpu_time (seconds)": 20.068884057000012,
    "total_cpu_memory (MB)": 71461.283356,
    "execution_time (seconds/batch)": 2.0096359548570324,
    "num_batches": 10,
    "batch_size": 512,
    "device": "cpu",
    "throughput_bps": 41823455.53524862,
    "sample_persec": 254.7725117887952,
    "result_path": "result/10GB/run 1",
    "data_path": "63.pt"
}