{
    "total_cpu_time (seconds)": 20.705636715000015,
    "total_cpu_memory (MB)": 71461.283356,
    "execution_time (seconds/batch)": 2.0733983958693543,
    "num_batches": 10,
    "batch_size": 512,
    "device": "cpu",
    "throughput_bps": 40537274.53799768,
    "sample_persec": 246.93758855992738,
    "result_path": "result/10GB/run 1",
    "data_path": "64.pt"
}