{
    "total_cpu_time (seconds)": 20.64655052900009,
    "total_cpu_memory (MB)": 71461.283356,
    "execution_time (seconds/batch)": 2.0674816880203495,
    "num_batches": 10,
    "batch_size": 512,
    "device": "cpu",
    "throughput_bps": 40653283.88977379,
    "sample_persec": 247.64427320768635,
    "result_path": "result/10GB/run 1",
    "data_path": "65.pt"
}