{
    "total_cpu_time (seconds)": 20.616154550000065,
    "total_cpu_memory (MB)": 71461.283356,
    "execution_time (seconds/batch)": 2.064437928730693,
    "num_batches": 10,
    "batch_size": 512,
    "device": "cpu",
    "throughput_bps": 40713222.14646462,
    "sample_persec": 248.00939416706032,
    "result_path": "result/10GB/run 1",
    "data_path": "66.pt"
}