{
    "total_cpu_time (seconds)": 21.752488900999925,
    "total_cpu_memory (MB)": 71461.283356,
    "execution_time (seconds/batch)": 2.178226934737329,
    "num_batches": 10,
    "batch_size": 512,
    "device": "cpu",
    "throughput_bps": 38586392.748896725,
    "sample_persec": 235.05356206686602,
    "result_path": "result/10GB/run 1",
    "data_path": "67.pt"
}