{
    "total_cpu_time (seconds)": 22.056224552000064,
    "total_cpu_memory (MB)": 71461.281308,
    "execution_time (seconds/batch)": 2.2086420830479234,
    "num_batches": 10,
    "batch_size": 512,
    "device": "cpu",
    "throughput_bps": 38055020.614300355,
    "sample_persec": 231.816646042278,
    "result_path": "result/10GB/run 1",
    "data_path": "68.pt"
}