{
    "total_cpu_time (seconds)": 23.86130598900002,
    "total_cpu_memory (MB)": 71461.283356,
    "execution_time (seconds/batch)": 2.3893973530936847,
    "num_batches": 10,
    "batch_size": 512,
    "device": "cpu",
    "throughput_bps": 35176200.34657522,
    "sample_persec": 214.2799728714378,
    "result_path": "result/10GB/run 1",
    "data_path": "69.pt"
}