{
    "total_cpu_time (seconds)": 79.26949056999975,
    "total_cpu_memory (MB)": 71455.84382,
    "execution_time (seconds/batch)": 7.937801520015621,
    "num_batches": 10,
    "batch_size": 512,
    "device": "cpu",
    "throughput_bps": 10588564.07382615,
    "sample_persec": 64.50148680449652,
    "result_path": "result/10GB/run 1",
    "data_path": "8.pt"
}