{
    "total_cpu_time (seconds)": 20.130613938999883,
    "total_cpu_memory (MB)": 71461.283356,
    "execution_time (seconds/batch)": 2.015817394243681,
    "num_batches": 10,
    "batch_size": 512,
    "device": "cpu",
    "throughput_bps": 41695205.25024286,
    "sample_persec": 253.991260052649,
    "result_path": "result/10GB/run 1",
    "data_path": "71.pt"
}