{
    "total_cpu_time (seconds)": 21.327338129999955,
    "total_cpu_memory (MB)": 71461.283364,
    "execution_time (seconds/batch)": 2.135653651977308,
    "num_batches": 10,
    "batch_size": 512,
    "device": "cpu",
    "throughput_bps": 39355594.9122096,
    "sample_persec": 239.7392477595614,
    "result_path": "result/10GB/run 1",
    "data_path": "76.pt"
}