{
    "total_cpu_time (seconds)": 21.65530627500006,
    "total_cpu_memory (MB)": 71461.283364,
    "execution_time (seconds/batch)": 2.168495367259932,
    "num_batches": 10,
    "batch_size": 512,
    "device": "cpu",
    "throughput_bps": 38759557.09612782,
    "sample_persec": 236.10841310994044,
    "result_path": "result/10GB/run 1",
    "data_path": "77.pt"
}