{
    "total_cpu_time (seconds)": 20.824361854999967,
    "total_cpu_memory (MB)": 71461.283364,
    "execution_time (seconds/batch)": 2.085287164044589,
    "num_batches": 10,
    "batch_size": 512,
    "device": "cpu",
    "throughput_bps": 40306160.920771286,
    "sample_persec": 245.52973270450346,
    "result_path": "result/10GB/run 1",
    "data_path": "79.pt"
}