{
    "total_cpu_time (seconds)": 75.39088925899968,
    "total_cpu_memory (MB)": 71452.58874,
    "execution_time (seconds/batch)": 7.549410385411273,
    "num_batches": 10,
    "batch_size": 512,
    "device": "cpu",
    "throughput_bps": 11133309.186955953,
    "sample_persec": 67.81986590494611,
    "result_path": "result/10GB/run 1",
    "data_path": "9.pt"
}