{
    "total_cpu_time (seconds)": 20.09529248200014,
    "total_cpu_memory (MB)": 71461.283324,
    "execution_time (seconds/batch)": 2.0122804128269256,
    "num_batches": 10,
    "batch_size": 512,
    "device": "cpu",
    "throughput_bps": 41768492.83242963,
    "sample_persec": 254.4377000026172,
    "result_path": "result/10GB/run 1",
    "data_path": "82.pt"
}