{
    "total_cpu_time (seconds)": 30.22618619499985,
    "total_cpu_memory (MB)": 71461.283356,
    "execution_time (seconds/batch)": 3.0267567635126,
    "num_batches": 10,
    "batch_size": 512,
    "device": "cpu",
    "throughput_bps": 27768970.73898291,
    "sample_persec": 169.15796015462297,
    "result_path": "result/10GB/run 1",
    "data_path": "83.pt"
}