{
    "total_cpu_time (seconds)": 25.751460752999847,
    "total_cpu_memory (MB)": 71461.283356,
    "execution_time (seconds/batch)": 2.57867160288205,
    "num_batches": 10,
    "batch_size": 512,
    "device": "cpu",
    "throughput_bps": 32594270.59500779,
    "sample_persec": 198.5518432931761,
    "result_path": "result/10GB/run 1",
    "data_path": "85.pt"
}