{
    "total_cpu_time (seconds)": 28.256820322999882,
    "total_cpu_memory (MB)": 71461.2833,
    "execution_time (seconds/batch)": 2.8295505584541245,
    "num_batches": 10,
    "batch_size": 512,
    "device": "cpu",
    "throughput_bps": 29704335.81717628,
    "sample_persec": 180.9474647732473,
    "result_path": "result/10GB/run 1",
    "data_path": "86.pt"
}