{
    "total_cpu_time (seconds)": 25.326133931999863,
    "total_cpu_memory (MB)": 71461.283364,
    "execution_time (seconds/batch)": 2.5360806910197398,
    "num_batches": 10,
    "batch_size": 512,
    "device": "cpu",
    "throughput_bps": 33141658.42499441,
    "sample_persec": 201.88632081502442,
    "result_path": "result/10GB/run 1",
    "data_path": "88.pt"
}