{
    "total_cpu_time (seconds)": 26.71203812800026,
    "total_cpu_memory (MB)": 71461.283356,
    "execution_time (seconds/batch)": 2.674860849117178,
    "num_batches": 10,
    "batch_size": 512,
    "device": "cpu",
    "throughput_bps": 31422165.3914222,
    "sample_persec": 191.41182621480385,
    "result_path": "result/10GB/run 1",
    "data_path": "89.pt"
}