{
    "total_cpu_time (seconds)": 24.013417743000073,
    "total_cpu_memory (MB)": 71461.283364,
    "execution_time (seconds/batch)": 2.404629353494238,
    "num_batches": 10,
    "batch_size": 512,
    "device": "cpu",
    "throughput_bps": 34953378.522916466,
    "sample_persec": 212.92262745441317,
    "result_path": "result/10GB/run 1",
    "data_path": "92.pt"
}