{
    "total_cpu_time (seconds)": 25.81496082699995,
    "total_cpu_memory (MB)": 71461.283324,
    "execution_time (seconds/batch)": 2.5850303038184967,
    "num_batches": 10,
    "batch_size": 512,
    "device": "cpu",
    "throughput_bps": 32514094.66103551,
    "sample_persec": 198.06344213593758,
    "result_path": "result/10GB/run 1",
    "data_path": "96.pt"
}