{
    "total_cpu_time (seconds)": 25.833262352999718,
    "total_cpu_memory (MB)": 71461.283356,
    "execution_time (seconds/batch)": 2.586862962005839,
    "num_batches": 10,
    "batch_size": 512,
    "device": "cpu",
    "throughput_bps": 32491060.111985274,
    "sample_persec": 197.92312446384793,
    "result_path": "result/10GB/run 1",
    "data_path": "97.pt"
}