{
    "total_cpu_time (seconds)": 26.92318600199975,
    "total_cpu_memory (MB)": 71461.283348,
    "execution_time (seconds/batch)": 2.696004543912355,
    "num_batches": 10,
    "batch_size": 512,
    "device": "cpu",
    "throughput_bps": 31175733.80571142,
    "sample_persec": 189.91065914785221,
    "result_path": "result/10GB/run 1",
    "data_path": "98.pt"
}