{
    "total_cpu_time (seconds)": 22.248503583999874,
    "total_cpu_memory (MB)": 71461.283356,
    "execution_time (seconds/batch)": 2.2278963103868445,
    "num_batches": 10,
    "batch_size": 512,
    "device": "cpu",
    "throughput_bps": 37726136.35928409,
    "sample_persec": 229.8132088163017,
    "result_path": "result/10GB/run 1",
    "data_path": "99.pt"
}