{
    "total_cpu_time (seconds)": 23.84972277200013,
    "total_cpu_memory (MB)": 71461.283356,
    "execution_time (seconds/batch)": 2.3882374455826456,
    "num_batches": 10,
    "batch_size": 512,
    "device": "cpu",
    "throughput_bps": 35193284.55194487,
    "sample_persec": 214.38404332325092,
    "result_path": "result/10GB/run 1",
    "data_path": "100.pt"
}