{"total_cpu_time (seconds)": 21.68734057100005, "total_cpu_memory (MB)": 71460.480316, "execution_time (seconds/batch)": 1.0858515912724453, "num_batches": 20, "batch_size": 256, "device": "cpu", "throughput_bps": 38702305.48794742, "sample_persec": 235.75965818681422, "result_path": "result/1GB/Batches/256/run 3", "data_path": "data/10.pt"}