{"total_cpu_time (seconds)": 20.1409160570001, "total_cpu_memory (MB)": 71460.480308, "execution_time (seconds/batch)": 1.008424508232354, "num_batches": 20, "batch_size": 256, "device": "cpu", "throughput_bps": 41673878.07111577, "sample_persec": 253.86134302580268, "result_path": "result/1GB/Batches/256/run 3", "data_path": "data/100.pt"}