{"total_cpu_time (seconds)": 20.484570600999895, "total_cpu_memory (MB)": 71460.480324, "execution_time (seconds/batch)": 1.025630759604141, "num_batches": 20, "batch_size": 256, "device": "cpu", "throughput_bps": 40974746.13204875, "sample_persec": 249.60249836774338, "result_path": "result/1GB/Batches/256/run 3", "data_path": "data/103.pt"}