{"total_cpu_time (seconds)": 22.131450694000005, "total_cpu_memory (MB)": 71460.480276, "execution_time (seconds/batch)": 1.1080874980762765, "num_batches": 20, "batch_size": 256, "device": "cpu", "throughput_bps": 37925669.293226846, "sample_persec": 231.02868721507582, "result_path": "result/1GB/Batches/256/run 3", "data_path": "data/104.pt"}