{"total_cpu_time (seconds)": 21.100910691999893, "total_cpu_memory (MB)": 71460.480308, "execution_time (seconds/batch)": 1.0564899544596074, "num_batches": 20, "batch_size": 256, "device": "cpu", "throughput_bps": 39777907.79988598, "sample_persec": 242.31181651977326, "result_path": "result/1GB/Batches/256/run 3", "data_path": "data/106.pt"}