{
    "total_cpu_time (seconds)": 23.390460666999672,
    "total_cpu_memory (MB)": 71466.756964,
    "execution_time (seconds/batch)": 0.5855620898447014,
    "num_batches": 40,
    "batch_size": 128,
    "device": "cpu",
    "throughput_bps": 35884290.26471434,
    "sample_persec": 218.59338611546258,
    "result_path": "result/Batches/128/run 1",
    "data_path": "1.pt"
}