{
    "total_cpu_time (seconds)": 23.188560399999915,
    "total_cpu_memory (MB)": 71466.739556,
    "execution_time (seconds/batch)": 0.5805076728339505,
    "num_batches": 40,
    "batch_size": 128,
    "device": "cpu",
    "throughput_bps": 36196730.86734626,
    "sample_persec": 220.49665489367848,
    "result_path": "result/Batches/128/run 1",
    "data_path": "108.pt"
}