{
    "total_cpu_time (seconds)": 25.86438007899993,
    "total_cpu_memory (MB)": 71466.756884,
    "execution_time (seconds/batch)": 0.6474947487017388,
    "num_batches": 40,
    "batch_size": 128,
    "device": "cpu",
    "throughput_bps": 32451969.752853025,
    "sample_persec": 197.68500093112223,
    "result_path": "result/Batches/128/run 1",
    "data_path": "109.pt"
}