{
    "total_cpu_time (seconds)": 25.8953571800003,
    "total_cpu_memory (MB)": 71466.748268,
    "execution_time (seconds/batch)": 0.648270236463923,
    "num_batches": 40,
    "batch_size": 128,
    "device": "cpu",
    "throughput_bps": 32413149.35977223,
    "sample_persec": 197.4485219284371,
    "result_path": "result/Batches/128/run 1",
    "data_path": "110.pt"
}