{
    "total_cpu_time (seconds)": 22.959540675,
    "total_cpu_memory (MB)": 71466.75698,
    "execution_time (seconds/batch)": 0.5747743411695677,
    "num_batches": 40,
    "batch_size": 128,
    "device": "cpu",
    "throughput_bps": 36557790.58829103,
    "sample_persec": 222.6960927649307,
    "result_path": "result/Batches/128/run 1",
    "data_path": "116.pt"
}