{
    "total_cpu_time (seconds)": 23.927571457000308,
    "total_cpu_memory (MB)": 71466.756964,
    "execution_time (seconds/batch)": 0.5990082430072442,
    "num_batches": 40,
    "batch_size": 128,
    "device": "cpu",
    "throughput_bps": 35078782.71342233,
    "sample_persec": 213.68654187026274,
    "result_path": "result/Batches/128/run 1",
    "data_path": "121.pt"
}