{
    "total_cpu_time (seconds)": 22.880423504999428,
    "total_cpu_memory (MB)": 71466.756964,
    "execution_time (seconds/batch)": 0.5727937040171966,
    "num_batches": 40,
    "batch_size": 128,
    "device": "cpu",
    "throughput_bps": 36684202.10039382,
    "sample_persec": 223.46614339908513,
    "result_path": "result/Batches/128/run 1",
    "data_path": "127.pt"
}