{
    "total_cpu_time (seconds)": 2.8091876150000057,
    "total_cpu_memory (MB)": 3356.82764,
    "execution_time (seconds/batch)": 1.4982333946666697,
    "num_batches": 2,
    "batch_size": 128,
    "device": "cpu",
    "throughput_bps": 14024837.568565145,
    "sample_persec": 85.43395205022628,
    "result_path": "result/Batches/128/run 1",
    "data_path": "130.pt"
}