{
    "total_cpu_time (seconds)": 23.495597130000498,
    "total_cpu_memory (MB)": 71466.756892,
    "execution_time (seconds/batch)": 0.5881940998709297,
    "num_batches": 40,
    "batch_size": 128,
    "device": "cpu",
    "throughput_bps": 35723717.739791796,
    "sample_persec": 217.6152396429812,
    "result_path": "result/Batches/128/run 1",
    "data_path": "16.pt"
}