{
    "total_cpu_time (seconds)": 25.27763728800012,
    "total_cpu_memory (MB)": 71466.748252,
    "execution_time (seconds/batch)": 0.6328060967854519,
    "num_batches": 40,
    "batch_size": 128,
    "device": "cpu",
    "throughput_bps": 33205242.659228243,
    "sample_persec": 202.2736516765853,
    "result_path": "result/Batches/128/run 1",
    "data_path": "18.pt"
}