{
    "total_cpu_time (seconds)": 25.72801363799963,
    "total_cpu_memory (MB)": 71466.75698,
    "execution_time (seconds/batch)": 0.6440809203332589,
    "num_batches": 40,
    "batch_size": 128,
    "device": "cpu",
    "throughput_bps": 32623975.243868068,
    "sample_persec": 198.73279266488834,
    "result_path": "result/Batches/128/run 1",
    "data_path": "19.pt"
}