{
    "total_cpu_time (seconds)": 22.892736134999893,
    "total_cpu_memory (MB)": 71466.73082,
    "execution_time (seconds/batch)": 0.5731019411852115,
    "num_batches": 40,
    "batch_size": 128,
    "device": "cpu",
    "throughput_bps": 36664471.86785801,
    "sample_persec": 223.34595436073346,
    "result_path": "result/Batches/128/run 1",
    "data_path": "2.pt"
}