{
    "total_cpu_time (seconds)": 23.44382129000027,
    "total_cpu_memory (MB)": 71466.756948,
    "execution_time (seconds/batch)": 0.5868979317660932,
    "num_batches": 40,
    "batch_size": 128,
    "device": "cpu",
    "throughput_bps": 35802613.81526639,
    "sample_persec": 218.09584439124265,
    "result_path": "result/Batches/128/run 1",
    "data_path": "20.pt"
}