{
    "total_cpu_time (seconds)": 25.429474266999982,
    "total_cpu_memory (MB)": 71466.756972,
    "execution_time (seconds/batch)": 0.6366072181060038,
    "num_batches": 40,
    "batch_size": 128,
    "device": "cpu",
    "throughput_bps": 33006977.30464805,
    "sample_persec": 201.06589488698862,
    "result_path": "result/Batches/128/run 1",
    "data_path": "27.pt"
}