{
    "total_cpu_time (seconds)": 21.910681672999925,
    "total_cpu_memory (MB)": 71466.756908,
    "execution_time (seconds/batch)": 0.5485169673663193,
    "num_batches": 40,
    "batch_size": 128,
    "device": "cpu",
    "throughput_bps": 38307803.131214924,
    "sample_persec": 233.35650055564648,
    "result_path": "result/Batches/128/run 1",
    "data_path": "36.pt"
}