{
    "total_cpu_time (seconds)": 24.363076765000404,
    "total_cpu_memory (MB)": 71466.75698,
    "execution_time (seconds/batch)": 0.6099107815216217,
    "num_batches": 40,
    "batch_size": 128,
    "device": "cpu",
    "throughput_bps": 34451727.42737471,
    "sample_persec": 209.86676064433914,
    "result_path": "result/Batches/128/run 1",
    "data_path": "38.pt"
}