{
    "total_cpu_time (seconds)": 25.10881505500012,
    "total_cpu_memory (MB)": 71466.75646,
    "execution_time (seconds/batch)": 0.6285797627694143,
    "num_batches": 40,
    "batch_size": 128,
    "device": "cpu",
    "throughput_bps": 33428502.227661014,
    "sample_persec": 203.63366366752567,
    "result_path": "result/Batches/128/run 1",
    "data_path": "40.pt"
}