{
    "total_cpu_time (seconds)": 22.931487715000003,
    "total_cpu_memory (MB)": 71466.748292,
    "execution_time (seconds/batch)": 0.5740720570154508,
    "num_batches": 40,
    "batch_size": 128,
    "device": "cpu",
    "throughput_bps": 36602513.12220629,
    "sample_persec": 222.9685253545705,
    "result_path": "result/Batches/128/run 1",
    "data_path": "41.pt"
}