{
    "total_cpu_time (seconds)": 24.015000957999874,
    "total_cpu_memory (MB)": 71466.756972,
    "execution_time (seconds/batch)": 0.6011969729364334,
    "num_batches": 40,
    "batch_size": 128,
    "device": "cpu",
    "throughput_bps": 34951074.18350512,
    "sample_persec": 212.9085902991296,
    "result_path": "result/Batches/128/run 1",
    "data_path": "48.pt"
}