{
    "total_cpu_time (seconds)": 22.631066686000096,
    "total_cpu_memory (MB)": 71466.756852,
    "execution_time (seconds/batch)": 0.5665512489356567,
    "num_batches": 40,
    "batch_size": 128,
    "device": "cpu",
    "throughput_bps": 37088401.1631336,
    "sample_persec": 225.9283696584649,
    "result_path": "result/Batches/128/run 1",
    "data_path": "5.pt"
}