{
    "total_cpu_time (seconds)": 28.09849250400002,
    "total_cpu_memory (MB)": 71466.756924,
    "execution_time (seconds/batch)": 0.7034240251343639,
    "num_batches": 40,
    "batch_size": 128,
    "device": "cpu",
    "throughput_bps": 29871712.15254742,
    "sample_persec": 181.96705745947503,
    "result_path": "result/Batches/128/run 1",
    "data_path": "50.pt"
}