{
    "total_cpu_time (seconds)": 36.03753379799974,
    "total_cpu_memory (MB)": 71466.75698,
    "execution_time (seconds/batch)": 0.9021717829344743,
    "num_batches": 40,
    "batch_size": 128,
    "device": "cpu",
    "throughput_bps": 23290996.678762406,
    "sample_persec": 141.8798530626365,
    "result_path": "result/Batches/128/run 1",
    "data_path": "52.pt"
}