{
    "total_cpu_time (seconds)": 51.42067916799977,
    "total_cpu_memory (MB)": 71461.283356,
    "execution_time (seconds/batch)": 5.149107712500662,
    "num_batches": 10,
    "batch_size": 512,
    "device": "cpu",
    "throughput_bps": 16323200.968577368,
    "sample_persec": 99.43470375595376,
    "result_path": "result/Batches/512/run 1",
    "data_path": "1.pt"
}