{
    "total_cpu_time (seconds)": 44.431096366000375,
    "total_cpu_memory (MB)": 71461.283356,
    "execution_time (seconds/batch)": 4.449192516994366,
    "num_batches": 10,
    "batch_size": 512,
    "device": "cpu",
    "throughput_bps": 18891050.382503923,
    "sample_persec": 115.07706129692934,
    "result_path": "result/Batches/512/run 1",
    "data_path": "108.pt"
}