{
    "total_cpu_time (seconds)": 47.6082691249999,
    "total_cpu_memory (MB)": 71461.283356,
    "execution_time (seconds/batch)": 4.767344766673176,
    "num_batches": 10,
    "batch_size": 512,
    "device": "cpu",
    "throughput_bps": 17630342.279325657,
    "sample_persec": 107.39730920641847,
    "result_path": "result/Batches/512/run 1",
    "data_path": "109.pt"
}