{
    "total_cpu_time (seconds)": 27.441571751000062,
    "total_cpu_memory (MB)": 71461.283364,
    "execution_time (seconds/batch)": 2.747914088893415,
    "num_batches": 10,
    "batch_size": 512,
    "device": "cpu",
    "throughput_bps": 30586807.768013917,
    "sample_persec": 186.32314673497757,
    "result_path": "result/Batches/512/run 1",
    "data_path": "112.pt"
}