{
    "total_cpu_time (seconds)": 23.139461551000185,
    "total_cpu_memory (MB)": 71461.283356,
    "execution_time (seconds/batch)": 2.317114084512438,
    "num_batches": 10,
    "batch_size": 512,
    "device": "cpu",
    "throughput_bps": 36273535.499088556,
    "sample_persec": 220.96451936579288,
    "result_path": "result/Batches/512/run 1",
    "data_path": "113.pt"
}