{
    "total_cpu_time (seconds)": 26.058660208000088,
    "total_cpu_memory (MB)": 71461.283356,
    "execution_time (seconds/batch)": 2.6094336058079493,
    "num_batches": 10,
    "batch_size": 512,
    "device": "cpu",
    "throughput_bps": 32210024.356598232,
    "sample_persec": 196.21116201631477,
    "result_path": "result/Batches/512/run 1",
    "data_path": "117.pt"
}