{
    "total_cpu_time (seconds)": 21.805970468999945,
    "total_cpu_memory (MB)": 71461.283364,
    "execution_time (seconds/batch)": 2.1835824134809254,
    "num_batches": 10,
    "batch_size": 512,
    "device": "cpu",
    "throughput_bps": 38491755.3288099,
    "sample_persec": 234.47706706146383,
    "result_path": "result/Batches/512/run 1",
    "data_path": "119.pt"
}