{
    "total_cpu_time (seconds)": 22.438311223999943,
    "total_cpu_memory (MB)": 71461.283356,
    "execution_time (seconds/batch)": 2.246903060177581,
    "num_batches": 10,
    "batch_size": 512,
    "device": "cpu",
    "throughput_bps": 37407007.66741456,
    "sample_persec": 227.86919875374366,
    "result_path": "result/Batches/512/run 1",
    "data_path": "122.pt"
}