{
    "total_cpu_time (seconds)": 21.66526359299989,
    "total_cpu_memory (MB)": 71461.283372,
    "execution_time (seconds/batch)": 2.1694924622757563,
    "num_batches": 10,
    "batch_size": 512,
    "device": "cpu",
    "throughput_bps": 38741743.27014404,
    "sample_persec": 235.99989808810938,
    "result_path": "result/Batches/512/run 1",
    "data_path": "123.pt"
}