{
    "total_cpu_time (seconds)": 22.432064176000157,
    "total_cpu_memory (MB)": 71461.283356,
    "execution_time (seconds/batch)": 2.2462775001197106,
    "num_batches": 10,
    "batch_size": 512,
    "device": "cpu",
    "throughput_bps": 37417425.04900696,
    "sample_persec": 227.9326574622744,
    "result_path": "result/Batches/512/run 1",
    "data_path": "124.pt"
}