{
    "total_cpu_time (seconds)": 22.78411132799985,
    "total_cpu_memory (MB)": 71461.283356,
    "execution_time (seconds/batch)": 2.281530412661045,
    "num_batches": 10,
    "batch_size": 512,
    "device": "cpu",
    "throughput_bps": 36839272.24181467,
    "sample_persec": 224.4107714535494,
    "result_path": "result/Batches/512/run 1",
    "data_path": "126.pt"
}