{
    "total_cpu_time (seconds)": 22.515549938999825,
    "total_cpu_memory (MB)": 71461.283364,
    "execution_time (seconds/batch)": 2.2546375061153747,
    "num_batches": 10,
    "batch_size": 512,
    "device": "cpu",
    "throughput_bps": 37278684.38807874,
    "sample_persec": 227.08750236402742,
    "result_path": "result/Batches/512/run 1",
    "data_path": "16.pt"
}