{
    "total_cpu_time (seconds)": 29.896873123999953,
    "total_cpu_memory (MB)": 71461.283356,
    "execution_time (seconds/batch)": 2.9937803715016575,
    "num_batches": 10,
    "batch_size": 512,
    "device": "cpu",
    "throughput_bps": 28074845.035422955,
    "sample_persec": 171.02122950428213,
    "result_path": "result/Batches/512/run 1",
    "data_path": "18.pt"
}