{
    "total_cpu_time (seconds)": 22.827845046000114,
    "total_cpu_memory (MB)": 71461.283356,
    "execution_time (seconds/batch)": 2.2859097718662347,
    "num_batches": 10,
    "batch_size": 512,
    "device": "cpu",
    "throughput_bps": 36768695.350289784,
    "sample_persec": 223.98084399542995,
    "result_path": "result/Batches/512/run 1",
    "data_path": "19.pt"
}