{
    "total_cpu_time (seconds)": 24.803479130999982,
    "total_cpu_memory (MB)": 71461.283356,
    "execution_time (seconds/batch)": 2.4837436563802053,
    "num_batches": 10,
    "batch_size": 512,
    "device": "cpu",
    "throughput_bps": 33840013.95799995,
    "sample_persec": 206.14043590399584,
    "result_path": "result/Batches/512/run 1",
    "data_path": "23.pt"
}