{
    "total_cpu_time (seconds)": 22.658039894999987,
    "total_cpu_memory (MB)": 71461.283356,
    "execution_time (seconds/batch)": 2.268906009434773,
    "num_batches": 10,
    "batch_size": 512,
    "device": "cpu",
    "throughput_bps": 37044249.3653311,
    "sample_persec": 225.65941377516506,
    "result_path": "result/Batches/512/run 1",
    "data_path": "24.pt"
}