{
    "total_cpu_time (seconds)": 22.468747946999994,
    "total_cpu_memory (MB)": 71461.283356,
    "execution_time (seconds/batch)": 2.2499508994453348,
    "num_batches": 10,
    "batch_size": 512,
    "device": "cpu",
    "throughput_bps": 37356335.20745731,
    "sample_persec": 227.56052148792222,
    "result_path": "result/Batches/512/run 1",
    "data_path": "25.pt"
}