{
    "total_cpu_time (seconds)": 25.156446037999856,
    "total_cpu_memory (MB)": 71461.283356,
    "execution_time (seconds/batch)": 2.519088670341468,
    "num_batches": 10,
    "batch_size": 512,
    "device": "cpu",
    "throughput_bps": 33365209.00973559,
    "sample_persec": 203.24810556612812,
    "result_path": "result/Batches/512/run 1",
    "data_path": "103.pt"
}