{
    "total_cpu_time (seconds)": 22.792613295999896,
    "total_cpu_memory (MB)": 71461.283356,
    "execution_time (seconds/batch)": 2.2823817734308522,
    "num_batches": 10,
    "batch_size": 512,
    "device": "cpu",
    "throughput_bps": 36825530.670820706,
    "sample_persec": 224.32706305324504,
    "result_path": "result/Batches/512/run 1",
    "data_path": "27.pt"
}