{
    "total_cpu_time (seconds)": 28.185458599000132,
    "total_cpu_memory (MB)": 71461.283356,
    "execution_time (seconds/batch)": 2.8224046162112395,
    "num_batches": 10,
    "batch_size": 512,
    "device": "cpu",
    "throughput_bps": 29779543.130434487,
    "sample_persec": 181.40559899143815,
    "result_path": "result/Batches/512/run 1",
    "data_path": "31.pt"
}