{
    "total_cpu_time (seconds)": 21.764462779000134,
    "total_cpu_memory (MB)": 71461.283364,
    "execution_time (seconds/batch)": 2.179425961832206,
    "num_batches": 10,
    "batch_size": 512,
    "device": "cpu",
    "throughput_bps": 38565164.16338396,
    "sample_persec": 234.92424563464888,
    "result_path": "result/Batches/512/run 1",
    "data_path": "35.pt"
}