{
    "total_cpu_time (seconds)": 21.788517265000007,
    "total_cpu_memory (MB)": 71461.283364,
    "execution_time (seconds/batch)": 2.181834703633875,
    "num_batches": 10,
    "batch_size": 512,
    "device": "cpu",
    "throughput_bps": 38522588.28774413,
    "sample_persec": 234.6648896670573,
    "result_path": "result/Batches/512/run 1",
    "data_path": "44.pt"
}