{
    "total_cpu_time (seconds)": 22.291735177000128,
    "total_cpu_memory (MB)": 71461.283356,
    "execution_time (seconds/batch)": 2.232225388348145,
    "num_batches": 10,
    "batch_size": 512,
    "device": "cpu",
    "throughput_bps": 37652971.97976825,
    "sample_persec": 229.3675193699333,
    "result_path": "result/Batches/512/run 1",
    "data_path": "48.pt"
}