{
    "total_cpu_time (seconds)": 22.544078878000025,
    "total_cpu_memory (MB)": 71461.283356,
    "execution_time (seconds/batch)": 2.2574943057962082,
    "num_batches": 10,
    "batch_size": 512,
    "device": "cpu",
    "throughput_bps": 37231509.19326725,
    "sample_persec": 226.80012910128687,
    "result_path": "result/Batches/512/run 1",
    "data_path": "49.pt"
}