{
    "total_cpu_time (seconds)": 21.378308439999977,
    "total_cpu_memory (MB)": 71461.283356,
    "execution_time (seconds/batch)": 2.140757661114803,
    "num_batches": 10,
    "batch_size": 512,
    "device": "cpu",
    "throughput_bps": 39261763.03217379,
    "sample_persec": 239.1676597963803,
    "result_path": "result/Batches/512/run 1",
    "data_path": "52.pt"
}