{
    "total_cpu_time (seconds)": 26.34739204299971,
    "total_cpu_memory (MB)": 71461.283356,
    "execution_time (seconds/batch)": 2.6383463184071685,
    "num_batches": 10,
    "batch_size": 512,
    "device": "cpu",
    "throughput_bps": 31857045.988846116,
    "sample_persec": 194.06095266109963,
    "result_path": "result/total/run 2",
    "data_path": "2.pt"
}