{
    "total_cpu_time (seconds)": 22.352550095999863,
    "total_cpu_memory (MB)": 71461.283356,
    "execution_time (seconds/batch)": 2.238315206170923,
    "num_batches": 10,
    "batch_size": 512,
    "device": "cpu",
    "throughput_bps": 37550528.972987615,
    "sample_persec": 228.74347571264386,
    "result_path": "result/total/run 2",
    "data_path": "11.pt"
}