{
    "total_cpu_time (seconds)": 21.75226127799999,
    "total_cpu_memory (MB)": 71461.283364,
    "execution_time (seconds/batch)": 2.178204141274398,
    "num_batches": 10,
    "batch_size": 512,
    "device": "cpu",
    "throughput_bps": 38586796.52992721,
    "sample_persec": 235.05602174663258,
    "result_path": "result/total/run 2",
    "data_path": "72.pt"
}