{
    "total_cpu_time (seconds)": 20.240054872000083,
    "total_cpu_memory (MB)": 71461.283364,
    "execution_time (seconds/batch)": 2.0267764706559834,
    "num_batches": 10,
    "batch_size": 512,
    "device": "cpu",
    "throughput_bps": 41469753.18536066,
    "sample_persec": 252.61789221101768,
    "result_path": "result/total/run 2",
    "data_path": "101.pt"
}