{
    "total_cpu_time (seconds)": 20.606532649999966,
    "total_cpu_memory (MB)": 71461.283356,
    "execution_time (seconds/batch)": 2.063474421435553,
    "num_batches": 10,
    "batch_size": 512,
    "device": "cpu",
    "throughput_bps": 40732232.55247658,
    "sample_persec": 248.12519829725008,
    "result_path": "result/total/run 2",
    "data_path": "102.pt"
}