{"total_cpu_time (seconds)": 25.58286364099989, "total_cpu_memory (MB)": 71461.283356, "execution_time (seconds/batch)": 2.561788809738303, "num_batches": 10, "batch_size": 512, "device": "cpu", "throughput_bps": 32809074.534362588, "sample_persec": 199.86034682238417, "result_path": "result/total/2", "data_path": "data/73.pt"}