{"total_cpu_time (seconds)": 23.8297012640001, "total_cpu_memory (MB)": 71461.283356, "execution_time (seconds/batch)": 2.3862325537195486, "num_batches": 10, "batch_size": 512, "device": "cpu", "throughput_bps": 35222853.643911146, "sample_persec": 214.5641669341566, "result_path": "result/total/2", "data_path": "data/74.pt"}