{
    "total_cpu_time (seconds)": 22.516004460999955,
    "total_cpu_memory (MB)": 71461.283356,
    "execution_time (seconds/batch)": 2.254683020542143,
    "num_batches": 10,
    "batch_size": 512,
    "device": "cpu",
    "throughput_bps": 37277931.85748568,
    "sample_persec": 227.08291823517106,
    "result_path": "result/total/run 2",
    "data_path": "74.pt"
}