{"total_cpu_time (seconds)": 22.616026373999947, "total_cpu_memory (MB)": 71461.283356, "execution_time (seconds/batch)": 2.264698905434769, "num_batches": 10, "batch_size": 512, "device": "cpu", "throughput_bps": 37113066.023169376, "sample_persec": 226.07861856219162, "result_path": "result/total/2", "data_path": "data/75.pt"}