{
    "total_cpu_time (seconds)": 21.260981099999942,
    "total_cpu_memory (MB)": 71461.283356,
    "execution_time (seconds/batch)": 2.1290088643066634,
    "num_batches": 10,
    "batch_size": 512,
    "device": "cpu",
    "throughput_bps": 39478426.51532211,
    "sample_persec": 240.48749095590955,
    "result_path": "result/total/run 2",
    "data_path": "76.pt"
}