{"total_cpu_time (seconds)": 22.691584809000005, "total_cpu_memory (MB)": 71461.283348, "execution_time (seconds/batch)": 2.2722650933322908, "num_batches": 10, "batch_size": 512, "device": "cpu", "throughput_bps": 36989486.94262617, "sample_persec": 225.3258220189216, "result_path": "result/total/2", "data_path": "data/76.pt"}