{
    "total_cpu_time (seconds)": 20.496509437000103,
    "total_cpu_memory (MB)": 71461.283356,
    "execution_time (seconds/batch)": 2.0524570373057016,
    "num_batches": 10,
    "batch_size": 512,
    "device": "cpu",
    "throughput_bps": 40950879.103581086,
    "sample_persec": 249.45710954910504,
    "result_path": "result/total/run 2",
    "data_path": "77.pt"
}