{
    "total_cpu_time (seconds)": 19.91811455100012,
    "total_cpu_memory (MB)": 71461.283348,
    "execution_time (seconds/batch)": 1.994538363018201,
    "num_batches": 10,
    "batch_size": 512,
    "device": "cpu",
    "throughput_bps": 42140036.7916779,
    "sample_persec": 256.70100384794046,
    "result_path": "result/total/run 2",
    "data_path": "106.pt"
}