{"total_cpu_time (seconds)": 26.405257657000085, "total_cpu_memory (MB)": 71461.283356, "execution_time (seconds/batch)": 2.644140801952678, "num_batches": 10, "batch_size": 512, "device": "cpu", "throughput_bps": 31787233.092099242, "sample_persec": 193.6356791672712, "result_path": "result/total/2", "data_path": "data/77.pt"}