{
    "total_cpu_time (seconds)": 22.586394189999965,
    "total_cpu_memory (MB)": 71461.283364,
    "execution_time (seconds/batch)": 2.2617316302131787,
    "num_batches": 10,
    "batch_size": 512,
    "device": "cpu",
    "throughput_bps": 37161756.45121871,
    "sample_persec": 226.37522204689762,
    "result_path": "result/total/run 2",
    "data_path": "107.pt"
}