{"total_cpu_time (seconds)": 24.48532776999991, "total_cpu_memory (MB)": 71461.283356, "execution_time (seconds/batch)": 2.4518849634734896, "num_batches": 10, "batch_size": 512, "device": "cpu", "throughput_bps": 34279715.91331502, "sample_persec": 208.81893222048623, "result_path": "result/total/2", "data_path": "data/78.pt"}