{
    "total_cpu_time (seconds)": 20.544920418999936,
    "total_cpu_memory (MB)": 71461.283356,
    "execution_time (seconds/batch)": 2.0573047632560075,
    "num_batches": 10,
    "batch_size": 512,
    "device": "cpu",
    "throughput_bps": 40854384.58178545,
    "sample_persec": 248.8693017896287,
    "result_path": "result/total/run 2",
    "data_path": "78.pt"
}