{
    "total_cpu_time (seconds)": 20.50167503399981,
    "total_cpu_memory (MB)": 71461.283356,
    "execution_time (seconds/batch)": 2.052974304206513,
    "num_batches": 10,
    "batch_size": 512,
    "device": "cpu",
    "throughput_bps": 40940561.13015296,
    "sample_persec": 249.39425639713062,
    "result_path": "result/total/run 2",
    "data_path": "109.pt"
}