{
    "total_cpu_time (seconds)": 20.665757339999946,
    "total_cpu_memory (MB)": 71461.283356,
    "execution_time (seconds/batch)": 2.069404998646582,
    "num_batches": 10,
    "batch_size": 512,
    "device": "cpu",
    "throughput_bps": 40615500.61731259,
    "sample_persec": 247.41411194756697,
    "result_path": "result/total/run 2",
    "data_path": "8.pt"
}