{
    "total_cpu_time (seconds)": 20.960701689999972,
    "total_cpu_memory (MB)": 71461.283356,
    "execution_time (seconds/batch)": 2.0989398132759605,
    "num_batches": 10,
    "batch_size": 512,
    "device": "cpu",
    "throughput_bps": 40043987.66862089,
    "sample_persec": 243.9326734199616,
    "result_path": "result/total/run 2",
    "data_path": "80.pt"
}