{"total_cpu_time (seconds)": 24.304563087000023, "total_cpu_memory (MB)": 71461.283356, "execution_time (seconds/batch)": 2.4337837474171744, "num_batches": 10, "batch_size": 512, "device": "cpu", "throughput_bps": 34534670.58821353, "sample_persec": 210.37201869038458, "result_path": "result/total/2", "data_path": "data/109.pt"}