{
    "total_cpu_time (seconds)": 21.924628241000065,
    "total_cpu_memory (MB)": 71461.28334,
    "execution_time (seconds/batch)": 2.195464435633099,
    "num_batches": 10,
    "batch_size": 512,
    "device": "cpu",
    "throughput_bps": 38283434.99254307,
    "sample_persec": 233.2080591651016,
    "result_path": "result/total/run 2",
    "data_path": "12.pt"
}