{"total_cpu_time (seconds)": 22.919136254000087, "total_cpu_memory (MB)": 71461.283364, "execution_time (seconds/batch)": 2.2950513909736054, "num_batches": 10, "batch_size": 512, "device": "cpu", "throughput_bps": 36622238.75707828, "sample_persec": 223.08868638571082, "result_path": "result/total/2", "data_path": "data/81.pt"}