{
    "total_cpu_time (seconds)": 19.93446421000019,
    "total_cpu_memory (MB)": 71461.283356,
    "execution_time (seconds/batch)": 1.9961755672834143,
    "num_batches": 10,
    "batch_size": 512,
    "device": "cpu",
    "throughput_bps": 42105474.777643494,
    "sample_persec": 256.4904652634229,
    "result_path": "result/total/run 2",
    "data_path": "111.pt"
}