{"total_cpu_time (seconds)": 24.913860103000054, "total_cpu_memory (MB)": 71461.283356, "execution_time (seconds/batch)": 2.494796865389405, "num_batches": 10, "batch_size": 512, "device": "cpu", "throughput_bps": 33690085.62020977, "sample_persec": 205.2271297527398, "result_path": "result/total/2", "data_path": "data/84.pt"}