{
    "total_cpu_time (seconds)": 20.811553253999918,
    "total_cpu_memory (MB)": 71461.283356,
    "execution_time (seconds/batch)": 2.0840045503712026,
    "num_batches": 10,
    "batch_size": 512,
    "device": "cpu",
    "throughput_bps": 40330967.60034859,
    "sample_persec": 245.68084551869268,
    "result_path": "result/total/run 2",
    "data_path": "84.pt"
}