{
    "total_cpu_time (seconds)": 20.173977571000037,
    "total_cpu_memory (MB)": 71461.283356,
    "execution_time (seconds/batch)": 2.020159694181893,
    "num_batches": 10,
    "batch_size": 512,
    "device": "cpu",
    "throughput_bps": 41605582.09435904,
    "sample_persec": 253.44531002899024,
    "result_path": "result/total/run 2",
    "data_path": "115.pt"
}