{"total_cpu_time (seconds)": 21.699380796999957, "total_cpu_memory (MB)": 71461.283356, "execution_time (seconds/batch)": 2.1729088535231718, "num_batches": 10, "batch_size": 512, "device": "cpu", "throughput_bps": 38680830.93486447, "sample_persec": 235.62884341413542, "result_path": "result/total/2", "data_path": "data/86.pt"}