{
    "total_cpu_time (seconds)": 20.571990308000032,
    "total_cpu_memory (MB)": 71461.283324,
    "execution_time (seconds/batch)": 2.0600154581842394,
    "num_batches": 10,
    "batch_size": 512,
    "device": "cpu",
    "throughput_bps": 40800625.872042805,
    "sample_persec": 248.5418242692666,
    "result_path": "result/total/run 2",
    "data_path": "117.pt"
}