{
    "total_cpu_time (seconds)": 26.98876093800003,
    "total_cpu_memory (MB)": 71460.197756,
    "execution_time (seconds/batch)": 2.7025710151097235,
    "num_batches": 10,
    "batch_size": 512,
    "device": "cpu",
    "throughput_bps": 31099985.72843704,
    "sample_persec": 189.44923080188255,
    "result_path": "result/total/run 2",
    "data_path": "118.pt"
}