{
    "total_cpu_time (seconds)": 22.502664138000068,
    "total_cpu_memory (MB)": 71461.283364,
    "execution_time (seconds/batch)": 2.2533471618728798,
    "num_batches": 10,
    "batch_size": 512,
    "device": "cpu",
    "throughput_bps": 37300031.44750298,
    "sample_persec": 227.21754049404836,
    "result_path": "result/total/run 2",
    "data_path": "89.pt"
}