{
    "total_cpu_time (seconds)": 21.267593066999968,
    "total_cpu_memory (MB)": 71461.283356,
    "execution_time (seconds/batch)": 2.1296709662241313,
    "num_batches": 10,
    "batch_size": 512,
    "device": "cpu",
    "throughput_bps": 39466152.9095356,
    "sample_persec": 240.412724838789,
    "result_path": "result/total/run 2",
    "data_path": "120.pt"
}