{
    "total_cpu_time (seconds)": 22.42528751599981,
    "total_cpu_memory (MB)": 71461.283372,
    "execution_time (seconds/batch)": 2.245598906354763,
    "num_batches": 10,
    "batch_size": 512,
    "device": "cpu",
    "throughput_bps": 37428732.157888606,
    "sample_persec": 228.00153604951637,
    "result_path": "result/total/run 2",
    "data_path": "13.pt"
}