{
    "total_cpu_time (seconds)": 21.02155446600002,
    "total_cpu_memory (MB)": 71461.283356,
    "execution_time (seconds/batch)": 2.1050334219816174,
    "num_batches": 10,
    "batch_size": 512,
    "device": "cpu",
    "throughput_bps": 39928069.13292514,
    "sample_persec": 243.2265419890664,
    "result_path": "result/total/run 2",
    "data_path": "121.pt"
}