{
    "total_cpu_time (seconds)": 21.174230755000004,
    "total_cpu_memory (MB)": 71461.283292,
    "execution_time (seconds/batch)": 2.1203219531703503,
    "num_batches": 10,
    "batch_size": 512,
    "device": "cpu",
    "throughput_bps": 39640168.73679338,
    "sample_persec": 241.47276277286414,
    "result_path": "result/total/run 2",
    "data_path": "92.pt"
}