{"total_cpu_time (seconds)": 24.174997195000053, "total_cpu_memory (MB)": 71461.283356, "execution_time (seconds/batch)": 2.4208094198787458, "num_batches": 10, "batch_size": 512, "device": "cpu", "throughput_bps": 34719759.14742182, "sample_persec": 211.4995074769848, "result_path": "result/total/2", "data_path": "data/92.pt"}