{
    "total_cpu_time (seconds)": 20.369355920999837,
    "total_cpu_memory (MB)": 71461.283364,
    "execution_time (seconds/batch)": 2.039724277635814,
    "num_batches": 10,
    "batch_size": 512,
    "device": "cpu",
    "throughput_bps": 41206510.56691832,
    "sample_persec": 251.01431875559405,
    "result_path": "result/total/run 2",
    "data_path": "124.pt"
}