{
    "total_cpu_time (seconds)": 20.71702619400003,
    "total_cpu_memory (MB)": 71461.283356,
    "execution_time (seconds/batch)": 2.0745389030565256,
    "num_batches": 10,
    "batch_size": 512,
    "device": "cpu",
    "throughput_bps": 40514988.59634057,
    "sample_persec": 246.801831118059,
    "result_path": "result/total/run 2",
    "data_path": "95.pt"
}