{
    "total_cpu_time (seconds)": 21.082016893999967,
    "total_cpu_memory (MB)": 71461.283356,
    "execution_time (seconds/batch)": 2.11108794244631,
    "num_batches": 10,
    "batch_size": 512,
    "device": "cpu",
    "throughput_bps": 39813556.93908407,
    "sample_persec": 242.52897745543416,
    "result_path": "result/total/run 2",
    "data_path": "126.pt"
}