{"total_cpu_time (seconds)": 23.6018274119999, "total_cpu_memory (MB)": 71461.283356, "execution_time (seconds/batch)": 2.363413971238793, "num_batches": 10, "batch_size": 512, "device": "cpu", "throughput_bps": 35562927.62200475, "sample_persec": 216.63576767790414, "result_path": "result/total/2", "data_path": "data/96.pt"}