{
    "total_cpu_time (seconds)": 20.481620336999892,
    "total_cpu_memory (MB)": 71461.283356,
    "execution_time (seconds/batch)": 2.050966088899657,
    "num_batches": 10,
    "batch_size": 512,
    "device": "cpu",
    "throughput_bps": 40980648.31734628,
    "sample_persec": 249.63845222554997,
    "result_path": "result/total/run 2",
    "data_path": "96.pt"
}