{
    "total_cpu_time (seconds)": 19.16234051199998,
    "total_cpu_memory (MB)": 71461.283356,
    "execution_time (seconds/batch)": 1.9188574891734773,
    "num_batches": 10,
    "batch_size": 512,
    "device": "cpu",
    "throughput_bps": 43802064.756879576,
    "sample_persec": 266.8254432071124,
    "result_path": "result/total/run 2",
    "data_path": "97.pt"
}