{"total_cpu_time (seconds)": 38.75629001899998, "total_cpu_memory (MB)": 71461.283356, "execution_time (seconds/batch)": 3.8809349676761173, "num_batches": 10, "batch_size": 512, "device": "cpu", "throughput_bps": 21657131.77366861, "sample_persec": 131.92697230548617, "result_path": "result/total/2", "data_path": "data/97.pt"}