{
    "total_cpu_time (seconds)": 5.357988001000004,
    "total_cpu_memory (MB)": 3359.010012,
    "execution_time (seconds/batch)": 11.430374402133342,
    "num_batches": 1,
    "batch_size": 512,
    "device": "cpu",
    "throughput_bps": 7353207.956540172,
    "sample_persec": 44.79293345845621,
    "result_path": "result/total/run 2",
    "data_path": "130.pt"
}