{
    "total_cpu_time (seconds)": 66.5893825630001,
    "total_cpu_memory (MB)": 71461.283364,
    "execution_time (seconds/batch)": 6.668054737386281,
    "num_batches": 10,
    "batch_size": 512,
    "device": "cpu",
    "throughput_bps": 12604863.53370062,
    "sample_persec": 76.78401275402426,
    "result_path": "result/total/run 2",
    "data_path": "110.pt"
}