{"total_cpu_time (seconds)": 24.37914921000001, "total_cpu_memory (MB)": 71461.283356, "execution_time (seconds/batch)": 2.441252570999414, "num_batches": 10, "batch_size": 512, "device": "cpu", "throughput_bps": 34429014.43237033, "sample_persec": 209.72840175664186, "result_path": "result/total/2", "data_path": "data/111.pt"}