{"total_cpu_time (seconds)": 26.217486508, "total_cpu_memory (MB)": 71461.283364, "execution_time (seconds/batch)": 2.6253379800696264, "num_batches": 10, "batch_size": 512, "device": "cpu", "throughput_bps": 32014895.087058816, "sample_persec": 195.02250905859415, "result_path": "result/total/2", "data_path": "data/112.pt"}