{
    "total_cpu_time (seconds)": 31.62952208000003,
    "total_cpu_memory (MB)": 71461.283356,
    "execution_time (seconds/batch)": 3.167282477011542,
    "num_batches": 10,
    "batch_size": 512,
    "device": "cpu",
    "throughput_bps": 26536919.4601501,
    "sample_persec": 161.65277448921844,
    "result_path": "result/total/run 2",
    "data_path": "17.pt"
}