{
    "total_cpu_time (seconds)": 23.98967824399997,
    "total_cpu_memory (MB)": 71461.283356,
    "execution_time (seconds/batch)": 2.402252153516132,
    "num_batches": 10,
    "batch_size": 512,
    "device": "cpu",
    "throughput_bps": 34987967.385928944,
    "sample_persec": 213.13332959264707,
    "result_path": "result/total/run 2",
    "data_path": "113.pt"
}