{"total_cpu_time (seconds)": 24.83461105999982, "total_cpu_memory (MB)": 71461.283356, "execution_time (seconds/batch)": 2.4868611114257595, "num_batches": 10, "batch_size": 512, "device": "cpu", "throughput_bps": 33797593.12405378, "sample_persec": 205.88202439116586, "result_path": "result/total/2", "data_path": "data/114.pt"}