{
    "total_cpu_time (seconds)": 21.780097787000024,
    "total_cpu_memory (MB)": 71461.283356,
    "execution_time (seconds/batch)": 2.180991603157444,
    "num_batches": 10,
    "batch_size": 512,
    "device": "cpu",
    "throughput_bps": 38537479.8684782,
    "sample_persec": 234.75560348731847,
    "result_path": "result/total/run 2",
    "data_path": "114.pt"
}