{"total_cpu_time (seconds)": 26.810850091999924, "total_cpu_memory (MB)": 71461.283372, "execution_time (seconds/batch)": 2.684755573460583, "num_batches": 10, "batch_size": 512, "device": "cpu", "throughput_bps": 31306358.325820234, "sample_persec": 190.70637381713104, "result_path": "result/total/2", "data_path": "data/115.pt"}