{
    "total_cpu_time (seconds)": 22.086622626000075,
    "total_cpu_memory (MB)": 71461.283332,
    "execution_time (seconds/batch)": 2.211686052124396,
    "num_batches": 10,
    "batch_size": 512,
    "device": "cpu",
    "throughput_bps": 38002645.049584374,
    "sample_persec": 231.49759411296526,
    "result_path": "result/total/run 2",
    "data_path": "115.pt"
}