{
    "total_cpu_time (seconds)": 23.06965797500013,
    "total_cpu_memory (MB)": 71461.283356,
    "execution_time (seconds/batch)": 2.310124170389217,
    "num_batches": 10,
    "batch_size": 512,
    "device": "cpu",
    "throughput_bps": 36383291.027096175,
    "sample_persec": 221.63310810852934,
    "result_path": "result/total/run 2",
    "data_path": "116.pt"
}