{
    "total_cpu_time (seconds)": 20.36238629499999,
    "total_cpu_memory (MB)": 71461.28334,
    "execution_time (seconds/batch)": 2.0390263608527275,
    "num_batches": 10,
    "batch_size": 512,
    "device": "cpu",
    "throughput_bps": 41220614.70791876,
    "sample_persec": 251.1002357938521,
    "result_path": "result/total/run 2",
    "data_path": "100.pt"
}