{"total_cpu_time (seconds)": 23.610420091000073, "total_cpu_memory (MB)": 71461.283356, "execution_time (seconds/batch)": 2.364274415527486, "num_batches": 10, "batch_size": 512, "device": "cpu", "throughput_bps": 35549984.996664554, "sample_persec": 216.55692614927239, "result_path": "result/total/2", "data_path": "data/100.pt"}