{
    "total_cpu_time (seconds)": 22.992028331000096,
    "total_cpu_memory (MB)": 71461.283364,
    "execution_time (seconds/batch)": 2.3023505780309113,
    "num_batches": 10,
    "batch_size": 512,
    "device": "cpu",
    "throughput_bps": 36506134.557441644,
    "sample_persec": 222.38142396102367,
    "result_path": "result/total/run 2",
    "data_path": "21.pt"
}