{
    "total_cpu_time (seconds)": 30.332011437000087,
    "total_cpu_memory (MB)": 71461.283356,
    "execution_time (seconds/batch)": 3.0373537758153812,
    "num_batches": 10,
    "batch_size": 512,
    "device": "cpu",
    "throughput_bps": 27672087.68015069,
    "sample_persec": 168.5677855759667,
    "result_path": "result/total/run 2",
    "data_path": "118.pt"
}