{"total_cpu_time (seconds)": 29.90050052300016, "total_cpu_memory (MB)": 71461.283356, "execution_time (seconds/batch)": 2.994143608014098, "num_batches": 10, "batch_size": 512, "device": "cpu", "throughput_bps": 28071439.117025897, "sample_persec": 171.00048195069382, "result_path": "result/total/2", "data_path": "data/119.pt"}