{
    "total_cpu_time (seconds)": 24.26075184700005,
    "total_cpu_memory (MB)": 71461.283356,
    "execution_time (seconds/batch)": 2.4293966253987924,
    "num_batches": 10,
    "batch_size": 512,
    "device": "cpu",
    "throughput_bps": 34597034.96797398,
    "sample_persec": 210.75191866455881,
    "result_path": "result/total/run 2",
    "data_path": "119.pt"
}