{
    "total_cpu_time (seconds)": 29.086858327999792,
    "total_cpu_memory (MB)": 71460.234668,
    "execution_time (seconds/batch)": 2.9126679960758644,
    "num_batches": 10,
    "batch_size": 512,
    "device": "cpu",
    "throughput_bps": 28856677.147288162,
    "sample_persec": 175.78385201808092,
    "result_path": "result/total/run 2",
    "data_path": "24.pt"
}