{"total_cpu_time (seconds)": 21.490512136000046, "total_cpu_memory (MB)": 71461.283356, "execution_time (seconds/batch)": 2.1519933920657195, "num_batches": 10, "batch_size": 512, "device": "cpu", "throughput_bps": 39056774.20287971, "sample_persec": 237.91894616763958, "result_path": "result/total/2", "data_path": "data/12.pt"}