{
    "total_cpu_time (seconds)": 24.521128629000046,
    "total_cpu_memory (MB)": 71461.283356,
    "execution_time (seconds/batch)": 2.455469950723259,
    "num_batches": 10,
    "batch_size": 512,
    "device": "cpu",
    "throughput_bps": 34229667.51242184,
    "sample_persec": 208.51405648405117,
    "result_path": "result/total/run 2",
    "data_path": "12.pt"
}