{
    "total_cpu_time (seconds)": 21.48812516500004,
    "total_cpu_memory (MB)": 71461.283356,
    "execution_time (seconds/batch)": 2.1517543681752436,
    "num_batches": 10,
    "batch_size": 512,
    "device": "cpu",
    "throughput_bps": 39061112.75669305,
    "sample_persec": 237.94537497985533,
    "result_path": "result/total/run 2",
    "data_path": "25.pt"
}