{
    "total_cpu_time (seconds)": 21.461544860999872,
    "total_cpu_memory (MB)": 71461.283356,
    "execution_time (seconds/batch)": 2.1490926987740924,
    "num_batches": 10,
    "batch_size": 512,
    "device": "cpu",
    "throughput_bps": 39109490.27370696,
    "sample_persec": 238.24007233008624,
    "result_path": "result/total/run 2",
    "data_path": "26.pt"
}