{
    "total_cpu_time (seconds)": 34.591291128999956,
    "total_cpu_memory (MB)": 71461.283356,
    "execution_time (seconds/batch)": 3.463864865645996,
    "num_batches": 10,
    "batch_size": 512,
    "device": "cpu",
    "throughput_bps": 24264780.313340846,
    "sample_persec": 147.8117709146007,
    "result_path": "result/total/run 2",
    "data_path": "121.pt"
}