{"total_cpu_time (seconds)": 23.976599878999902, "total_cpu_memory (MB)": 71461.283356, "execution_time (seconds/batch)": 2.4009425265104536, "num_batches": 10, "batch_size": 512, "device": "cpu", "throughput_bps": 35007052.05224497, "sample_persec": 213.2495860882369, "result_path": "result/total/2", "data_path": "data/121.pt"}