{
    "total_cpu_time (seconds)": 21.1033242379999,
    "total_cpu_memory (MB)": 71461.283356,
    "execution_time (seconds/batch)": 2.1132215939479657,
    "num_batches": 10,
    "batch_size": 512,
    "device": "cpu",
    "throughput_bps": 39773358.47821626,
    "sample_persec": 242.28410379030373,
    "result_path": "result/total/run 2",
    "data_path": "27.pt"
}