{
    "total_cpu_time (seconds)": 23.066251793999786,
    "total_cpu_memory (MB)": 71461.283356,
    "execution_time (seconds/batch)": 2.3097830859628186,
    "num_batches": 10,
    "batch_size": 512,
    "device": "cpu",
    "throughput_bps": 36388663.72811987,
    "sample_persec": 221.66583655043783,
    "result_path": "result/total/run 2",
    "data_path": "28.pt"
}