{
    "total_cpu_time (seconds)": 21.808398209999922,
    "total_cpu_memory (MB)": 71461.283356,
    "execution_time (seconds/batch)": 2.183825519953053,
    "num_batches": 10,
    "batch_size": 512,
    "device": "cpu",
    "throughput_bps": 38487470.37346046,
    "sample_persec": 234.45096475061192,
    "result_path": "result/total/run 2",
    "data_path": "29.pt"
}