{
    "total_cpu_time (seconds)": 20.0423327180001,
    "total_cpu_memory (MB)": 71461.283356,
    "execution_time (seconds/batch)": 2.0069771859213867,
    "num_batches": 10,
    "batch_size": 512,
    "device": "cpu",
    "throughput_bps": 41878861.69787893,
    "sample_persec": 255.11002496271274,
    "result_path": "result/total/run 2",
    "data_path": "125.pt"
}