{
    "total_cpu_time (seconds)": 22.533816036000037,
    "total_cpu_memory (MB)": 71461.283316,
    "execution_time (seconds/batch)": 2.2564666165523213,
    "num_batches": 10,
    "batch_size": 512,
    "device": "cpu",
    "throughput_bps": 37248465.97926662,
    "sample_persec": 226.90342336297894,
    "result_path": "result/total/run 2",
    "data_path": "30.pt"
}