{
    "total_cpu_time (seconds)": 21.838473003000153,
    "total_cpu_memory (MB)": 71461.283356,
    "execution_time (seconds/batch)": 2.186837116670463,
    "num_batches": 10,
    "batch_size": 512,
    "device": "cpu",
    "throughput_bps": 38434467.45954677,
    "sample_persec": 234.12809124967575,
    "result_path": "result/total/run 2",
    "data_path": "4.pt"
}