{"total_cpu_time (seconds)": 23.84569824300011, "total_cpu_memory (MB)": 71461.28334, "execution_time (seconds/batch)": 2.387834441700774, "num_batches": 10, "batch_size": 512, "device": "cpu", "throughput_bps": 35199224.256156586, "sample_persec": 214.42022573194802, "result_path": "result/total/2", "data_path": "data/101.pt"}