{
    "total_cpu_time (seconds)": 22.061094091000008,
    "total_cpu_memory (MB)": 71461.283356,
    "execution_time (seconds/batch)": 2.2091297036166644,
    "num_batches": 10,
    "batch_size": 512,
    "device": "cpu",
    "throughput_bps": 38046620.74046542,
    "sample_persec": 231.76547722018407,
    "result_path": "result/total/run 2",
    "data_path": "31.pt"
}