{
    "total_cpu_time (seconds)": 24.34268612700007,
    "total_cpu_memory (MB)": 71461.283364,
    "execution_time (seconds/batch)": 2.4376012706872747,
    "num_batches": 10,
    "batch_size": 512,
    "device": "cpu",
    "throughput_bps": 34480585.898407556,
    "sample_persec": 210.04255542402265,
    "result_path": "result/total/run 2",
    "data_path": "127.pt"
}