{
    "total_cpu_time (seconds)": 21.891745907999958,
    "total_cpu_memory (MB)": 71461.283356,
    "execution_time (seconds/batch)": 2.192171700546837,
    "num_batches": 10,
    "batch_size": 512,
    "device": "cpu",
    "throughput_bps": 38340938.33937996,
    "sample_persec": 233.55834758394226,
    "result_path": "result/total/run 2",
    "data_path": "32.pt"
}