{"total_cpu_time (seconds)": 23.743466899000047, "total_cpu_memory (MB)": 71461.283356, "execution_time (seconds/batch)": 2.3775973112239437, "num_batches": 10, "batch_size": 512, "device": "cpu", "throughput_bps": 35350780.21968852, "sample_persec": 215.34344675736185, "result_path": "result/total/2", "data_path": "data/127.pt"}