{"total_cpu_time (seconds)": 24.941008035000188, "total_cpu_memory (MB)": 71461.283292, "execution_time (seconds/batch)": 2.4975153753021897, "num_batches": 10, "batch_size": 512, "device": "cpu", "throughput_bps": 33653414.441875175, "sample_persec": 205.00374294514603, "result_path": "result/total/2", "data_path": "data/128.pt"}