{
    "total_cpu_time (seconds)": 22.00637886000012,
    "total_cpu_memory (MB)": 71461.283356,
    "execution_time (seconds/batch)": 2.203650689677305,
    "num_batches": 10,
    "batch_size": 512,
    "device": "cpu",
    "throughput_bps": 38141217.38700246,
    "sample_persec": 232.34172384869922,
    "result_path": "result/total/run 2",
    "data_path": "33.pt"
}