{
    "total_cpu_time (seconds)": 22.476249367000023,
    "total_cpu_memory (MB)": 71461.283364,
    "execution_time (seconds/batch)": 2.2507020684341894,
    "num_batches": 10,
    "batch_size": 512,
    "device": "cpu",
    "throughput_bps": 37343867.57749479,
    "sample_persec": 227.48457344965152,
    "result_path": "result/total/run 2",
    "data_path": "34.pt"
}