{"total_cpu_time (seconds)": 25.297731320000047, "total_cpu_memory (MB)": 71461.283356, "execution_time (seconds/batch)": 2.5332365413338596, "num_batches": 10, "batch_size": 512, "device": "cpu", "throughput_bps": 33178867.677214246, "sample_persec": 202.1129853631472, "result_path": "result/total/2", "data_path": "data/129.pt"}