{
    "total_cpu_time (seconds)": 21.94622406800011,
    "total_cpu_memory (MB)": 71461.283356,
    "execution_time (seconds/batch)": 2.197626974929798,
    "num_batches": 10,
    "batch_size": 512,
    "device": "cpu",
    "throughput_bps": 38245762.79724858,
    "sample_persec": 232.97857454464292,
    "result_path": "result/total/run 2",
    "data_path": "35.pt"
}