{"total_cpu_time (seconds)": 22.553523486000046, "total_cpu_memory (MB)": 71461.283356, "execution_time (seconds/batch)": 2.258440059619015, "num_batches": 10, "batch_size": 512, "device": "cpu", "throughput_bps": 37215917.97046795, "sample_persec": 226.70515332887393, "result_path": "result/total/2", "data_path": "data/13.pt"}