{
    "total_cpu_time (seconds)": 26.978487313999945,
    "total_cpu_memory (MB)": 71461.283324,
    "execution_time (seconds/batch)": 2.701542246189707,
    "num_batches": 10,
    "batch_size": 512,
    "device": "cpu",
    "throughput_bps": 31111828.852036346,
    "sample_persec": 189.52137458599137,
    "result_path": "result/total/run 2",
    "data_path": "13.pt"
}