{
    "total_cpu_time (seconds)": 21.103049139999925,
    "total_cpu_memory (MB)": 71461.283356,
    "execution_time (seconds/batch)": 2.1131940464854218,
    "num_batches": 10,
    "batch_size": 512,
    "device": "cpu",
    "throughput_bps": 39773876.96117562,
    "sample_persec": 242.28726219039729,
    "result_path": "result/total/run 2",
    "data_path": "37.pt"
}