{
    "total_cpu_time (seconds)": 22.608248311000015,
    "total_cpu_memory (MB)": 71461.283356,
    "execution_time (seconds/batch)": 2.2639200342718575,
    "num_batches": 10,
    "batch_size": 512,
    "device": "cpu",
    "throughput_bps": 37125834.27313187,
    "sample_persec": 226.15639786264538,
    "result_path": "result/total/run 2",
    "data_path": "38.pt"
}