{
    "total_cpu_time (seconds)": 22.3106975410001,
    "total_cpu_memory (MB)": 71461.283356,
    "execution_time (seconds/batch)": 2.234124220808146,
    "num_batches": 10,
    "batch_size": 512,
    "device": "cpu",
    "throughput_bps": 37620969.87140525,
    "sample_persec": 229.1725747527123,
    "result_path": "result/total/run 2",
    "data_path": "15.pt"
}