{"total_cpu_time (seconds)": 25.006928655999754, "total_cpu_memory (MB)": 71461.283364, "execution_time (seconds/batch)": 2.5041164623258116, "num_batches": 10, "batch_size": 512, "device": "cpu", "throughput_bps": 33564700.86935766, "sample_persec": 204.4633337558337, "result_path": "result/total/2", "data_path": "data/15.pt"}