{
    "total_cpu_time (seconds)": 46.57480378699944,
    "total_cpu_memory (MB)": 71461.283356,
    "execution_time (seconds/batch)": 4.663856745343969,
    "num_batches": 10,
    "batch_size": 512,
    "device": "cpu",
    "throughput_bps": 18021548.385659333,
    "sample_persec": 109.78038733954273,
    "result_path": "result/total/run 2",
    "data_path": "16.pt"
}