{"total_cpu_time (seconds)": 23.589556484000198, "total_cpu_memory (MB)": 71461.283356, "execution_time (seconds/batch)": 2.362185198476061, "num_batches": 10, "batch_size": 512, "device": "cpu", "throughput_bps": 35581426.91530872, "sample_persec": 216.74845830475584, "result_path": "result/total/2", "data_path": "data/16.pt"}