{
    "total_cpu_time (seconds)": 21.07310311399989,
    "total_cpu_memory (MB)": 71461.283364,
    "execution_time (seconds/batch)": 2.1101953440969963,
    "num_batches": 10,
    "batch_size": 512,
    "device": "cpu",
    "throughput_bps": 39830397.804221764,
    "sample_persec": 242.63156557152635,
    "result_path": "result/total/run 2",
    "data_path": "40.pt"
}