{"total_cpu_time (seconds)": 34.030996536999965, "total_cpu_memory (MB)": 71461.15226, "execution_time (seconds/batch)": 3.4077586987960067, "num_batches": 10, "batch_size": 512, "device": "cpu", "throughput_bps": 24664281.549540356, "sample_persec": 150.2453798095782, "result_path": "result/total/2", "data_path": "data/17.pt"}