{
    "total_cpu_time (seconds)": 22.544892468999986,
    "total_cpu_memory (MB)": 71461.283356,
    "execution_time (seconds/batch)": 2.2575757762816338,
    "num_batches": 10,
    "batch_size": 512,
    "device": "cpu",
    "throughput_bps": 37230165.59755766,
    "sample_persec": 226.79194442956663,
    "result_path": "result/total/run 2",
    "data_path": "17.pt"
}