{
    "total_cpu_time (seconds)": 78.29221190899997,
    "total_cpu_memory (MB)": 71444.295328,
    "execution_time (seconds/batch)": 7.83993985867553,
    "num_batches": 10,
    "batch_size": 512,
    "device": "cpu",
    "throughput_bps": 10720735.300920954,
    "sample_persec": 65.30662342178944,
    "result_path": "result/total/run 2",
    "data_path": "102.pt"
}