{"total_cpu_time (seconds)": 26.8824230199996, "total_cpu_memory (MB)": 71461.283356, "execution_time (seconds/batch)": 2.69192266501854, "num_batches": 10, "batch_size": 512, "device": "cpu", "throughput_bps": 31223006.92075087, "sample_persec": 190.19862890320948, "result_path": "result/total/2", "data_path": "data/102.pt"}