{
    "total_cpu_time (seconds)": 74.0757369230004,
    "total_cpu_memory (MB)": 71461.283356,
    "execution_time (seconds/batch)": 7.4177150996628605,
    "num_batches": 10,
    "batch_size": 512,
    "device": "cpu",
    "throughput_bps": 11330971.71712892,
    "sample_persec": 69.02395051857285,
    "result_path": "result/total/run 2",
    "data_path": "102.pt"
}