{
    "total_cpu_time (seconds)": 21.015639472000004,
    "total_cpu_memory (MB)": 71461.283356,
    "execution_time (seconds/batch)": 2.1044411127838845,
    "num_batches": 10,
    "batch_size": 512,
    "device": "cpu",
    "throughput_bps": 39939307.15828564,
    "sample_persec": 243.29499974589206,
    "result_path": "result/total/run 2",
    "data_path": "41.pt"
}