{
    "total_cpu_time (seconds)": 21.36262552500008,
    "total_cpu_memory (MB)": 71461.283356,
    "execution_time (seconds/batch)": 2.1391872225308117,
    "num_batches": 10,
    "batch_size": 512,
    "device": "cpu",
    "throughput_bps": 39290586.21646165,
    "sample_persec": 239.34323962269525,
    "result_path": "result/total/run 2",
    "data_path": "42.pt"
}