{
    "total_cpu_time (seconds)": 21.123063605000095,
    "total_cpu_memory (MB)": 71461.283356,
    "execution_time (seconds/batch)": 2.115198233084304,
    "num_batches": 10,
    "batch_size": 512,
    "device": "cpu",
    "throughput_bps": 39736190.53068208,
    "sample_persec": 242.05769085454483,
    "result_path": "result/total/run 2",
    "data_path": "43.pt"
}