{"total_cpu_time (seconds)": 23.95456787099984, "total_cpu_memory (MB)": 71461.283364, "execution_time (seconds/batch)": 2.398736309397989, "num_batches": 10, "batch_size": 512, "device": "cpu", "throughput_bps": 35039249.487616256, "sample_persec": 213.44572056296454, "result_path": "result/total/2", "data_path": "data/22.pt"}