{
    "total_cpu_time (seconds)": 23.406325937000194,
    "total_cpu_memory (MB)": 71461.283356,
    "execution_time (seconds/batch)": 2.3438370584283392,
    "num_batches": 10,
    "batch_size": 512,
    "device": "cpu",
    "throughput_bps": 35859967.18404977,
    "sample_persec": 218.44521920108292,
    "result_path": "result/total/run 2",
    "data_path": "46.pt"
}