{
    "total_cpu_time (seconds)": 22.231512789999805,
    "total_cpu_memory (MB)": 71461.283372,
    "execution_time (seconds/batch)": 2.22619490484645,
    "num_batches": 10,
    "batch_size": 512,
    "device": "cpu",
    "throughput_bps": 37754969.170499146,
    "sample_persec": 229.98884728617898,
    "result_path": "result/total/run 2",
    "data_path": "47.pt"
}