{
    "total_cpu_time (seconds)": 29.11619895700018,
    "total_cpu_memory (MB)": 71461.283356,
    "execution_time (seconds/batch)": 2.915606075881888,
    "num_batches": 10,
    "batch_size": 512,
    "device": "cpu",
    "throughput_bps": 28827598.040512826,
    "sample_persec": 175.60671320975163,
    "result_path": "result/total/run 2",
    "data_path": "23.pt"
}