{
    "total_cpu_time (seconds)": 20.591959270999958,
    "total_cpu_memory (MB)": 71461.283324,
    "execution_time (seconds/batch)": 2.062015088353604,
    "num_batches": 10,
    "batch_size": 512,
    "device": "cpu",
    "throughput_bps": 40761059.642443664,
    "sample_persec": 248.30080191547066,
    "result_path": "result/total/run 2",
    "data_path": "24.pt"
}