{
    "total_cpu_time (seconds)": 21.477369509999953,
    "total_cpu_memory (MB)": 71461.283324,
    "execution_time (seconds/batch)": 2.1506773301623268,
    "num_batches": 10,
    "batch_size": 512,
    "device": "cpu",
    "throughput_bps": 39080674.17703062,
    "sample_persec": 238.0645356787928,
    "result_path": "result/total/run 2",
    "data_path": "48.pt"
}