{
    "total_cpu_time (seconds)": 23.142524037000058,
    "total_cpu_memory (MB)": 71461.283348,
    "execution_time (seconds/batch)": 2.317420752384907,
    "num_batches": 10,
    "batch_size": 512,
    "device": "cpu",
    "throughput_bps": 36268735.366032444,
    "sample_persec": 220.935278789184,
    "result_path": "result/total/run 2",
    "data_path": "25.pt"
}