{
    "total_cpu_time (seconds)": 21.61224546200002,
    "total_cpu_memory (MB)": 71461.283356,
    "execution_time (seconds/batch)": 2.1641833906794465,
    "num_batches": 10,
    "batch_size": 512,
    "device": "cpu",
    "throughput_bps": 38836782.66914917,
    "sample_persec": 236.5788417954993,
    "result_path": "result/total/run 2",
    "data_path": "49.pt"
}