{"total_cpu_time (seconds)": 28.94536842000013, "total_cpu_memory (MB)": 71461.283356, "execution_time (seconds/batch)": 2.8984996344690135, "num_batches": 10, "batch_size": 512, "device": "cpu", "throughput_bps": 28997733.517188247, "sample_persec": 176.64311353063016, "result_path": "result/total/2", "data_path": "data/26.pt"}