{
    "total_cpu_time (seconds)": 26.319837835000072,
    "total_cpu_memory (MB)": 71461.283356,
    "execution_time (seconds/batch)": 2.635587125272841,
    "num_batches": 10,
    "batch_size": 512,
    "device": "cpu",
    "throughput_bps": 31890397.09370222,
    "sample_persec": 194.26411484955054,
    "result_path": "result/total/run 2",
    "data_path": "103.pt"
}