{"total_cpu_time (seconds)": 23.48711013199996, "total_cpu_memory (MB)": 71461.283356, "execution_time (seconds/batch)": 2.3519265377633443, "num_batches": 10, "batch_size": 512, "device": "cpu", "throughput_bps": 35736626.39987494, "sample_persec": 217.69387426824406, "result_path": "result/total/2", "data_path": "data/103.pt"}