{
    "total_cpu_time (seconds)": 20.1785206500001,
    "total_cpu_memory (MB)": 71461.283292,
    "execution_time (seconds/batch)": 2.020614624056337,
    "num_batches": 10,
    "batch_size": 512,
    "device": "cpu",
    "throughput_bps": 41596214.834509976,
    "sample_persec": 253.38824826090385,
    "result_path": "result/total/run 2",
    "data_path": "27.pt"
}