{
    "total_cpu_time (seconds)": 22.628553494000005,
    "total_cpu_memory (MB)": 71461.283356,
    "execution_time (seconds/batch)": 2.265953332471739,
    "num_batches": 10,
    "batch_size": 512,
    "device": "cpu",
    "throughput_bps": 37092520.30725494,
    "sample_persec": 225.95346191066608,
    "result_path": "result/total/run 2",
    "data_path": "28.pt"
}