{
    "total_cpu_time (seconds)": 22.324652958000197,
    "total_cpu_memory (MB)": 71461.283356,
    "execution_time (seconds/batch)": 2.235521673087444,
    "num_batches": 10,
    "batch_size": 512,
    "device": "cpu",
    "throughput_bps": 37597452.53729523,
    "sample_persec": 229.02931613849435,
    "result_path": "result/total/run 2",
    "data_path": "28.pt"
}