{
    "total_cpu_time (seconds)": 19.44740963999996,
    "total_cpu_memory (MB)": 71461.283356,
    "execution_time (seconds/batch)": 1.9474034296264384,
    "num_batches": 10,
    "batch_size": 512,
    "device": "cpu",
    "throughput_bps": 43159993.82630383,
    "sample_persec": 262.9141924116949,
    "result_path": "result/total/run 2",
    "data_path": "30.pt"
}