{
    "total_cpu_time (seconds)": 44.445251575999876,
    "total_cpu_memory (MB)": 71461.283356,
    "execution_time (seconds/batch)": 4.45060997592645,
    "num_batches": 10,
    "batch_size": 512,
    "device": "cpu",
    "throughput_bps": 18885033.83909842,
    "sample_persec": 115.04041081322137,
    "result_path": "result/total/run 2",
    "data_path": "31.pt"
}