{
    "total_cpu_time (seconds)": 21.15096916499993,
    "total_cpu_memory (MB)": 71461.283364,
    "execution_time (seconds/batch)": 2.117992609520822,
    "num_batches": 10,
    "batch_size": 512,
    "device": "cpu",
    "throughput_bps": 39683764.533538945,
    "sample_persec": 241.7383317101544,
    "result_path": "result/total/run 2",
    "data_path": "58.pt"
}