{
    "total_cpu_time (seconds)": 24.025331291999894,
    "total_cpu_memory (MB)": 71461.281308,
    "execution_time (seconds/batch)": 2.4058223394296783,
    "num_batches": 10,
    "batch_size": 512,
    "device": "cpu",
    "throughput_bps": 34936046.034024596,
    "sample_persec": 212.8170445542434,
    "result_path": "result/total/run 2",
    "data_path": "34.pt"
}