{
    "total_cpu_time (seconds)": 22.498481319999833,
    "total_cpu_memory (MB)": 71461.283356,
    "execution_time (seconds/batch)": 2.2529283074202846,
    "num_batches": 10,
    "batch_size": 512,
    "device": "cpu",
    "throughput_bps": 37306966.10414619,
    "sample_persec": 227.25978377282036,
    "result_path": "result/total/run 2",
    "data_path": "59.pt"
}