{
    "total_cpu_time (seconds)": 28.169041541999952,
    "total_cpu_memory (MB)": 71461.283364,
    "execution_time (seconds/batch)": 2.8207606629188295,
    "num_batches": 10,
    "batch_size": 512,
    "device": "cpu",
    "throughput_bps": 29796898.795741122,
    "sample_persec": 181.51132307347174,
    "result_path": "result/total/run 2",
    "data_path": "35.pt"
}