{
    "total_cpu_time (seconds)": 22.53236218600012,
    "total_cpu_memory (MB)": 71461.283372,
    "execution_time (seconds/batch)": 2.256321032511649,
    "num_batches": 10,
    "batch_size": 512,
    "device": "cpu",
    "throughput_bps": 37250869.35277064,
    "sample_persec": 226.91806379611745,
    "result_path": "result/total/run 2",
    "data_path": "60.pt"
}