{"total_cpu_time (seconds)": 24.807805742999992, "total_cpu_memory (MB)": 71461.283356, "execution_time (seconds/batch)": 2.484176909919029, "num_batches": 10, "batch_size": 512, "device": "cpu", "throughput_bps": 33834112.08130889, "sample_persec": 206.1044839261019, "result_path": "result/total/2", "data_path": "data/35.pt"}