{"total_cpu_time (seconds)": 24.65913508499986, "total_cpu_memory (MB)": 71461.283356, "execution_time (seconds/batch)": 2.4692894902249027, "num_batches": 10, "batch_size": 512, "device": "cpu", "throughput_bps": 34038098.94818964, "sample_persec": 207.3470939826367, "result_path": "result/total/2", "data_path": "data/37.pt"}