{
    "total_cpu_time (seconds)": 28.278362487000106,
    "total_cpu_memory (MB)": 71461.283364,
    "execution_time (seconds/batch)": 2.831707724104059,
    "num_batches": 10,
    "batch_size": 512,
    "device": "cpu",
    "throughput_bps": 29681707.361444958,
    "sample_persec": 180.80962086650194,
    "result_path": "result/total/run 2",
    "data_path": "37.pt"
}