{
    "total_cpu_time (seconds)": 22.200053368000198,
    "total_cpu_memory (MB)": 71461.283356,
    "execution_time (seconds/batch)": 2.223044655665187,
    "num_batches": 10,
    "batch_size": 512,
    "device": "cpu",
    "throughput_bps": 37808471.27195936,
    "sample_persec": 230.3147616469259,
    "result_path": "result/total/run 2",
    "data_path": "63.pt"
}