{
    "total_cpu_time (seconds)": 21.41674769500003,
    "total_cpu_memory (MB)": 71461.283356,
    "execution_time (seconds/batch)": 2.1446068491766117,
    "num_batches": 10,
    "batch_size": 512,
    "device": "cpu",
    "throughput_bps": 39191295.14683293,
    "sample_persec": 238.73839636228635,
    "result_path": "result/total/run 2",
    "data_path": "64.pt"
}