{"total_cpu_time (seconds)": 23.108719049000094, "total_cpu_memory (MB)": 71461.283356, "execution_time (seconds/batch)": 2.3140356254817225, "num_batches": 10, "batch_size": 512, "device": "cpu", "throughput_bps": 36321791.71074904, "sample_persec": 221.25847777015738, "result_path": "result/total/2", "data_path": "data/4.pt"}