{
    "total_cpu_time (seconds)": 24.372052524000015,
    "total_cpu_memory (MB)": 71461.283356,
    "execution_time (seconds/batch)": 2.440541930821046,
    "num_batches": 10,
    "batch_size": 512,
    "device": "cpu",
    "throughput_bps": 34439039.517638594,
    "sample_persec": 209.78947074584914,
    "result_path": "result/total/run 2",
    "data_path": "65.pt"
}