{
    "total_cpu_time (seconds)": 21.211810151000158,
    "total_cpu_memory (MB)": 71461.283356,
    "execution_time (seconds/batch)": 2.1240850376123763,
    "num_batches": 10,
    "batch_size": 512,
    "device": "cpu",
    "throughput_bps": 39569941.18016957,
    "sample_persec": 241.044963329493,
    "result_path": "result/total/run 2",
    "data_path": "41.pt"
}