{"total_cpu_time (seconds)": 24.38203494200004, "total_cpu_memory (MB)": 71461.283356, "execution_time (seconds/batch)": 2.441541539273229, "num_batches": 10, "batch_size": 512, "device": "cpu", "throughput_bps": 34424939.59165612, "sample_persec": 209.7035793838701, "result_path": "result/total/2", "data_path": "data/41.pt"}