{
    "total_cpu_time (seconds)": 22.454864735999976,
    "total_cpu_memory (MB)": 71461.283356,
    "execution_time (seconds/batch)": 2.2485606776514744,
    "num_batches": 10,
    "batch_size": 512,
    "device": "cpu",
    "throughput_bps": 37379431.5783315,
    "sample_persec": 227.70121575494338,
    "result_path": "result/total/run 2",
    "data_path": "69.pt"
}