{
    "total_cpu_time (seconds)": 20.899968537999946,
    "total_cpu_memory (MB)": 71461.283356,
    "execution_time (seconds/batch)": 2.09285818334754,
    "num_batches": 10,
    "batch_size": 512,
    "device": "cpu",
    "throughput_bps": 40160351.364831425,
    "sample_persec": 244.64151659863197,
    "result_path": "result/total/run 2",
    "data_path": "44.pt"
}