{
    "total_cpu_time (seconds)": 20.798324116000085,
    "total_cpu_memory (MB)": 71461.283364,
    "execution_time (seconds/batch)": 2.0826798254238303,
    "num_batches": 10,
    "batch_size": 512,
    "device": "cpu",
    "throughput_bps": 40356620.8180346,
    "sample_persec": 245.83711511960644,
    "result_path": "result/total/run 2",
    "data_path": "44.pt"
}