{
    "total_cpu_time (seconds)": 21.665342725000134,
    "total_cpu_memory (MB)": 71461.283324,
    "execution_time (seconds/batch)": 2.1695003863094207,
    "num_batches": 10,
    "batch_size": 512,
    "device": "cpu",
    "throughput_bps": 38741601.7671142,
    "sample_persec": 235.99903610571516,
    "result_path": "result/total/run 2",
    "data_path": "105.pt"
}