{
    "total_cpu_time (seconds)": 27.191001434999915,
    "total_cpu_memory (MB)": 71461.283356,
    "execution_time (seconds/batch)": 2.7228227527322426,
    "num_batches": 10,
    "batch_size": 512,
    "device": "cpu",
    "throughput_bps": 30868671.093503717,
    "sample_persec": 188.0401504233901,
    "result_path": "result/total/run 2",
    "data_path": "45.pt"
}