{
    "total_cpu_time (seconds)": 20.02211363299989,
    "total_cpu_memory (MB)": 71461.283364,
    "execution_time (seconds/batch)": 2.0049525093088096,
    "num_batches": 10,
    "batch_size": 512,
    "device": "cpu",
    "throughput_bps": 41921152.55087788,
    "sample_persec": 255.3676446812736,
    "result_path": "result/total/run 2",
    "data_path": "71.pt"
}