{"total_cpu_time (seconds)": 24.22869797700017, "total_cpu_memory (MB)": 71461.283356, "execution_time (seconds/batch)": 2.426186850034048, "num_batches": 10, "batch_size": 512, "device": "cpu", "throughput_bps": 34642805.84936007, "sample_persec": 211.03073738645267, "result_path": "result/total/2", "data_path": "data/45.pt"}