{"total_cpu_time (seconds)": 24.60847208799989, "total_cpu_memory (MB)": 71461.283356, "execution_time (seconds/batch)": 2.464216254460384, "num_batches": 10, "batch_size": 512, "device": "cpu", "throughput_bps": 34108175.30639385, "sample_persec": 207.77397238300344, "result_path": "result/total/2", "data_path": "data/46.pt"}