{
    "total_cpu_time (seconds)": 20.526403712999848,
    "total_cpu_memory (MB)": 71461.283356,
    "execution_time (seconds/batch)": 2.055450557609216,
    "num_batches": 10,
    "batch_size": 512,
    "device": "cpu",
    "throughput_bps": 40891238.998111494,
    "sample_persec": 249.09380481305737,
    "result_path": "result/total/run 2",
    "data_path": "46.pt"
}