{
    "total_cpu_time (seconds)": 21.37956087200006,
    "total_cpu_memory (MB)": 71461.283356,
    "execution_time (seconds/batch)": 2.1408830757801742,
    "num_batches": 10,
    "batch_size": 512,
    "device": "cpu",
    "throughput_bps": 39259463.04628093,
    "sample_persec": 239.15364916106805,
    "result_path": "result/total/run 2",
    "data_path": "74.pt"
}