{
    "total_cpu_time (seconds)": 24.835783392000135,
    "total_cpu_memory (MB)": 71461.283324,
    "execution_time (seconds/batch)": 2.486978505124989,
    "num_batches": 10,
    "batch_size": 512,
    "device": "cpu",
    "throughput_bps": 33795997.76467544,
    "sample_persec": 205.87230607136598,
    "result_path": "result/total/run 2",
    "data_path": "49.pt"
}