{"total_cpu_time (seconds)": 25.24618720699999, "total_cpu_memory (MB)": 71461.283356, "execution_time (seconds/batch)": 2.5280750733393305, "num_batches": 10, "batch_size": 512, "device": "cpu", "throughput_bps": 33246607.621101458, "sample_persec": 202.52563122015994, "result_path": "result/total/2", "data_path": "data/5.pt"}