{
    "total_cpu_time (seconds)": 22.017379161,
    "total_cpu_memory (MB)": 71461.283356,
    "execution_time (seconds/batch)": 2.2047522257836887,
    "num_batches": 10,
    "batch_size": 512,
    "device": "cpu",
    "throughput_bps": 38122161.31004204,
    "sample_persec": 232.22564150854066,
    "result_path": "result/total/run 2",
    "data_path": "76.pt"
}