{
    "total_cpu_time (seconds)": 21.723090483,
    "total_cpu_memory (MB)": 71461.283364,
    "execution_time (seconds/batch)": 2.175283068119695,
    "num_batches": 10,
    "batch_size": 512,
    "device": "cpu",
    "throughput_bps": 38638612.70830025,
    "sample_persec": 235.37166610806682,
    "result_path": "result/total/run 2",
    "data_path": "51.pt"
}