{
    "total_cpu_time (seconds)": 22.421232617999962,
    "total_cpu_memory (MB)": 71461.283356,
    "execution_time (seconds/batch)": 2.2451928614152123,
    "num_batches": 10,
    "batch_size": 512,
    "device": "cpu",
    "throughput_bps": 37435501.17428256,
    "sample_persec": 228.04277031117545,
    "result_path": "result/total/run 2",
    "data_path": "78.pt"
}