{
    "total_cpu_time (seconds)": 21.63954575599987,
    "total_cpu_memory (MB)": 71461.283356,
    "execution_time (seconds/batch)": 2.1669171576514636,
    "num_batches": 10,
    "batch_size": 512,
    "device": "cpu",
    "throughput_bps": 38787786.46577082,
    "sample_persec": 236.2803756443154,
    "result_path": "result/total/run 2",
    "data_path": "52.pt"
}