{"total_cpu_time (seconds)": 23.917141369999833, "total_cpu_memory (MB)": 71461.283364, "execution_time (seconds/batch)": 2.3949885353882094, "num_batches": 10, "batch_size": 512, "device": "cpu", "throughput_bps": 35094080.30897991, "sample_persec": 213.77972897770417, "result_path": "result/total/2", "data_path": "data/52.pt"}