{
    "total_cpu_time (seconds)": 20.770322676999935,
    "total_cpu_memory (MB)": 71461.283364,
    "execution_time (seconds/batch)": 2.0798758479608774,
    "num_batches": 10,
    "batch_size": 512,
    "device": "cpu",
    "throughput_bps": 40411027.457433596,
    "sample_persec": 246.168539579883,
    "result_path": "result/total/run 2",
    "data_path": "79.pt"
}