{
    "total_cpu_time (seconds)": 21.029673312999904,
    "total_cpu_memory (MB)": 71461.283356,
    "execution_time (seconds/batch)": 2.105846418199873,
    "num_batches": 10,
    "batch_size": 512,
    "device": "cpu",
    "throughput_bps": 39912654.253223196,
    "sample_persec": 243.13264043142786,
    "result_path": "result/total/run 2",
    "data_path": "80.pt"
}