{
    "total_cpu_time (seconds)": 20.255179264999985,
    "total_cpu_memory (MB)": 71461.283356,
    "execution_time (seconds/batch)": 2.0282909805750036,
    "num_batches": 10,
    "batch_size": 512,
    "device": "cpu",
    "throughput_bps": 41438788.02644607,
    "sample_persec": 252.42926429365295,
    "result_path": "result/total/run 2",
    "data_path": "81.pt"
}