{
    "total_cpu_time (seconds)": 23.411716812999938,
    "total_cpu_memory (MB)": 71461.283356,
    "execution_time (seconds/batch)": 2.3443768840711847,
    "num_batches": 10,
    "batch_size": 512,
    "device": "cpu",
    "throughput_bps": 35851709.92389289,
    "sample_persec": 218.39491912702786,
    "result_path": "result/total/run 2",
    "data_path": "83.pt"
}