{
    "total_cpu_time (seconds)": 20.52076224200003,
    "total_cpu_memory (MB)": 71461.28334,
    "execution_time (seconds/batch)": 2.0548856381584226,
    "num_batches": 10,
    "batch_size": 512,
    "device": "cpu",
    "throughput_bps": 40902480.624335416,
    "sample_persec": 249.1622845049672,
    "result_path": "result/total/run 2",
    "data_path": "56.pt"
}