{"total_cpu_time (seconds)": 25.325026056000162, "total_cpu_memory (MB)": 71461.283356, "execution_time (seconds/batch)": 2.53596975174498, "num_batches": 10, "batch_size": 512, "device": "cpu", "throughput_bps": 33143108.24968079, "sample_persec": 201.89515259308476, "result_path": "result/total/2", "data_path": "data/56.pt"}