{
    "total_cpu_time (seconds)": 20.631372959000057,
    "total_cpu_memory (MB)": 71461.283356,
    "execution_time (seconds/batch)": 2.0659618531210695,
    "num_batches": 10,
    "batch_size": 512,
    "device": "cpu",
    "throughput_bps": 40683190.676064484,
    "sample_persec": 247.82645392339475,
    "result_path": "result/total/run 2",
    "data_path": "84.pt"
}