{
    "total_cpu_time (seconds)": 20.59319470900005,
    "total_cpu_memory (MB)": 71461.283372,
    "execution_time (seconds/batch)": 2.062138801292397,
    "num_batches": 10,
    "batch_size": 512,
    "device": "cpu",
    "throughput_bps": 40758614.28305587,
    "sample_persec": 248.28590572036958,
    "result_path": "result/total/run 2",
    "data_path": "86.pt"
}