{
    "total_cpu_time (seconds)": 20.82363615699999,
    "total_cpu_memory (MB)": 71461.283356,
    "execution_time (seconds/batch)": 2.0852144948922344,
    "num_batches": 10,
    "batch_size": 512,
    "device": "cpu",
    "throughput_bps": 40307565.57940759,
    "sample_persec": 245.5382893482431,
    "result_path": "result/total/run 2",
    "data_path": "87.pt"
}