{
    "total_cpu_time (seconds)": 21.55867753800011,
    "total_cpu_memory (MB)": 71461.283356,
    "execution_time (seconds/batch)": 2.158819264513213,
    "num_batches": 10,
    "batch_size": 512,
    "device": "cpu",
    "throughput_bps": 38933282.36486357,
    "sample_persec": 237.16668107251198,
    "result_path": "result/total/run 2",
    "data_path": "6.pt"
}