{
    "total_cpu_time (seconds)": 20.792576477999894,
    "total_cpu_memory (MB)": 71461.283324,
    "execution_time (seconds/batch)": 2.082104274738108,
    "num_batches": 10,
    "batch_size": 512,
    "device": "cpu",
    "throughput_bps": 40367776.49408169,
    "sample_persec": 245.90507123587776,
    "result_path": "result/total/run 2",
    "data_path": "88.pt"
}