{
    "total_cpu_time (seconds)": 20.86672105399998,
    "total_cpu_memory (MB)": 71461.28334,
    "execution_time (seconds/batch)": 2.089528883169957,
    "num_batches": 10,
    "batch_size": 512,
    "device": "cpu",
    "throughput_bps": 40224339.88684118,
    "sample_persec": 245.031310226859,
    "result_path": "result/total/run 2",
    "data_path": "60.pt"
}