{
    "total_cpu_time (seconds)": 21.358838628000164,
    "total_cpu_memory (MB)": 71461.283364,
    "execution_time (seconds/batch)": 2.1388080143821795,
    "num_batches": 10,
    "batch_size": 512,
    "device": "cpu",
    "throughput_bps": 39297552.39124575,
    "sample_persec": 239.38567489793954,
    "result_path": "result/total/run 2",
    "data_path": "89.pt"
}