{
    "total_cpu_time (seconds)": 20.49645465900004,
    "total_cpu_memory (MB)": 71461.283356,
    "execution_time (seconds/batch)": 2.0524515520062625,
    "num_batches": 10,
    "batch_size": 512,
    "device": "cpu",
    "throughput_bps": 40950988.547252946,
    "sample_persec": 249.4577762381393,
    "result_path": "result/total/run 2",
    "data_path": "61.pt"
}