{
    "total_cpu_time (seconds)": 20.180979803000014,
    "total_cpu_memory (MB)": 71461.283364,
    "execution_time (seconds/batch)": 2.020860876028947,
    "num_batches": 10,
    "batch_size": 512,
    "device": "cpu",
    "throughput_bps": 41591146.128357254,
    "sample_persec": 253.35737163960317,
    "result_path": "result/total/run 2",
    "data_path": "62.pt"
}