{
    "total_cpu_time (seconds)": 19.68412053300014,
    "total_cpu_memory (MB)": 71461.283364,
    "execution_time (seconds/batch)": 1.9711069260504737,
    "num_batches": 10,
    "batch_size": 512,
    "device": "cpu",
    "throughput_bps": 42640974.41350462,
    "sample_persec": 259.7525244487368,
    "result_path": "result/total/run 2",
    "data_path": "90.pt"
}