{
    "total_cpu_time (seconds)": 24.31836049400017,
    "total_cpu_memory (MB)": 71461.283356,
    "execution_time (seconds/batch)": 2.4351653770639716,
    "num_batches": 10,
    "batch_size": 512,
    "device": "cpu",
    "throughput_bps": 34515076.79586724,
    "sample_persec": 210.2526607935383,
    "result_path": "result/total/run 2",
    "data_path": "107.pt"
}