{
    "total_cpu_time (seconds)": 24.136391064000033,
    "total_cpu_memory (MB)": 71461.283356,
    "execution_time (seconds/batch)": 2.4169435213706274,
    "num_batches": 10,
    "batch_size": 512,
    "device": "cpu",
    "throughput_bps": 34775293.3640485,
    "sample_persec": 211.83780070692316,
    "result_path": "result/total/run 2",
    "data_path": "10.pt"
}