{
    "total_cpu_time (seconds)": 20.331029860000122,
    "total_cpu_memory (MB)": 71461.281316,
    "execution_time (seconds/batch)": 2.0358864244709687,
    "num_batches": 10,
    "batch_size": 512,
    "device": "cpu",
    "throughput_bps": 41284189.03418968,
    "sample_persec": 251.48750629988842,
    "result_path": "result/total/run 2",
    "data_path": "91.pt"
}