{
    "total_cpu_time (seconds)": 19.791865018999925,
    "total_cpu_memory (MB)": 71461.283356,
    "execution_time (seconds/batch)": 1.981896125509087,
    "num_batches": 10,
    "batch_size": 512,
    "device": "cpu",
    "throughput_bps": 42408842.17804816,
    "sample_persec": 258.3384635602349,
    "result_path": "result/total/run 2",
    "data_path": "63.pt"
}