{
    "total_cpu_time (seconds)": 20.215547429999933,
    "total_cpu_memory (MB)": 71461.28326,
    "execution_time (seconds/batch)": 2.024322371241926,
    "num_batches": 10,
    "batch_size": 512,
    "device": "cpu",
    "throughput_bps": 41520027.24172594,
    "sample_persec": 252.9241425543734,
    "result_path": "result/total/run 2",
    "data_path": "92.pt"
}