{
    "total_cpu_time (seconds)": 23.84593337200007,
    "total_cpu_memory (MB)": 71461.283324,
    "execution_time (seconds/batch)": 2.387857986791323,
    "num_batches": 10,
    "batch_size": 512,
    "device": "cpu",
    "throughput_bps": 35198877.17985349,
    "sample_persec": 214.4181114757157,
    "result_path": "result/total/run 2",
    "data_path": "93.pt"
}