{
    "total_cpu_time (seconds)": 20.760272205000316,
    "total_cpu_memory (MB)": 71461.283364,
    "execution_time (seconds/batch)": 2.078869424791739,
    "num_batches": 10,
    "batch_size": 512,
    "device": "cpu",
    "throughput_bps": 40430591.261603706,
    "sample_persec": 246.2877148002175,
    "result_path": "result/total/run 2",
    "data_path": "66.pt"
}