{
    "total_cpu_time (seconds)": 20.49544223599991,
    "total_cpu_memory (MB)": 71461.283364,
    "execution_time (seconds/batch)": 2.0523501710995413,
    "num_batches": 10,
    "batch_size": 512,
    "device": "cpu",
    "throughput_bps": 40953011.42249545,
    "sample_persec": 249.47009882124422,
    "result_path": "result/total/run 2",
    "data_path": "95.pt"
}