{
    "total_cpu_time (seconds)": 20.970789034999783,
    "total_cpu_memory (MB)": 71461.24854,
    "execution_time (seconds/batch)": 2.0999499287932504,
    "num_batches": 10,
    "batch_size": 512,
    "device": "cpu",
    "throughput_bps": 40024725.75538971,
    "sample_persec": 243.8153372038847,
    "result_path": "result/total/run 2",
    "data_path": "68.pt"
}