{
    "total_cpu_time (seconds)": 21.43570870899996,
    "total_cpu_memory (MB)": 71461.283356,
    "execution_time (seconds/batch)": 2.1465055464517855,
    "num_batches": 10,
    "batch_size": 512,
    "device": "cpu",
    "throughput_bps": 39156628.38092178,
    "sample_persec": 238.5272196693578,
    "result_path": "result/total/run 2",
    "data_path": "97.pt"
}