{"total_cpu_time (seconds)": 26.520892409, "total_cpu_memory (MB)": 71461.283364, "execution_time (seconds/batch)": 2.655720108235478, "num_batches": 10, "batch_size": 512, "device": "cpu", "throughput_bps": 31648636.36772503, "sample_persec": 192.79140087551795, "result_path": "result/total/2", "data_path": "data/7.pt"}