{
    "total_cpu_time (seconds)": 20.26824451200004,
    "total_cpu_memory (MB)": 71461.283364,
    "execution_time (seconds/batch)": 2.029599293984749,
    "num_batches": 10,
    "batch_size": 512,
    "device": "cpu",
    "throughput_bps": 41412075.895524815,
    "sample_persec": 252.26654419788508,
    "result_path": "result/total/run 2",
    "data_path": "70.pt"
}