{
    "total_cpu_time (seconds)": 20.208277522000085,
    "total_cpu_memory (MB)": 71461.283356,
    "execution_time (seconds/batch)": 2.0235943851484537,
    "num_batches": 10,
    "batch_size": 512,
    "device": "cpu",
    "throughput_bps": 41534964.030765474,
    "sample_persec": 253.0151317663589,
    "result_path": "result/total/run 2",
    "data_path": "100.pt"
}