{
    "total_cpu_time (seconds)": 26.898129781999955,
    "total_cpu_memory (MB)": 71461.283356,
    "execution_time (seconds/batch)": 2.693495491567373,
    "num_batches": 10,
    "batch_size": 512,
    "device": "cpu",
    "throughput_bps": 31204774.711202685,
    "sample_persec": 190.08756524855437,
    "result_path": "result/total/run 2",
    "data_path": "71.pt"
}