{"total_cpu_time (seconds)": 24.66755774699998, "total_cpu_memory (MB)": 71461.283356, "execution_time (seconds/batch)": 2.4701329095372557, "num_batches": 10, "batch_size": 512, "device": "cpu", "throughput_bps": 34026476.74361197, "sample_persec": 207.27629595280195, "result_path": "result/total/2", "data_path": "data/71.pt"}