{"total_cpu_time (seconds)": 31.42396241999926, "total_cpu_memory (MB)": 71483.251548, "execution_time (seconds/batch)": 0.39333729608448126, "num_batches": 80, "batch_size": 64, "device": "cpu", "throughput_bps": 26710510.55820413, "sample_persec": 162.71022513525907, "result_path": "result/1GB/Batches/64/run 2", "data_path": "data/10.pt"}