{"total_cpu_time (seconds)": 30.413539749999654, "total_cpu_memory (MB)": 71483.25162, "execution_time (seconds/batch)": 0.38068972110306626, "num_batches": 80, "batch_size": 64, "device": "cpu", "throughput_bps": 27597908.26386822, "sample_persec": 168.11591291342725, "result_path": "result/1GB/Batches/64/run 2", "data_path": "data/103.pt"}