{"total_cpu_time (seconds)": 30.9609772120008, "total_cpu_memory (MB)": 71483.25162, "execution_time (seconds/batch)": 0.3875420578071682, "num_batches": 80, "batch_size": 64, "device": "cpu", "throughput_bps": 27109935.007951207, "sample_persec": 165.1433662765059, "result_path": "result/1GB/Batches/64/run 2", "data_path": "data/105.pt"}