{"total_cpu_time (seconds)": 26.26510330300022, "total_cpu_memory (MB)": 71483.242852, "execution_time (seconds/batch)": 0.3287632723238831, "num_batches": 80, "batch_size": 64, "device": "cpu", "throughput_bps": 31956854.321761698, "sample_persec": 194.6689468918232, "result_path": "result/1GB/Batches/64/run 2", "data_path": "data/106.pt"}