{
    "total_cpu_time (seconds)": 24.9973393649993,
    "total_cpu_memory (MB)": 71483.247364,
    "execution_time (seconds/batch)": 0.31289452754937513,
    "num_batches": 80,
    "batch_size": 64,
    "device": "cpu",
    "throughput_bps": 33577576.707033016,
    "sample_persec": 204.54176843952862,
    "result_path": "result/Batches/64/run 1",
    "data_path": "109.pt"
}