{
    "total_cpu_time (seconds)": 24.88219193399924,
    "total_cpu_memory (MB)": 71483.251596,
    "execution_time (seconds/batch)": 0.31145321411616494,
    "num_batches": 80,
    "batch_size": 64,
    "device": "cpu",
    "throughput_bps": 33732963.809072815,
    "sample_persec": 205.48832729698356,
    "result_path": "result/Batches/64/run 1",
    "data_path": "11.pt"
}