{
    "total_cpu_time (seconds)": 25.93459856100073,
    "total_cpu_memory (MB)": 71483.251388,
    "execution_time (seconds/batch)": 0.32462630704166767,
    "num_batches": 80,
    "batch_size": 64,
    "device": "cpu",
    "throughput_bps": 32364105.348527603,
    "sample_persec": 197.14976454999757,
    "result_path": "result/Batches/64/run 1",
    "data_path": "100.pt"
}