{
    "total_cpu_time (seconds)": 26.08090924599951,
    "total_cpu_memory (MB)": 71483.251556,
    "execution_time (seconds/batch)": 0.32645769445413036,
    "num_batches": 80,
    "batch_size": 64,
    "device": "cpu",
    "throughput_bps": 32182546.708134647,
    "sample_persec": 196.04377868015743,
    "result_path": "result/Batches/64/run 1",
    "data_path": "117.pt"
}