{
    "total_cpu_time (seconds)": 48.50298174099991,
    "total_cpu_memory (MB)": 71483.251684,
    "execution_time (seconds/batch)": 0.6071173149665546,
    "num_batches": 80,
    "batch_size": 64,
    "device": "cpu",
    "throughput_bps": 17305123.31142915,
    "sample_persec": 105.41619950919318,
    "result_path": "result/Batches/64/run 1",
    "data_path": "120.pt"
}