{
    "total_cpu_time (seconds)": 23.703319391999685,
    "total_cpu_memory (MB)": 71483.24722,
    "execution_time (seconds/batch)": 0.2966971330115353,
    "num_batches": 80,
    "batch_size": 64,
    "device": "cpu",
    "throughput_bps": 35410655.61827161,
    "sample_persec": 215.7081848091594,
    "result_path": "result/Batches/64/run 1",
    "data_path": "122.pt"
}