{
    "total_cpu_time (seconds)": 25.65105780300032,
    "total_cpu_memory (MB)": 71483.247124,
    "execution_time (seconds/batch)": 0.3210771952654059,
    "num_batches": 80,
    "batch_size": 64,
    "device": "cpu",
    "throughput_bps": 32721850.554709833,
    "sample_persec": 199.32901166368075,
    "result_path": "result/Batches/64/run 1",
    "data_path": "125.pt"
}