{
    "total_cpu_time (seconds)": 37.18177138499979,
    "total_cpu_memory (MB)": 71483.247308,
    "execution_time (seconds/batch)": 0.4654084429180494,
    "num_batches": 80,
    "batch_size": 64,
    "device": "cpu",
    "throughput_bps": 22574235.942363366,
    "sample_persec": 137.51362050659944,
    "result_path": "result/Batches/64/run 1",
    "data_path": "126.pt"
}