{
    "total_cpu_time (seconds)": 23.41916955299964,
    "total_cpu_memory (MB)": 71483.251636,
    "execution_time (seconds/batch)": 0.2931403972994283,
    "num_batches": 80,
    "batch_size": 64,
    "device": "cpu",
    "throughput_bps": 35840300.74595416,
    "sample_persec": 218.32541877408724,
    "result_path": "result/Batches/64/run 1",
    "data_path": "128.pt"
}