{
    "total_cpu_time (seconds)": 24.057606838000126,
    "total_cpu_memory (MB)": 71483.251668,
    "execution_time (seconds/batch)": 0.301131789092902,
    "num_batches": 80,
    "batch_size": 64,
    "device": "cpu",
    "throughput_bps": 34889176.03700327,
    "sample_persec": 212.53153043983474,
    "result_path": "result/Batches/64/run 1",
    "data_path": "13.pt"
}