{
    "total_cpu_time (seconds)": 25.514385715999747,
    "total_cpu_memory (MB)": 71483.251332,
    "execution_time (seconds/batch)": 0.3193664552755689,
    "num_batches": 80,
    "batch_size": 64,
    "device": "cpu",
    "throughput_bps": 32897130.636135764,
    "sample_persec": 200.39675095111943,
    "result_path": "result/Batches/64/run 1",
    "data_path": "19.pt"
}