{
    "total_cpu_time (seconds)": 40.57979221300089,
    "total_cpu_memory (MB)": 71483.247228,
    "execution_time (seconds/batch)": 0.5079418544165963,
    "num_batches": 80,
    "batch_size": 64,
    "device": "cpu",
    "throughput_bps": 20683942.28325029,
    "sample_persec": 125.99867375274299,
    "result_path": "result/Batches/64/run 1",
    "data_path": "20.pt"
}