{
    "total_cpu_time (seconds)": 28.417570398000194,
    "total_cpu_memory (MB)": 71483.251588,
    "execution_time (seconds/batch)": 0.35570594669900496,
    "num_batches": 80,
    "batch_size": 64,
    "device": "cpu",
    "throughput_bps": 29536306.877911944,
    "sample_persec": 179.9238966734402,
    "result_path": "result/Batches/64/run 1",
    "data_path": "24.pt"
}