{
    "total_cpu_time (seconds)": 25.020153594000003,
    "total_cpu_memory (MB)": 71483.251612,
    "execution_time (seconds/batch)": 0.3131800958372776,
    "num_batches": 80,
    "batch_size": 64,
    "device": "cpu",
    "throughput_bps": 33546959.5279096,
    "sample_persec": 204.35526028210037,
    "result_path": "result/Batches/64/run 1",
    "data_path": "25.pt"
}