{
    "total_cpu_time (seconds)": 24.58889627799952,
    "total_cpu_memory (MB)": 71483.24726,
    "execution_time (seconds/batch)": 0.3077819991769938,
    "num_batches": 80,
    "batch_size": 64,
    "device": "cpu",
    "throughput_bps": 34135329.64271331,
    "sample_persec": 207.93938622510544,
    "result_path": "result/Batches/64/run 1",
    "data_path": "28.pt"
}