{
    "total_cpu_time (seconds)": 23.906133388999955,
    "total_cpu_memory (MB)": 71483.2473,
    "execution_time (seconds/batch)": 0.2992357787787986,
    "num_batches": 80,
    "batch_size": 64,
    "device": "cpu",
    "throughput_bps": 35110239.96821729,
    "sample_persec": 213.8781674477174,
    "result_path": "result/Batches/64/run 1",
    "data_path": "3.pt"
}