{
    "total_cpu_time (seconds)": 25.087389370999862,
    "total_cpu_memory (MB)": 71483.251644,
    "execution_time (seconds/batch)": 0.3140216936718152,
    "num_batches": 80,
    "batch_size": 64,
    "device": "cpu",
    "throughput_bps": 33457051.57230346,
    "sample_persec": 203.80757536734563,
    "result_path": "result/Batches/64/run 1",
    "data_path": "30.pt"
}