{
    "total_cpu_time (seconds)": 25.224293320001184,
    "total_cpu_memory (MB)": 71483.251668,
    "execution_time (seconds/batch)": 0.3157353359045718,
    "num_batches": 80,
    "batch_size": 64,
    "device": "cpu",
    "throughput_bps": 33275464.622608528,
    "sample_persec": 202.70141704805388,
    "result_path": "result/Batches/64/run 1",
    "data_path": "31.pt"
}