{
    "total_cpu_time (seconds)": 23.249421375999397,
    "total_cpu_memory (MB)": 71483.251428,
    "execution_time (seconds/batch)": 0.2910156401455039,
    "num_batches": 80,
    "batch_size": 64,
    "device": "cpu",
    "throughput_bps": 36101977.18152544,
    "sample_persec": 219.919451641846,
    "result_path": "result/Batches/64/run 1",
    "data_path": "34.pt"
}