{
    "total_cpu_time (seconds)": 29.161684833999765,
    "total_cpu_memory (MB)": 71483.251684,
    "execution_time (seconds/batch)": 0.365020111358495,
    "num_batches": 80,
    "batch_size": 64,
    "device": "cpu",
    "throughput_bps": 28782633.266147822,
    "sample_persec": 175.33280498384394,
    "result_path": "result/Batches/64/run 1",
    "data_path": "38.pt"
}