{
    "total_cpu_time (seconds)": 22.254441521999894,
    "total_cpu_memory (MB)": 71483.247252,
    "execution_time (seconds/batch)": 0.2785613646407184,
    "num_batches": 80,
    "batch_size": 64,
    "device": "cpu",
    "throughput_bps": 37716070.25816624,
    "sample_persec": 229.75188997420955,
    "result_path": "result/Batches/64/run 1",
    "data_path": "40.pt"
}