{
    "total_cpu_time (seconds)": 33.86616427800067,
    "total_cpu_memory (MB)": 71483.247156,
    "execution_time (seconds/batch)": 0.42390661329787654,
    "num_batches": 80,
    "batch_size": 64,
    "device": "cpu",
    "throughput_bps": 24784326.7135286,
    "sample_persec": 150.97664908338572,
    "result_path": "result/Batches/64/run 1",
    "data_path": "49.pt"
}