{
    "total_cpu_time (seconds)": 44.06490944700062,
    "total_cpu_memory (MB)": 71483.251548,
    "execution_time (seconds/batch)": 0.5515654614918912,
    "num_batches": 80,
    "batch_size": 64,
    "device": "cpu",
    "throughput_bps": 19048038.235719834,
    "sample_persec": 116.0333713189561,
    "result_path": "result/Batches/64/run 1",
    "data_path": "5.pt"
}