{
    "total_cpu_time (seconds)": 24.876160703999478,
    "total_cpu_memory (MB)": 71483.251428,
    "execution_time (seconds/batch)": 0.31137772052727686,
    "num_batches": 80,
    "batch_size": 64,
    "device": "cpu",
    "throughput_bps": 33741142.37270758,
    "sample_persec": 205.53814798189316,
    "result_path": "result/Batches/64/run 1",
    "data_path": "50.pt"
}