{
    "total_cpu_time (seconds)": 26.977364171999625,
    "total_cpu_memory (MB)": 71483.242836,
    "execution_time (seconds/batch)": 0.3376787222781099,
    "num_batches": 80,
    "batch_size": 64,
    "device": "cpu",
    "throughput_bps": 31113124.12319285,
    "sample_persec": 189.52926488299738,
    "result_path": "result/Batches/64/run 1",
    "data_path": "52.pt"
}