{
    "total_cpu_time (seconds)": 23.71271763500008,
    "total_cpu_memory (MB)": 71461.283356,
    "execution_time (seconds/batch)": 2.374518175067483,
    "num_batches": 10,
    "batch_size": 512,
    "device": "cpu",
    "throughput_bps": 35396621.04191362,
    "sample_persec": 215.6226915321249,
    "result_path": "result/1GB/run 3",
    "data_path": "1.pt"
}