{
    "total_cpu_time (seconds)": 21.390809469999965,
    "total_cpu_memory (MB)": 71461.283364,
    "execution_time (seconds/batch)": 2.142009475579891,
    "num_batches": 10,
    "batch_size": 512,
    "device": "cpu",
    "throughput_bps": 39238818.01561394,
    "sample_persec": 239.02788752201477,
    "result_path": "result/1GB/run 3",
    "data_path": "5.pt"
}