{
    "total_cpu_time (seconds)": 22.98733860700015,
    "total_cpu_memory (MB)": 71466.748204,
    "execution_time (seconds/batch)": 0.5754702408949773,
    "num_batches": 40,
    "batch_size": 128,
    "device": "cpu",
    "throughput_bps": 36513582.29631678,
    "sample_persec": 222.42679274072114,
    "result_path": "result/2GB/Batches/128/run 3",
    "data_path": "1.pt"
}