{
    "total_cpu_time (seconds)": 30.290109043999788,
    "total_cpu_memory (MB)": 71466.75698,
    "execution_time (seconds/batch)": 0.7582894499573583,
    "num_batches": 40,
    "batch_size": 128,
    "device": "cpu",
    "throughput_bps": 27710368.383974772,
    "sample_persec": 168.800976997897,
    "result_path": "result/2GB/Batches/128/run 3",
    "data_path": "10.pt"
}