{
    "total_cpu_time (seconds)": 33.3226202280001,
    "total_cpu_memory (MB)": 71466.72194,
    "execution_time (seconds/batch)": 0.8342060217453574,
    "num_batches": 40,
    "batch_size": 128,
    "device": "cpu",
    "throughput_bps": 25188597.843056675,
    "sample_persec": 153.43931434610548,
    "result_path": "result/2GB/Batches/128/run 3",
    "data_path": "108.pt"
}