{
    "total_cpu_time (seconds)": 23.108122154999897,
    "total_cpu_memory (MB)": 71466.75698,
    "execution_time (seconds/batch)": 0.5784939635908443,
    "num_batches": 40,
    "batch_size": 128,
    "device": "cpu",
    "throughput_bps": 36322729.92024106,
    "sample_persec": 221.26419298392457,
    "result_path": "result/2GB/Batches/128/run 3",
    "data_path": "109.pt"
}