{
    "total_cpu_time (seconds)": 22.70660026000037,
    "total_cpu_memory (MB)": 71466.75698,
    "execution_time (seconds/batch)": 0.568442173534138,
    "num_batches": 40,
    "batch_size": 128,
    "device": "cpu",
    "throughput_bps": 36965026.48521044,
    "sample_persec": 225.17681825786087,
    "result_path": "result/2GB/Batches/128/run 3",
    "data_path": "11.pt"
}