{
    "total_cpu_time (seconds)": 23.27741867199993,
    "total_cpu_memory (MB)": 71466.75694,
    "execution_time (seconds/batch)": 0.5827321709399552,
    "num_batches": 40,
    "batch_size": 128,
    "device": "cpu",
    "throughput_bps": 36058554.9380371,
    "sample_persec": 219.65493992468993,
    "result_path": "result/2GB/Batches/128/run 3",
    "data_path": "110.pt"
}