{
    "total_cpu_time (seconds)": 29.887029694999775,
    "total_cpu_memory (MB)": 71466.295988,
    "execution_time (seconds/batch)": 0.7481986702444693,
    "num_batches": 40,
    "batch_size": 128,
    "device": "cpu",
    "throughput_bps": 28084091.613173146,
    "sample_persec": 171.07755612313076,
    "result_path": "result/2GB/Batches/128/run 3",
    "data_path": "112.pt"
}