{
    "total_cpu_time (seconds)": 27.031534408000173,
    "total_cpu_memory (MB)": 71466.756964,
    "execution_time (seconds/batch)": 0.6767135545128148,
    "num_batches": 40,
    "batch_size": 128,
    "device": "cpu",
    "throughput_bps": 31050774.526198868,
    "sample_persec": 189.14945495978844,
    "result_path": "result/2GB/Batches/128/run 3",
    "data_path": "113.pt"
}