{
    "total_cpu_time (seconds)": 22.78665604999985,
    "total_cpu_memory (MB)": 71466.756972,
    "execution_time (seconds/batch)": 0.5704463083121417,
    "num_batches": 40,
    "batch_size": 128,
    "device": "cpu",
    "throughput_bps": 36835158.180219494,
    "sample_persec": 224.3857101621558,
    "result_path": "result/2GB/Batches/128/run 3",
    "data_path": "114.pt"
}