{
    "total_cpu_time (seconds)": 20.217039141999823,
    "total_cpu_memory (MB)": 71466.748212,
    "execution_time (seconds/batch)": 0.5061179366665318,
    "num_batches": 40,
    "batch_size": 128,
    "device": "cpu",
    "throughput_bps": 41516963.69110227,
    "sample_persec": 252.90548057445338,
    "result_path": "result/2GB/Batches/128/run 3",
    "data_path": "115.pt"
}