{
    "total_cpu_time (seconds)": 20.103303383000053,
    "total_cpu_memory (MB)": 71466.70666,
    "execution_time (seconds/batch)": 0.5032706499166844,
    "num_batches": 40,
    "batch_size": 128,
    "device": "cpu",
    "throughput_bps": 41751848.63945192,
    "sample_persec": 254.33630993818178,
    "result_path": "result/2GB/Batches/128/run 3",
    "data_path": "116.pt"
}