{
    "total_cpu_time (seconds)": 26.07420397699972,
    "total_cpu_memory (MB)": 71466.756948,
    "execution_time (seconds/batch)": 0.6527475276855005,
    "num_batches": 40,
    "batch_size": 128,
    "device": "cpu",
    "throughput_bps": 32190822.80480731,
    "sample_persec": 196.09419349906986,
    "result_path": "result/2GB/Batches/128/run 3",
    "data_path": "100.pt"
}