{
    "total_cpu_time (seconds)": 37.518988542000145,
    "total_cpu_memory (MB)": 71466.756972,
    "execution_time (seconds/batch)": 0.9392588565178992,
    "num_batches": 40,
    "batch_size": 128,
    "device": "cpu",
    "throughput_bps": 22371340.822804976,
    "sample_persec": 136.27766095763266,
    "result_path": "result/2GB/Batches/128/run 3",
    "data_path": "101.pt"
}