{
    "total_cpu_time (seconds)": 24.41158912600011,
    "total_cpu_memory (MB)": 71466.756972,
    "execution_time (seconds/batch)": 0.6111252509540415,
    "num_batches": 40,
    "batch_size": 128,
    "device": "cpu",
    "throughput_bps": 34383262.62447336,
    "sample_persec": 209.44969922315647,
    "result_path": "result/2GB/Batches/128/run 3",
    "data_path": "102.pt"
}