{
    "total_cpu_time (seconds)": 22.48949647800033,
    "total_cpu_memory (MB)": 71466.756988,
    "execution_time (seconds/batch)": 0.5630071482855549,
    "num_batches": 40,
    "batch_size": 128,
    "device": "cpu",
    "throughput_bps": 37321870.71511667,
    "sample_persec": 227.3505769683033,
    "result_path": "result/2GB/Batches/128/run 3",
    "data_path": "103.pt"
}