{
    "total_cpu_time (seconds)": 26.37449233999958,
    "total_cpu_memory (MB)": 71466.756948,
    "execution_time (seconds/batch)": 0.6602650145746032,
    "num_batches": 40,
    "batch_size": 128,
    "device": "cpu",
    "throughput_bps": 31824312.262763098,
    "sample_persec": 193.86155130825472,
    "result_path": "result/2GB/Batches/128/run 3",
    "data_path": "104.pt"
}