{
    "total_cpu_time (seconds)": 28.37061417000022,
    "total_cpu_memory (MB)": 71466.75698,
    "execution_time (seconds/batch)": 0.7102363805515408,
    "num_batches": 40,
    "batch_size": 128,
    "device": "cpu",
    "throughput_bps": 29585192.444918916,
    "sample_persec": 180.2216888701201,
    "result_path": "result/2GB/Batches/128/run 3",
    "data_path": "105.pt"
}