{
    "total_cpu_time (seconds)": 24.1723351279999,
    "total_cpu_memory (MB)": 71466.756964,
    "execution_time (seconds/batch)": 0.6051357121814956,
    "num_batches": 40,
    "batch_size": 128,
    "device": "cpu",
    "throughput_bps": 34723582.78814954,
    "sample_persec": 211.5227996354139,
    "result_path": "result/2GB/Batches/128/run 3",
    "data_path": "106.pt"
}