{
    "total_cpu_time (seconds)": 26.929727339999896,
    "total_cpu_memory (MB)": 71466.756452,
    "execution_time (seconds/batch)": 0.6741648933150766,
    "num_batches": 40,
    "batch_size": 128,
    "device": "cpu",
    "throughput_bps": 31168161.095833927,
    "sample_persec": 189.86452909255559,
    "result_path": "result/2GB/Batches/128/run 3",
    "data_path": "107.pt"
}