{
    "total_cpu_time (seconds)": 47.11780482500045,
    "total_cpu_memory (MB)": 71466.739564,
    "execution_time (seconds/batch)": 1.1795577973010087,
    "num_batches": 40,
    "batch_size": 128,
    "device": "cpu",
    "throughput_bps": 17813862.15078181,
    "sample_persec": 108.51524214657535,
    "result_path": "result/Batches/128/run 2",
    "data_path": "108.pt"
}