{
    "total_cpu_time (seconds)": 24.05616635399992,
    "total_cpu_memory (MB)": 71466.748228,
    "execution_time (seconds/batch)": 0.6022275167830999,
    "num_batches": 40,
    "batch_size": 128,
    "device": "cpu",
    "throughput_bps": 34891265.20196506,
    "sample_persec": 212.54425683458246,
    "result_path": "result/Batches/128/run 2",
    "data_path": "110.pt"
}