{
    "total_cpu_time (seconds)": 22.14546813799981,
    "total_cpu_memory (MB)": 71466.756932,
    "execution_time (seconds/batch)": 0.5543946649059213,
    "num_batches": 40,
    "batch_size": 128,
    "device": "cpu",
    "throughput_bps": 37901663.43603927,
    "sample_persec": 230.88245270491757,
    "result_path": "result/Batches/128/run 2",
    "data_path": "124.pt"
}