{
    "total_cpu_time (seconds)": 24.36039709299986,
    "total_cpu_memory (MB)": 71466.459788,
    "execution_time (seconds/batch)": 0.6098436980058639,
    "num_batches": 40,
    "batch_size": 128,
    "device": "cpu",
    "throughput_bps": 34455517.15744377,
    "sample_persec": 209.88984623199175,
    "result_path": "result/Batches/128/run 2",
    "data_path": "126.pt"
}