{
    "total_cpu_time (seconds)": 20.99877790699999,
    "total_cpu_memory (MB)": 71466.74822,
    "execution_time (seconds/batch)": 0.525688161958928,
    "num_batches": 40,
    "batch_size": 128,
    "device": "cpu",
    "throughput_bps": 39971377.5590817,
    "sample_persec": 243.49036037452302,
    "result_path": "result/Batches/128/run 2",
    "data_path": "128.pt"
}