{
    "total_cpu_time (seconds)": 23.329638055,
    "total_cpu_memory (MB)": 71466.756964,
    "execution_time (seconds/batch)": 0.5840394428007041,
    "num_batches": 40,
    "batch_size": 128,
    "device": "cpu",
    "throughput_bps": 35977844.06347062,
    "sample_persec": 219.1632801137343,
    "result_path": "result/Batches/128/run 2",
    "data_path": "17.pt"
}