{
    "total_cpu_time (seconds)": 29.218480704999724,
    "total_cpu_memory (MB)": 71466.756972,
    "execution_time (seconds/batch)": 0.731462063414818,
    "num_batches": 40,
    "batch_size": 128,
    "device": "cpu",
    "throughput_bps": 28726684.610140406,
    "sample_persec": 174.99198714754147,
    "result_path": "result/Batches/128/run 2",
    "data_path": "21.pt"
}