{
    "total_cpu_time (seconds)": 22.62353463900008,
    "total_cpu_memory (MB)": 71466.748204,
    "execution_time (seconds/batch)": 0.5663626899651888,
    "num_batches": 40,
    "batch_size": 128,
    "device": "cpu",
    "throughput_bps": 37100748.9940616,
    "sample_persec": 226.0035879267885,
    "result_path": "result/Batches/128/run 2",
    "data_path": "26.pt"
}