{
    "total_cpu_time (seconds)": 36.1076539849997,
    "total_cpu_memory (MB)": 71466.75698,
    "execution_time (seconds/batch)": 0.9039271875767576,
    "num_batches": 40,
    "batch_size": 128,
    "device": "cpu",
    "throughput_bps": 23245766.128940236,
    "sample_persec": 141.6043258341876,
    "result_path": "result/Batches/128/run 2",
    "data_path": "28.pt"
}