{
    "total_cpu_time (seconds)": 22.859313807999957,
    "total_cpu_memory (MB)": 71466.75698,
    "execution_time (seconds/batch)": 0.5722652390815557,
    "num_batches": 40,
    "batch_size": 128,
    "device": "cpu",
    "throughput_bps": 36718078.54994567,
    "sample_persec": 223.67250578670607,
    "result_path": "result/Batches/128/run 2",
    "data_path": "29.pt"
}