{
    "total_cpu_time (seconds)": 36.89004986699986,
    "total_cpu_memory (MB)": 71466.748268,
    "execution_time (seconds/batch)": 0.9235138632849564,
    "num_batches": 40,
    "batch_size": 128,
    "device": "cpu",
    "throughput_bps": 22752749.942765567,
    "sample_persec": 138.60105959287017,
    "result_path": "result/Batches/128/run 2",
    "data_path": "3.pt"
}