{
    "total_cpu_time (seconds)": 24.57502379600014,
    "total_cpu_memory (MB)": 71466.748284,
    "execution_time (seconds/batch)": 0.6152167114977543,
    "num_batches": 40,
    "batch_size": 128,
    "device": "cpu",
    "throughput_bps": 34154598.87109504,
    "sample_persec": 208.05676700228457,
    "result_path": "result/Batches/128/run 2",
    "data_path": "33.pt"
}