{
    "total_cpu_time (seconds)": 22.751148915999988,
    "total_cpu_memory (MB)": 71466.756972,
    "execution_time (seconds/batch)": 0.5695574146778796,
    "num_batches": 40,
    "batch_size": 128,
    "device": "cpu",
    "throughput_bps": 36892645.86588496,
    "sample_persec": 224.73590317912377,
    "result_path": "result/Batches/128/run 2",
    "data_path": "34.pt"
}