{
    "total_cpu_time (seconds)": 23.478499203000037,
    "total_cpu_memory (MB)": 71466.756972,
    "execution_time (seconds/batch)": 0.5877660664940357,
    "num_batches": 40,
    "batch_size": 128,
    "device": "cpu",
    "throughput_bps": 35749733.09591907,
    "sample_persec": 217.77371525291832,
    "result_path": "result/Batches/128/run 2",
    "data_path": "35.pt"
}