{
    "total_cpu_time (seconds)": 22.953402605000274,
    "total_cpu_memory (MB)": 71466.756972,
    "execution_time (seconds/batch)": 0.5746206793350352,
    "num_batches": 40,
    "batch_size": 128,
    "device": "cpu",
    "throughput_bps": 36567566.66731198,
    "sample_persec": 222.75564490321625,
    "result_path": "result/Batches/128/run 2",
    "data_path": "36.pt"
}