{
    "total_cpu_time (seconds)": 21.494376871000192,
    "total_cpu_memory (MB)": 71466.748276,
    "execution_time (seconds/batch)": 0.5380950986677145,
    "num_batches": 40,
    "batch_size": 128,
    "device": "cpu",
    "throughput_bps": 39049751.71122245,
    "sample_persec": 237.87616783152077,
    "result_path": "result/Batches/128/run 2",
    "data_path": "4.pt"
}