{
    "total_cpu_time (seconds)": 23.74612249900019,
    "total_cpu_memory (MB)": 71466.756964,
    "execution_time (seconds/batch)": 0.5944658086978338,
    "num_batches": 40,
    "batch_size": 128,
    "device": "cpu",
    "throughput_bps": 35346826.83605882,
    "sample_persec": 215.31936425474427,
    "result_path": "result/Batches/128/run 2",
    "data_path": "41.pt"
}