{
    "total_cpu_time (seconds)": 24.29753562399988,
    "total_cpu_memory (MB)": 71466.71346,
    "execution_time (seconds/batch)": 0.6082700097539575,
    "num_batches": 40,
    "batch_size": 128,
    "device": "cpu",
    "throughput_bps": 34544658.89005354,
    "sample_persec": 210.43286360900058,
    "result_path": "result/Batches/128/run 2",
    "data_path": "42.pt"
}