{
    "total_cpu_time (seconds)": 23.7533849399996,
    "total_cpu_memory (MB)": 71466.756964,
    "execution_time (seconds/batch)": 0.5946476182906216,
    "num_batches": 40,
    "batch_size": 128,
    "device": "cpu",
    "throughput_bps": 35336019.776557125,
    "sample_persec": 215.25353177727294,
    "result_path": "result/Batches/128/run 2",
    "data_path": "49.pt"
}