{
    "total_cpu_time (seconds)": 21.236278568999936,
    "total_cpu_memory (MB)": 71466.748164,
    "execution_time (seconds/batch)": 0.531633807320945,
    "num_batches": 40,
    "batch_size": 128,
    "device": "cpu",
    "throughput_bps": 39524348.73524674,
    "sample_persec": 240.7672315743588,
    "result_path": "result/Batches/128/run 2",
    "data_path": "5.pt"
}