{
    "total_cpu_time (seconds)": 28.65527452700205,
    "total_cpu_memory (MB)": 71518.202804,
    "execution_time (seconds/batch)": 0.17934065809975858,
    "num_batches": 160,
    "batch_size": 32,
    "device": "cpu",
    "throughput_bps": 29291294.320320506,
    "sample_persec": 178.4313737836288,
    "result_path": "result/Batches/32/run 3",
    "data_path": "108.pt"
}