{
    "total_cpu_time (seconds)": 30.050613106000384,
    "total_cpu_memory (MB)": 71518.209348,
    "execution_time (seconds/batch)": 0.18807346360101942,
    "num_batches": 160,
    "batch_size": 32,
    "device": "cpu",
    "throughput_bps": 27931213.15160129,
    "sample_persec": 170.14627894493964,
    "result_path": "result/Batches/32/run 3",
    "data_path": "112.pt"
}