{
    "total_cpu_time (seconds)": 31.233012107000377,
    "total_cpu_memory (MB)": 71518.21134,
    "execution_time (seconds/batch)": 0.19547357469665794,
    "num_batches": 160,
    "batch_size": 32,
    "device": "cpu",
    "throughput_bps": 26873811.50189716,
    "sample_persec": 163.70499209245347,
    "result_path": "result/Batches/32/run 3",
    "data_path": "117.pt"
}