{
    "total_cpu_time (seconds)": 30.766937030000054,
    "total_cpu_memory (MB)": 71518.19438,
    "execution_time (seconds/batch)": 0.19255661743790373,
    "num_batches": 160,
    "batch_size": 32,
    "device": "cpu",
    "throughput_bps": 27280911.297135986,
    "sample_persec": 166.18488850594534,
    "result_path": "result/Batches/32/run 3",
    "data_path": "121.pt"
}