{
    "total_cpu_time (seconds)": 31.49927405899835,
    "total_cpu_memory (MB)": 71518.199164,
    "execution_time (seconds/batch)": 0.19713999019909,
    "num_batches": 160,
    "batch_size": 32,
    "device": "cpu",
    "throughput_bps": 26646648.37760679,
    "sample_persec": 162.32120113064565,
    "result_path": "result/Batches/32/run 3",
    "data_path": "122.pt"
}