{
    "total_cpu_time (seconds)": 30.225067871999485,
    "total_cpu_memory (MB)": 71518.230428,
    "execution_time (seconds/batch)": 0.18916529863171982,
    "num_batches": 160,
    "batch_size": 32,
    "device": "cpu",
    "throughput_bps": 27769998.18675591,
    "sample_persec": 169.16421897390296,
    "result_path": "result/Batches/32/run 3",
    "data_path": "123.pt"
}