{
    "total_cpu_time (seconds)": 38.69029631600096,
    "total_cpu_memory (MB)": 71518.207236,
    "execution_time (seconds/batch)": 0.2421454101529495,
    "num_batches": 160,
    "batch_size": 32,
    "device": "cpu",
    "throughput_bps": 21694072.15557752,
    "sample_persec": 132.15199899840107,
    "result_path": "result/Batches/32/run 3",
    "data_path": "101.pt"
}