{
    "total_cpu_time (seconds)": 34.25540978100048,
    "total_cpu_memory (MB)": 71518.211476,
    "execution_time (seconds/batch)": 0.21438942166869066,
    "num_batches": 160,
    "batch_size": 32,
    "device": "cpu",
    "throughput_bps": 24502701.481782872,
    "sample_persec": 149.2610957710945,
    "result_path": "result/Batches/32/run 3",
    "data_path": "17.pt"
}