{
    "total_cpu_time (seconds)": 27.34315253000088,
    "total_cpu_memory (MB)": 71518.212108,
    "execution_time (seconds/batch)": 0.17112866828868142,
    "num_batches": 160,
    "batch_size": 32,
    "device": "cpu",
    "throughput_bps": 30696902.234629527,
    "sample_persec": 186.9938001622169,
    "result_path": "result/Batches/32/run 3",
    "data_path": "102.pt"
}