{
    "total_cpu_time (seconds)": 30.3180585670001,
    "total_cpu_memory (MB)": 71518.200516,
    "execution_time (seconds/batch)": 0.18974728616154962,
    "num_batches": 160,
    "batch_size": 32,
    "device": "cpu",
    "throughput_bps": 27684822.830759894,
    "sample_persec": 168.6453632478064,
    "result_path": "result/Batches/32/run 3",
    "data_path": "22.pt"
}