{
    "total_cpu_time (seconds)": 31.361155732999062,
    "total_cpu_memory (MB)": 71518.209548,
    "execution_time (seconds/batch)": 0.19627556883551145,
    "num_batches": 160,
    "batch_size": 32,
    "device": "cpu",
    "throughput_bps": 26764003.442539364,
    "sample_persec": 163.03608334880215,
    "result_path": "result/Batches/32/run 3",
    "data_path": "23.pt"
}