{
    "total_cpu_time (seconds)": 28.011753408000367,
    "total_cpu_memory (MB)": 71518.211476,
    "execution_time (seconds/batch)": 0.17531314474007662,
    "num_batches": 160,
    "batch_size": 32,
    "device": "cpu",
    "throughput_bps": 29964210.657383386,
    "sample_persec": 182.53052301037638,
    "result_path": "result/Batches/32/run 3",
    "data_path": "24.pt"
}