{
    "total_cpu_time (seconds)": 31.51993475799993,
    "total_cpu_memory (MB)": 71518.207396,
    "execution_time (seconds/batch)": 0.19726929635360801,
    "num_batches": 160,
    "batch_size": 32,
    "device": "cpu",
    "throughput_bps": 26629182.022242874,
    "sample_persec": 162.21480276707402,
    "result_path": "result/Batches/32/run 3",
    "data_path": "27.pt"
}