{
    "total_cpu_time (seconds)": 32.534396635999656,
    "total_cpu_memory (MB)": 71518.198904,
    "execution_time (seconds/batch)": 0.20361836345628573,
    "num_batches": 160,
    "batch_size": 32,
    "device": "cpu",
    "throughput_bps": 25798851.885614816,
    "sample_persec": 157.15674881587972,
    "result_path": "result/Batches/32/run 3",
    "data_path": "29.pt"
}