{
    "total_cpu_time (seconds)": 30.84467232900025,
    "total_cpu_memory (MB)": 71518.20298,
    "execution_time (seconds/batch)": 0.19304312820809857,
    "num_batches": 160,
    "batch_size": 32,
    "device": "cpu",
    "throughput_bps": 27212157.452904455,
    "sample_persec": 165.76606635541214,
    "result_path": "result/Batches/32/run 3",
    "data_path": "3.pt"
}