{
    "total_cpu_time (seconds)": 26.87784589599965,
    "total_cpu_memory (MB)": 71518.205028,
    "execution_time (seconds/batch)": 0.16821652037394655,
    "num_batches": 160,
    "batch_size": 32,
    "device": "cpu",
    "throughput_bps": 31228323.997680344,
    "sample_persec": 190.23101850438806,
    "result_path": "result/Batches/32/run 3",
    "data_path": "39.pt"
}