{
    "total_cpu_time (seconds)": 52.72373804799733,
    "total_cpu_memory (MB)": 71518.20954,
    "execution_time (seconds/batch)": 0.3299744998114443,
    "num_batches": 160,
    "batch_size": 32,
    "device": "cpu",
    "throughput_bps": 15919775.628122067,
    "sample_persec": 96.97719071711785,
    "result_path": "result/Batches/32/run 3",
    "data_path": "105.pt"
}