{
    "total_cpu_time (seconds)": 57.6018321029986,
    "total_cpu_memory (MB)": 71518.209428,
    "execution_time (seconds/batch)": 0.360504327654206,
    "num_batches": 160,
    "batch_size": 32,
    "device": "cpu",
    "throughput_bps": 14571586.51653904,
    "sample_persec": 88.76453774694833,
    "result_path": "result/Batches/32/run 3",
    "data_path": "45.pt"
}