{
    "total_cpu_time (seconds)": 30.329829278999654,
    "total_cpu_memory (MB)": 71518.207324,
    "execution_time (seconds/batch)": 0.189820953829061,
    "num_batches": 160,
    "batch_size": 32,
    "device": "cpu",
    "throughput_bps": 27674078.620058876,
    "sample_persec": 168.57991362121635,
    "result_path": "result/Batches/32/run 3",
    "data_path": "46.pt"
}