{
    "total_cpu_time (seconds)": 58.70637280199901,
    "total_cpu_memory (MB)": 71518.20946,
    "execution_time (seconds/batch)": 0.3674171581584135,
    "num_batches": 160,
    "batch_size": 32,
    "device": "cpu",
    "throughput_bps": 14297427.007301316,
    "sample_persec": 87.09446276377507,
    "result_path": "result/Batches/32/run 3",
    "data_path": "47.pt"
}