{
    "total_cpu_time (seconds)": 36.256796256000136,
    "total_cpu_memory (MB)": 71518.20946,
    "execution_time (seconds/batch)": 0.2269152122417376,
    "num_batches": 160,
    "batch_size": 32,
    "device": "cpu",
    "throughput_bps": 23150144.708692953,
    "sample_persec": 141.02183667576116,
    "result_path": "result/Batches/32/run 3",
    "data_path": "51.pt"
}