{
    "total_cpu_time (seconds)": 34.29295362499941,
    "total_cpu_memory (MB)": 71518.209292,
    "execution_time (seconds/batch)": 0.21462439194210467,
    "num_batches": 160,
    "batch_size": 32,
    "device": "cpu",
    "throughput_bps": 24475875.98252597,
    "sample_persec": 149.09768507874006,
    "result_path": "result/Batches/32/run 3",
    "data_path": "106.pt"
}