{
    "total_cpu_time (seconds)": 96.80794897200076,
    "total_cpu_memory (MB)": 71460.407348,
    "execution_time (seconds/batch)": 4.847024239552551,
    "num_batches": 20,
    "batch_size": 256,
    "device": "cpu",
    "throughput_bps": 8670259.920936458,
    "sample_persec": 52.815910824418,
    "result_path": "result/Batches/256/run 3",
    "data_path": "1.pt"
}