{
    "total_cpu_time (seconds)": 23.350600766999936,
    "total_cpu_memory (MB)": 71460.480308,
    "execution_time (seconds/batch)": 1.1691284561611546,
    "num_batches": 20,
    "batch_size": 256,
    "device": "cpu",
    "throughput_bps": 35945545.40053656,
    "sample_persec": 218.96652899936987,
    "result_path": "result/Batches/256/run 3",
    "data_path": "11.pt"
}