{
    "total_cpu_time (seconds)": 19.92860542000007,
    "total_cpu_memory (MB)": 71460.4803,
    "execution_time (seconds/batch)": 0.9977944430901659,
    "num_batches": 20,
    "batch_size": 256,
    "device": "cpu",
    "throughput_bps": 42117853.322422646,
    "sample_persec": 256.56587062879294,
    "result_path": "result/Batches/256/run 3",
    "data_path": "116.pt"
}