{
    "total_cpu_time (seconds)": 25.227147779000063,
    "total_cpu_memory (MB)": 71460.480308,
    "execution_time (seconds/batch)": 1.2630842619644076,
    "num_batches": 20,
    "batch_size": 256,
    "device": "cpu",
    "throughput_bps": 33271699.494252916,
    "sample_persec": 202.6784813246401,
    "result_path": "result/Batches/256/run 3",
    "data_path": "118.pt"
}