{
    "total_cpu_time (seconds)": 27.620455800999977,
    "total_cpu_memory (MB)": 71460.480316,
    "execution_time (seconds/batch)": 1.3829134920899655,
    "num_batches": 20,
    "batch_size": 256,
    "device": "cpu",
    "throughput_bps": 30388712.121456444,
    "sample_persec": 185.11642374181557,
    "result_path": "result/Batches/256/run 3",
    "data_path": "119.pt"
}