{
    "total_cpu_time (seconds)": 23.744368826999885,
    "total_cpu_memory (MB)": 71460.480316,
    "execution_time (seconds/batch)": 1.1888438137516077,
    "num_batches": 20,
    "batch_size": 256,
    "device": "cpu",
    "throughput_bps": 35349437.42305625,
    "sample_persec": 215.33526695331537,
    "result_path": "result/Batches/256/run 3",
    "data_path": "120.pt"
}