{
    "total_cpu_time (seconds)": 21.906586348000108,
    "total_cpu_memory (MB)": 71460.480316,
    "execution_time (seconds/batch)": 1.0968288881455168,
    "num_batches": 20,
    "batch_size": 256,
    "device": "cpu",
    "throughput_bps": 38314964.58034986,
    "sample_persec": 233.4001253676283,
    "result_path": "result/Batches/256/run 3",
    "data_path": "121.pt"
}