{
    "total_cpu_time (seconds)": 23.59781281800002,
    "total_cpu_memory (MB)": 71460.480316,
    "execution_time (seconds/batch)": 1.1815059811085478,
    "num_batches": 20,
    "batch_size": 256,
    "device": "cpu",
    "throughput_bps": 35568977.789321125,
    "sample_persec": 216.67262298563062,
    "result_path": "result/Batches/256/run 3",
    "data_path": "124.pt"
}