{
    "total_cpu_time (seconds)": 25.3496211580001,
    "total_cpu_memory (MB)": 71460.480324,
    "execution_time (seconds/batch)": 1.269216314580095,
    "num_batches": 20,
    "batch_size": 256,
    "device": "cpu",
    "throughput_bps": 33110951.629946116,
    "sample_persec": 201.69926675162108,
    "result_path": "result/Batches/256/run 3",
    "data_path": "127.pt"
}