{
    "total_cpu_time (seconds)": 21.479451646999998,
    "total_cpu_memory (MB)": 71460.480316,
    "execution_time (seconds/batch)": 1.0754429144596127,
    "num_batches": 20,
    "batch_size": 256,
    "device": "cpu",
    "throughput_bps": 39076885.84392846,
    "sample_persec": 238.0414586009287,
    "result_path": "result/Batches/256/run 3",
    "data_path": "13.pt"
}