{
    "total_cpu_time (seconds)": 1.2171958989999998,
    "total_cpu_memory (MB)": 3359.010012,
    "execution_time (seconds/batch)": 1.2983422922666665,
    "num_batches": 1,
    "batch_size": 256,
    "device": "cpu",
    "throughput_bps": 32368166.892747644,
    "sample_persec": 197.174505925607,
    "result_path": "result/Batches/256/run 3",
    "data_path": "130.pt"
}