{
    "total_cpu_time (seconds)": 20.099387178999923,
    "total_cpu_memory (MB)": 71460.480308,
    "execution_time (seconds/batch)": 1.0063452215575943,
    "num_batches": 20,
    "batch_size": 256,
    "device": "cpu",
    "throughput_bps": 41759983.65148978,
    "sample_persec": 254.38586532340264,
    "result_path": "result/Batches/256/run 3",
    "data_path": "14.pt"
}