{
    "total_cpu_time (seconds)": 22.63955014300026,
    "total_cpu_memory (MB)": 71460.480316,
    "execution_time (seconds/batch)": 1.13352725143909,
    "num_batches": 20,
    "batch_size": 256,
    "device": "cpu",
    "throughput_bps": 37074503.45516304,
    "sample_persec": 225.8437101313538,
    "result_path": "result/Batches/256/run 3",
    "data_path": "15.pt"
}