{
    "total_cpu_time (seconds)": 21.555940873999877,
    "total_cpu_memory (MB)": 71460.480244,
    "execution_time (seconds/batch)": 1.079272611723835,
    "num_batches": 20,
    "batch_size": 256,
    "device": "cpu",
    "throughput_bps": 38938225.19305565,
    "sample_persec": 237.19679089337018,
    "result_path": "result/Batches/256/run 3",
    "data_path": "2.pt"
}