{
    "total_cpu_time (seconds)": 26.76199621099985,
    "total_cpu_memory (MB)": 71460.4629,
    "execution_time (seconds/batch)": 1.3399317484873776,
    "num_batches": 20,
    "batch_size": 256,
    "device": "cpu",
    "throughput_bps": 31363507.915564463,
    "sample_persec": 191.05450728292192,
    "result_path": "result/Batches/256/run 3",
    "data_path": "22.pt"
}