{
    "total_cpu_time (seconds)": 22.03814238400001,
    "total_cpu_memory (MB)": 71460.480292,
    "execution_time (seconds/batch)": 1.1034156953459815,
    "num_batches": 20,
    "batch_size": 256,
    "device": "cpu",
    "throughput_bps": 38086244.53798699,
    "sample_persec": 232.0068502557687,
    "result_path": "result/Batches/256/run 3",
    "data_path": "30.pt"
}