{
    "total_cpu_time (seconds)": 22.49160168899986,
    "total_cpu_memory (MB)": 71460.480308,
    "execution_time (seconds/batch)": 1.1261197012290172,
    "num_batches": 20,
    "batch_size": 256,
    "device": "cpu",
    "throughput_bps": 37318377.3928607,
    "sample_persec": 227.3292969838006,
    "result_path": "result/Batches/256/run 3",
    "data_path": "31.pt"
}