{
    "total_cpu_time (seconds)": 21.544429120000068,
    "total_cpu_memory (MB)": 71460.480284,
    "execution_time (seconds/batch)": 1.0786962360101735,
    "num_batches": 20,
    "batch_size": 256,
    "device": "cpu",
    "throughput_bps": 38959030.908868074,
    "sample_persec": 237.32353136493708,
    "result_path": "result/Batches/256/run 3",
    "data_path": "34.pt"
}