{
    "total_cpu_time (seconds)": 20.19617433100002,
    "total_cpu_memory (MB)": 71460.480316,
    "execution_time (seconds/batch)": 1.0111912045249374,
    "num_batches": 20,
    "batch_size": 256,
    "device": "cpu",
    "throughput_bps": 41559855.16086795,
    "sample_persec": 253.16675902088176,
    "result_path": "result/Batches/256/run 3",
    "data_path": "36.pt"
}