{
    "total_cpu_time (seconds)": 22.190896453999944,
    "total_cpu_memory (MB)": 71460.462908,
    "execution_time (seconds/batch)": 1.1110638553146852,
    "num_batches": 20,
    "batch_size": 256,
    "device": "cpu",
    "throughput_bps": 37824072.66601011,
    "sample_persec": 230.40979937871657,
    "result_path": "result/Batches/256/run 3",
    "data_path": "38.pt"
}