{
    "total_cpu_time (seconds)": 21.91858266700006,
    "total_cpu_memory (MB)": 71460.480316,
    "execution_time (seconds/batch)": 1.0974295252790955,
    "num_batches": 20,
    "batch_size": 256,
    "device": "cpu",
    "throughput_bps": 38293994.31304012,
    "sample_persec": 233.27238251120932,
    "result_path": "result/Batches/256/run 3",
    "data_path": "4.pt"
}