{
    "total_cpu_time (seconds)": 21.555239253999968,
    "total_cpu_memory (MB)": 71460.480252,
    "execution_time (seconds/batch)": 1.0792374826958717,
    "num_batches": 20,
    "batch_size": 256,
    "device": "cpu",
    "throughput_bps": 38939492.62679806,
    "sample_persec": 237.2045116154853,
    "result_path": "result/Batches/256/run 3",
    "data_path": "105.pt"
}