{
    "total_cpu_time (seconds)": 20.004313078999875,
    "total_cpu_memory (MB)": 71460.480308,
    "execution_time (seconds/batch)": 1.001585008453739,
    "num_batches": 20,
    "batch_size": 256,
    "device": "cpu",
    "throughput_bps": 41958455.49333722,
    "sample_persec": 255.59487995453964,
    "result_path": "result/Batches/256/run 3",
    "data_path": "48.pt"
}