{
    "total_cpu_time (seconds)": 20.621786077000007,
    "total_cpu_memory (MB)": 71460.480324,
    "execution_time (seconds/batch)": 1.032500926210053,
    "num_batches": 20,
    "batch_size": 256,
    "device": "cpu",
    "throughput_bps": 40702103.92377933,
    "sample_persec": 247.9416662023595,
    "result_path": "result/Batches/256/run 3",
    "data_path": "5.pt"
}