{
    "total_cpu_time (seconds)": 20.05588940500035,
    "total_cpu_memory (MB)": 71460.462852,
    "execution_time (seconds/batch)": 1.0041673553061001,
    "num_batches": 20,
    "batch_size": 256,
    "device": "cpu",
    "throughput_bps": 41850553.872257225,
    "sample_persec": 254.93758450449087,
    "result_path": "result/Batches/256/run 3",
    "data_path": "50.pt"
}