{
    "total_cpu_time (seconds)": 41.93178623300045,
    "total_cpu_memory (MB)": 71460.48026,
    "execution_time (seconds/batch)": 2.0994596666630385,
    "num_batches": 20,
    "batch_size": 256,
    "device": "cpu",
    "throughput_bps": 20017036.12948949,
    "sample_persec": 121.93613626638334,
    "result_path": "result/Batches/256/run 3",
    "data_path": "51.pt"
}