{
    "total_cpu_time (seconds)": 21.49362434700008,
    "total_cpu_memory (MB)": 71460.480316,
    "execution_time (seconds/batch)": 1.076152519622926,
    "num_batches": 20,
    "batch_size": 256,
    "device": "cpu",
    "throughput_bps": 39051118.90155233,
    "sample_persec": 237.88449623265305,
    "result_path": "result/Batches/256/run 3",
    "data_path": "52.pt"
}