{
    "total_cpu_time (seconds)": 39.739911735000334,
    "total_cpu_memory (MB)": 71460.480308,
    "execution_time (seconds/batch)": 1.9897159014590426,
    "num_batches": 20,
    "batch_size": 256,
    "device": "cpu",
    "throughput_bps": 21121085.663125794,
    "sample_persec": 128.66158420520097,
    "result_path": "result/Batches/256/run 3",
    "data_path": "106.pt"
}