{
    "total_cpu_time (seconds)": 84.4615585870003,
    "total_cpu_memory (MB)": 71460.034552,
    "execution_time (seconds/batch)": 8.457719146595766,
    "num_batches": 10,
    "batch_size": 512,
    "device": "cpu",
    "throughput_bps": 9937657.959927661,
    "sample_persec": 60.53641544790242,
    "result_path": "result/8GB/run 3",
    "data_path": "1.pt"
}