{
    "total_cpu_time (seconds)": 22.781607832999722,
    "total_cpu_memory (MB)": 71461.281308,
    "execution_time (seconds/batch)": 2.281279720417731,
    "num_batches": 10,
    "batch_size": 512,
    "device": "cpu",
    "throughput_bps": 36843320.54843735,
    "sample_persec": 224.43543219077335,
    "result_path": "result/8GB/run 3",
    "data_path": "11.pt"
}