{
    "total_cpu_time (seconds)": 21.10500772299999,
    "total_cpu_memory (MB)": 71461.283356,
    "execution_time (seconds/batch)": 2.1133901729270477,
    "num_batches": 10,
    "batch_size": 512,
    "device": "cpu",
    "throughput_bps": 39770185.87324591,
    "sample_persec": 242.26477749296973,
    "result_path": "result/8GB/run 3",
    "data_path": "12.pt"
}