{
    "total_cpu_time (seconds)": 29.055994042000172,
    "total_cpu_memory (MB)": 71461.28326,
    "execution_time (seconds/batch)": 2.909577341972245,
    "num_batches": 10,
    "batch_size": 512,
    "device": "cpu",
    "throughput_bps": 28887329.71195985,
    "sample_persec": 175.97057573074957,
    "result_path": "result/8GB/run 3",
    "data_path": "13.pt"
}