{
    "total_cpu_time (seconds)": 21.541343400000112,
    "total_cpu_memory (MB)": 71461.283356,
    "execution_time (seconds/batch)": 2.1570834775669976,
    "num_batches": 10,
    "batch_size": 512,
    "device": "cpu",
    "throughput_bps": 38964611.649986304,
    "sample_persec": 237.3575271076164,
    "result_path": "result/8GB/run 3",
    "data_path": "14.pt"
}