{
    "total_cpu_time (seconds)": 76.20193150000013,
    "total_cpu_memory (MB)": 71460.033732,
    "execution_time (seconds/batch)": 7.630625646000404,
    "num_batches": 10,
    "batch_size": 512,
    "device": "cpu",
    "throughput_bps": 11014813.71243193,
    "sample_persec": 67.09803674727053,
    "result_path": "result/8GB/run 3",
    "data_path": "15.pt"
}