{
    "total_cpu_time (seconds)": 20.8530497789999,
    "total_cpu_memory (MB)": 71461.283364,
    "execution_time (seconds/batch)": 2.0881598839913846,
    "num_batches": 10,
    "batch_size": 512,
    "device": "cpu",
    "throughput_bps": 40250710.99409492,
    "sample_persec": 245.1919529367381,
    "result_path": "result/8GB/run 3",
    "data_path": "17.pt"
}