{
    "total_cpu_time (seconds)": 87.92480174600017,
    "total_cpu_memory (MB)": 71452.820724,
    "execution_time (seconds/batch)": 8.804517601007644,
    "num_batches": 10,
    "batch_size": 512,
    "device": "cpu",
    "throughput_bps": 9546226.58604042,
    "sample_persec": 58.15196507090899,
    "result_path": "result/8GB/run 3",
    "data_path": "18.pt"
}