{
    "total_cpu_time (seconds)": 20.57406441300004,
    "total_cpu_memory (MB)": 71461.283356,
    "execution_time (seconds/batch)": 2.0602231526415062,
    "num_batches": 10,
    "batch_size": 512,
    "device": "cpu",
    "throughput_bps": 40796512.694382526,
    "sample_persec": 248.51676836246668,
    "result_path": "result/8GB/run 3",
    "data_path": "20.pt"
}