{
    "total_cpu_time (seconds)": 25.766932573999725,
    "total_cpu_memory (MB)": 71461.283364,
    "execution_time (seconds/batch)": 2.58022090316602,
    "num_batches": 10,
    "batch_size": 512,
    "device": "cpu",
    "throughput_bps": 32574699.28131652,
    "sample_persec": 198.43262232770783,
    "result_path": "result/8GB/run 3",
    "data_path": "3.pt"
}