{
    "total_cpu_time (seconds)": 26.260775905999896,
    "total_cpu_memory (MB)": 71461.283356,
    "execution_time (seconds/batch)": 2.629672846444738,
    "num_batches": 10,
    "batch_size": 512,
    "device": "cpu",
    "throughput_bps": 31962120.35030658,
    "sample_persec": 194.7010255257467,
    "result_path": "result/8GB/run 3",
    "data_path": "21.pt"
}