{
    "total_cpu_time (seconds)": 20.48915558599983,
    "total_cpu_memory (MB)": 71461.283356,
    "execution_time (seconds/batch)": 2.051720645419893,
    "num_batches": 10,
    "batch_size": 512,
    "device": "cpu",
    "throughput_bps": 40965576.95981991,
    "sample_persec": 249.54664327375676,
    "result_path": "result/8GB/run 3",
    "data_path": "22.pt"
}