{
    "total_cpu_time (seconds)": 24.70998139800032,
    "total_cpu_memory (MB)": 71461.283356,
    "execution_time (seconds/batch)": 2.4743810826865174,
    "num_batches": 10,
    "batch_size": 512,
    "device": "cpu",
    "throughput_bps": 33968057.947138935,
    "sample_persec": 206.9204309645403,
    "result_path": "result/8GB/run 3",
    "data_path": "23.pt"
}