{
    "total_cpu_time (seconds)": 24.925641247999955,
    "total_cpu_memory (MB)": 71461.28338,
    "execution_time (seconds/batch)": 2.4959765927979616,
    "num_batches": 10,
    "batch_size": 512,
    "device": "cpu",
    "throughput_bps": 33674161.94627891,
    "sample_persec": 205.13012881505182,
    "result_path": "result/8GB/run 3",
    "data_path": "24.pt"
}