{
    "total_cpu_time (seconds)": 20.95541315000007,
    "total_cpu_memory (MB)": 71461.283364,
    "execution_time (seconds/batch)": 2.098410235243504,
    "num_batches": 10,
    "batch_size": 512,
    "device": "cpu",
    "throughput_bps": 40054093.61256126,
    "sample_persec": 243.99423496930592,
    "result_path": "result/8GB/run 3",
    "data_path": "25.pt"
}