{
    "total_cpu_time (seconds)": 20.61383752600002,
    "total_cpu_memory (MB)": 71461.283364,
    "execution_time (seconds/batch)": 2.064205909116372,
    "num_batches": 10,
    "batch_size": 512,
    "device": "cpu",
    "throughput_bps": 40717798.36924282,
    "sample_persec": 248.0372707678047,
    "result_path": "result/8GB/run 3",
    "data_path": "26.pt"
}