{
    "total_cpu_time (seconds)": 24.02045210299991,
    "total_cpu_memory (MB)": 71461.283364,
    "execution_time (seconds/batch)": 2.4053337525397915,
    "num_batches": 10,
    "batch_size": 512,
    "device": "cpu",
    "throughput_bps": 34943142.468795314,
    "sample_persec": 212.86027332355823,
    "result_path": "result/8GB/run 3",
    "data_path": "27.pt"
}