{
    "total_cpu_time (seconds)": 20.813622163999952,
    "total_cpu_memory (MB)": 71461.28334,
    "execution_time (seconds/batch)": 2.084211724617245,
    "num_batches": 10,
    "batch_size": 512,
    "device": "cpu",
    "throughput_bps": 40326958.63249466,
    "sample_persec": 245.65642441821794,
    "result_path": "result/8GB/run 3",
    "data_path": "29.pt"
}