{
    "total_cpu_time (seconds)": 22.126167251000062,
    "total_cpu_memory (MB)": 71461.283364,
    "execution_time (seconds/batch)": 2.215645928517902,
    "num_batches": 10,
    "batch_size": 512,
    "device": "cpu",
    "throughput_bps": 37934725.45327808,
    "sample_persec": 231.0838538820546,
    "result_path": "result/8GB/run 3",
    "data_path": "30.pt"
}