{
    "total_cpu_time (seconds)": 21.440523390999864,
    "total_cpu_memory (MB)": 71461.283356,
    "execution_time (seconds/batch)": 2.146987673810274,
    "num_batches": 10,
    "batch_size": 512,
    "device": "cpu",
    "throughput_bps": 39147835.37198237,
    "sample_persec": 238.47365601841116,
    "result_path": "result/8GB/run 3",
    "data_path": "4.pt"
}