{
    "total_cpu_time (seconds)": 20.607709940999925,
    "total_cpu_memory (MB)": 71461.283372,
    "execution_time (seconds/batch)": 2.0635923117136636,
    "num_batches": 10,
    "batch_size": 512,
    "device": "cpu",
    "throughput_bps": 40729905.57432473,
    "sample_persec": 248.11102323540894,
    "result_path": "result/8GB/run 3",
    "data_path": "32.pt"
}