{
    "total_cpu_time (seconds)": 23.709886024000028,
    "total_cpu_memory (MB)": 71461.283356,
    "execution_time (seconds/batch)": 2.3742346263031515,
    "num_batches": 10,
    "batch_size": 512,
    "device": "cpu",
    "throughput_bps": 35400848.36976351,
    "sample_persec": 215.64844279826698,
    "result_path": "result/8GB/run 3",
    "data_path": "33.pt"
}