{
    "total_cpu_time (seconds)": 27.331500138000045,
    "total_cpu_memory (MB)": 71461.283356,
    "execution_time (seconds/batch)": 2.7368918581373016,
    "num_batches": 10,
    "batch_size": 512,
    "device": "cpu",
    "throughput_bps": 30709989.417412877,
    "sample_persec": 187.07352227956187,
    "result_path": "result/8GB/run 3",
    "data_path": "35.pt"
}