{
    "total_cpu_time (seconds)": 24.989027455999818,
    "total_cpu_memory (MB)": 71461.283364,
    "execution_time (seconds/batch)": 2.502323891545454,
    "num_batches": 10,
    "batch_size": 512,
    "device": "cpu",
    "throughput_bps": 33588745.3594547,
    "sample_persec": 204.60980360291606,
    "result_path": "result/8GB/run 3",
    "data_path": "36.pt"
}