{
    "total_cpu_time (seconds)": 23.924259335999885,
    "total_cpu_memory (MB)": 71461.283356,
    "execution_time (seconds/batch)": 2.3957013064799417,
    "num_batches": 10,
    "batch_size": 512,
    "device": "cpu",
    "throughput_bps": 35083639.08833712,
    "sample_persec": 213.7161250507866,
    "result_path": "result/8GB/run 3",
    "data_path": "38.pt"
}