{
    "total_cpu_time (seconds)": 91.44692540600006,
    "total_cpu_memory (MB)": 71459.081276,
    "execution_time (seconds/batch)": 9.157212166609042,
    "num_batches": 10,
    "batch_size": 512,
    "device": "cpu",
    "throughput_bps": 9178548.937249761,
    "sample_persec": 55.91221331170663,
    "result_path": "result/8GB/run 3",
    "data_path": "39.pt"
}