{
    "total_cpu_time (seconds)": 23.599516419999894,
    "total_cpu_memory (MB)": 71461.283356,
    "execution_time (seconds/batch)": 2.3631825556502926,
    "num_batches": 10,
    "batch_size": 512,
    "device": "cpu",
    "throughput_bps": 35566410.135788865,
    "sample_persec": 216.65698182132593,
    "result_path": "result/8GB/run 3",
    "data_path": "40.pt"
}