{
    "total_cpu_time (seconds)": 21.688384118999878,
    "total_cpu_memory (MB)": 71461.283356,
    "execution_time (seconds/batch)": 2.171807680212779,
    "num_batches": 10,
    "batch_size": 512,
    "device": "cpu",
    "throughput_bps": 38700443.30617957,
    "sample_persec": 235.74831448696128,
    "result_path": "result/8GB/run 3",
    "data_path": "5.pt"
}