{
    "total_cpu_time (seconds)": 23.440536226999914,
    "total_cpu_memory (MB)": 71461.283356,
    "execution_time (seconds/batch)": 2.347262771019745,
    "num_batches": 10,
    "batch_size": 512,
    "device": "cpu",
    "throughput_bps": 35807631.35585597,
    "sample_persec": 218.1264093314813,
    "result_path": "result/8GB/run 3",
    "data_path": "41.pt"
}