{
    "total_cpu_time (seconds)": 24.366445977000062,
    "total_cpu_memory (MB)": 71461.283356,
    "execution_time (seconds/batch)": 2.4399805085515416,
    "num_batches": 10,
    "batch_size": 512,
    "device": "cpu",
    "throughput_bps": 34446963.697220266,
    "sample_persec": 209.8377418202989,
    "result_path": "result/8GB/run 3",
    "data_path": "43.pt"
}