{
    "total_cpu_time (seconds)": 24.210577001000228,
    "total_cpu_memory (MB)": 71461.283364,
    "execution_time (seconds/batch)": 2.424372271565053,
    "num_batches": 10,
    "batch_size": 512,
    "device": "cpu",
    "throughput_bps": 34668735.07249841,
    "sample_persec": 211.1886883071297,
    "result_path": "result/8GB/run 3",
    "data_path": "45.pt"
}