{
    "total_cpu_time (seconds)": 23.426859975000074,
    "total_cpu_memory (MB)": 71461.283356,
    "execution_time (seconds/batch)": 2.345893273459816,
    "num_batches": 10,
    "batch_size": 512,
    "device": "cpu",
    "throughput_bps": 35828535.31782368,
    "sample_persec": 218.25374828108963,
    "result_path": "result/8GB/run 3",
    "data_path": "47.pt"
}