{
    "total_cpu_time (seconds)": 24.036448802999736,
    "total_cpu_memory (MB)": 71461.283356,
    "execution_time (seconds/batch)": 2.4069356125828016,
    "num_batches": 10,
    "batch_size": 512,
    "device": "cpu",
    "throughput_bps": 34919887.16300095,
    "sample_persec": 212.71861088572703,
    "result_path": "result/8GB/run 3",
    "data_path": "48.pt"
}