{
    "total_cpu_time (seconds)": 24.044339088999827,
    "total_cpu_memory (MB)": 71461.283356,
    "execution_time (seconds/batch)": 2.4077257214097227,
    "num_batches": 10,
    "batch_size": 512,
    "device": "cpu",
    "throughput_bps": 34908428.004328005,
    "sample_persec": 212.64880606924953,
    "result_path": "result/8GB/run 3",
    "data_path": "50.pt"
}