{
    "total_cpu_time (seconds)": 26.944284325999813,
    "total_cpu_memory (MB)": 71461.283356,
    "execution_time (seconds/batch)": 2.6981172647979474,
    "num_batches": 10,
    "batch_size": 512,
    "device": "cpu",
    "throughput_bps": 31151322.10767504,
    "sample_persec": 189.76195241030115,
    "result_path": "result/8GB/run 3",
    "data_path": "51.pt"
}