{
    "total_cpu_time (seconds)": 25.417998320999903,
    "total_cpu_memory (MB)": 71461.283356,
    "execution_time (seconds/batch)": 2.545279706698993,
    "num_batches": 10,
    "batch_size": 512,
    "device": "cpu",
    "throughput_bps": 33021879.590988237,
    "sample_persec": 201.15667392171198,
    "result_path": "result/8GB/run 3",
    "data_path": "53.pt"
}