{
    "total_cpu_time (seconds)": 24.503334914999922,
    "total_cpu_memory (MB)": 71461.283348,
    "execution_time (seconds/batch)": 2.4536881432583533,
    "num_batches": 10,
    "batch_size": 512,
    "device": "cpu",
    "throughput_bps": 34254524.247888595,
    "sample_persec": 208.66547421959424,
    "result_path": "result/8GB/run 3",
    "data_path": "54.pt"
}