{
    "total_cpu_time (seconds)": 25.82015749600015,
    "total_cpu_memory (MB)": 71461.283364,
    "execution_time (seconds/batch)": 2.5855506821732988,
    "num_batches": 10,
    "batch_size": 512,
    "device": "cpu",
    "throughput_bps": 32507550.743252646,
    "sample_persec": 198.02357908901465,
    "result_path": "result/8GB/run 3",
    "data_path": "55.pt"
}