{
    "total_cpu_time (seconds)": 23.64556937599995,
    "total_cpu_memory (MB)": 71461.283364,
    "execution_time (seconds/batch)": 2.367794156172888,
    "num_batches": 10,
    "batch_size": 512,
    "device": "cpu",
    "throughput_bps": 35497139.724278875,
    "sample_persec": 216.23501294029532,
    "result_path": "result/8GB/run 3",
    "data_path": "56.pt"
}