{
    "total_cpu_time (seconds)": 25.291319986000076,
    "total_cpu_memory (MB)": 71461.283356,
    "execution_time (seconds/batch)": 2.532594530184244,
    "num_batches": 10,
    "batch_size": 512,
    "device": "cpu",
    "throughput_bps": 33187278.499683663,
    "sample_persec": 202.16422088013925,
    "result_path": "result/8GB/run 3",
    "data_path": "58.pt"
}