{
    "total_cpu_time (seconds)": 25.387635970000034,
    "total_cpu_memory (MB)": 71461.283356,
    "execution_time (seconds/batch)": 2.5422393148132247,
    "num_batches": 10,
    "batch_size": 512,
    "device": "cpu",
    "throughput_bps": 33061372.11798058,
    "sample_persec": 201.39724730738658,
    "result_path": "result/8GB/run 3",
    "data_path": "59.pt"
}