{
    "total_cpu_time (seconds)": 24.201710756999987,
    "total_cpu_memory (MB)": 71461.283364,
    "execution_time (seconds/batch)": 2.4234844333236834,
    "num_batches": 10,
    "batch_size": 512,
    "device": "cpu",
    "throughput_bps": 34681435.88804896,
    "sample_persec": 211.26605682291037,
    "result_path": "result/8GB/run 3",
    "data_path": "60.pt"
}