{
    "total_cpu_time (seconds)": 29.39849362900015,
    "total_cpu_memory (MB)": 71460.234772,
    "execution_time (seconds/batch)": 2.9438741908953796,
    "num_batches": 10,
    "batch_size": 512,
    "device": "cpu",
    "throughput_bps": 28550785.308673874,
    "sample_persec": 173.92047580819855,
    "result_path": "result/8GB/run 3",
    "data_path": "7.pt"
}