{
    "total_cpu_time (seconds)": 26.727316520999853,
    "total_cpu_memory (MB)": 71461.283356,
    "execution_time (seconds/batch)": 2.67639078011968,
    "num_batches": 10,
    "batch_size": 512,
    "device": "cpu",
    "throughput_bps": 31404203.236808915,
    "sample_persec": 191.30240763163326,
    "result_path": "result/8GB/run 3",
    "data_path": "63.pt"
}