{
    "total_cpu_time (seconds)": 25.894296204000018,
    "total_cpu_memory (MB)": 71461.283356,
    "execution_time (seconds/batch)": 2.592974703001762,
    "num_batches": 10,
    "batch_size": 512,
    "device": "cpu",
    "throughput_bps": 32414477.435009085,
    "sample_persec": 197.45661205536723,
    "result_path": "result/8GB/run 3",
    "data_path": "64.pt"
}