{
    "total_cpu_time (seconds)": 26.140437955999978,
    "total_cpu_memory (MB)": 71461.283356,
    "execution_time (seconds/batch)": 2.6176225764662604,
    "num_batches": 10,
    "batch_size": 512,
    "device": "cpu",
    "throughput_bps": 32109258.51406193,
    "sample_persec": 195.5973350028139,
    "result_path": "result/8GB/run 3",
    "data_path": "65.pt"
}