{
    "total_cpu_time (seconds)": 24.69720456400001,
    "total_cpu_memory (MB)": 71461.283356,
    "execution_time (seconds/batch)": 2.4731016500621954,
    "num_batches": 10,
    "batch_size": 512,
    "device": "cpu",
    "throughput_bps": 33985630.957743384,
    "sample_persec": 207.02747903108786,
    "result_path": "result/8GB/run 3",
    "data_path": "66.pt"
}