{
    "total_cpu_time (seconds)": 27.54119386200009,
    "total_cpu_memory (MB)": 71461.283356,
    "execution_time (seconds/batch)": 2.7578899388507816,
    "num_batches": 10,
    "batch_size": 512,
    "device": "cpu",
    "throughput_bps": 30476169.050830137,
    "sample_persec": 185.64917794121672,
    "result_path": "result/8GB/run 3",
    "data_path": "67.pt"
}