{
    "total_cpu_time (seconds)": 25.558356040999936,
    "total_cpu_memory (MB)": 71461.283356,
    "execution_time (seconds/batch)": 2.559334694502634,
    "num_batches": 10,
    "batch_size": 512,
    "device": "cpu",
    "throughput_bps": 32840534.761059757,
    "sample_persec": 200.05199050353164,
    "result_path": "result/8GB/run 3",
    "data_path": "68.pt"
}