{
    "total_cpu_time (seconds)": 25.249529129999768,
    "total_cpu_memory (MB)": 71461.283364,
    "execution_time (seconds/batch)": 2.528409723168371,
    "num_batches": 10,
    "batch_size": 512,
    "device": "cpu",
    "throughput_bps": 33242207.237945735,
    "sample_persec": 202.4988257672133,
    "result_path": "result/8GB/run 3",
    "data_path": "69.pt"
}