{
    "total_cpu_time (seconds)": 30.06210507699994,
    "total_cpu_memory (MB)": 71460.234732,
    "execution_time (seconds/batch)": 3.0103261880351986,
    "num_batches": 10,
    "batch_size": 512,
    "device": "cpu",
    "throughput_bps": 27920535.765879348,
    "sample_persec": 170.08123639059056,
    "result_path": "result/8GB/run 3",
    "data_path": "8.pt"
}