{
    "total_cpu_time (seconds)": 24.482690522999853,
    "total_cpu_memory (MB)": 71461.283356,
    "execution_time (seconds/batch)": 2.4516208777187414,
    "num_batches": 10,
    "batch_size": 512,
    "device": "cpu",
    "throughput_bps": 34283408.4845163,
    "sample_persec": 208.8414259534375,
    "result_path": "result/8GB/run 3",
    "data_path": "71.pt"
}