{
    "total_cpu_time (seconds)": 24.89026641399984,
    "total_cpu_memory (MB)": 71461.283356,
    "execution_time (seconds/batch)": 2.4924342663735417,
    "num_batches": 10,
    "batch_size": 512,
    "device": "cpu",
    "throughput_bps": 33722020.73047708,
    "sample_persec": 205.4216662431596,
    "result_path": "result/8GB/run 3",
    "data_path": "73.pt"
}