{
    "total_cpu_time (seconds)": 24.958588659999993,
    "total_cpu_memory (MB)": 71461.283356,
    "execution_time (seconds/batch)": 2.499275844693917,
    "num_batches": 10,
    "batch_size": 512,
    "device": "cpu",
    "throughput_bps": 33629709.25295903,
    "sample_persec": 204.85933999122213,
    "result_path": "result/8GB/run 3",
    "data_path": "74.pt"
}