{
    "total_cpu_time (seconds)": 24.80492145299988,
    "total_cpu_memory (MB)": 71461.283356,
    "execution_time (seconds/batch)": 2.4838880860426245,
    "num_batches": 10,
    "batch_size": 512,
    "device": "cpu",
    "throughput_bps": 33838046.27603406,
    "sample_persec": 206.1284495372445,
    "result_path": "result/8GB/run 3",
    "data_path": "75.pt"
}