{
    "total_cpu_time (seconds)": 26.700111165999996,
    "total_cpu_memory (MB)": 71461.283356,
    "execution_time (seconds/batch)": 2.673666520045374,
    "num_batches": 10,
    "batch_size": 512,
    "device": "cpu",
    "throughput_bps": 31436201.69899633,
    "sample_persec": 191.49733003774568,
    "result_path": "result/8GB/run 3",
    "data_path": "76.pt"
}