{
    "total_cpu_time (seconds)": 26.131149750999928,
    "total_cpu_memory (MB)": 71461.283356,
    "execution_time (seconds/batch)": 2.6166924843559483,
    "num_batches": 10,
    "batch_size": 512,
    "device": "cpu",
    "throughput_bps": 32120671.61215827,
    "sample_persec": 195.6668592358569,
    "result_path": "result/8GB/run 3",
    "data_path": "78.pt"
}