{
    "total_cpu_time (seconds)": 22.92578024000009,
    "total_cpu_memory (MB)": 71461.283356,
    "execution_time (seconds/batch)": 2.295716699174662,
    "num_batches": 10,
    "batch_size": 512,
    "device": "cpu",
    "throughput_bps": 36611625.48071239,
    "sample_persec": 223.02403436106476,
    "result_path": "result/8GB/run 3",
    "data_path": "79.pt"
}