{
    "total_cpu_time (seconds)": 25.16921208199998,
    "total_cpu_memory (MB)": 71461.283364,
    "execution_time (seconds/batch)": 2.5203670224885566,
    "num_batches": 10,
    "batch_size": 512,
    "device": "cpu",
    "throughput_bps": 33348285.88457363,
    "sample_persec": 203.14501635339687,
    "result_path": "result/8GB/run 3",
    "data_path": "80.pt"
}