{"total_cpu_time (seconds)": 26.724491350000037, "total_cpu_memory (MB)": 71466.748276, "execution_time (seconds/batch)": 0.6690269690592616, "num_batches": 40, "batch_size": 128, "device": "cpu", "throughput_bps": 31407523.122044336, "sample_persec": 191.32263110407123, "result_path": "result/1GB/Batches/128/run 3", "data_path": "data/1.pt"}