{"total_cpu_time (seconds)": 23.182517462999918, "total_cpu_memory (MB)": 71466.756964, "execution_time (seconds/batch)": 0.5803563925804791, "num_batches": 40, "batch_size": 128, "device": "cpu", "throughput_bps": 36206166.19138241, "sample_persec": 220.5541312827876, "result_path": "result/1GB/Batches/128/run 3", "data_path": "data/10.pt"}