{"total_cpu_time (seconds)": 22.43853928200014, "total_cpu_memory (MB)": 71466.756924, "execution_time (seconds/batch)": 0.561731474300023, "num_batches": 40, "batch_size": 128, "device": "cpu", "throughput_bps": 37406627.47478015, "sample_persec": 227.8668827654736, "result_path": "result/1GB/Batches/128/run 3", "data_path": "data/101.pt"}