{"total_cpu_time (seconds)": 24.99938519899992, "total_cpu_memory (MB)": 71466.756972, "execution_time (seconds/batch)": 0.6258402709704655, "num_batches": 40, "batch_size": 128, "device": "cpu", "throughput_bps": 33574828.873534754, "sample_persec": 204.52502968771174, "result_path": "result/1GB/Batches/128/run 3", "data_path": "data/106.pt"}