{
    "total_cpu_time (seconds)": 43.403418277999926,
    "total_cpu_memory (MB)": 71460.480308,
    "execution_time (seconds/batch)": 2.1731420064869904,
    "num_batches": 20,
    "batch_size": 256,
    "device": "cpu",
    "throughput_bps": 19338340.46489018,
    "sample_persec": 117.80178158437,
    "result_path": "result/Batches/256/run 2",
    "data_path": "10.pt"
}