{
    "total_cpu_time (seconds)": 54.004560883000366,
    "total_cpu_memory (MB)": 71460.480244,
    "execution_time (seconds/batch)": 2.7039248163598852,
    "num_batches": 20,
    "batch_size": 256,
    "device": "cpu",
    "throughput_bps": 15542207.292795744,
    "sample_persec": 94.677188674438,
    "result_path": "result/Batches/256/run 2",
    "data_path": "110.pt"
}