{
    "total_cpu_time (seconds)": 29.824090362000078,
    "total_cpu_memory (MB)": 71460.480324,
    "execution_time (seconds/batch)": 1.4932460654551183,
    "num_batches": 20,
    "batch_size": 256,
    "device": "cpu",
    "throughput_bps": 28143358.936084952,
    "sample_persec": 171.43859001026408,
    "result_path": "result/Batches/256/run 2",
    "data_path": "113.pt"
}