{
    "total_cpu_time (seconds)": 26.418474737000068,
    "total_cpu_memory (MB)": 71460.480244,
    "execution_time (seconds/batch)": 1.3227321597246269,
    "num_batches": 20,
    "batch_size": 256,
    "device": "cpu",
    "throughput_bps": 31771330.03914335,
    "sample_persec": 193.53880384468417,
    "result_path": "result/Batches/256/run 2",
    "data_path": "114.pt"
}