{
    "total_cpu_time (seconds)": 29.717414654000166,
    "total_cpu_memory (MB)": 71460.480316,
    "execution_time (seconds/batch)": 1.4879049777868263,
    "num_batches": 20,
    "batch_size": 256,
    "device": "cpu",
    "throughput_bps": 28244384.30370045,
    "sample_persec": 172.05399795139164,
    "result_path": "result/Batches/256/run 2",
    "data_path": "115.pt"
}