{
    "total_cpu_time (seconds)": 21.094701732999937,
    "total_cpu_memory (MB)": 71460.480308,
    "execution_time (seconds/batch)": 1.0561790814879686,
    "num_batches": 20,
    "batch_size": 256,
    "device": "cpu",
    "throughput_bps": 39789615.924597085,
    "sample_persec": 242.3831379422337,
    "result_path": "result/Batches/256/run 2",
    "data_path": "116.pt"
}