{
    "total_cpu_time (seconds)": 27.35515029999988,
    "total_cpu_memory (MB)": 71460.480308,
    "execution_time (seconds/batch)": 1.3696300560923078,
    "num_batches": 20,
    "batch_size": 256,
    "device": "cpu",
    "throughput_bps": 30683438.79653272,
    "sample_persec": 186.91178604125682,
    "result_path": "result/Batches/256/run 2",
    "data_path": "119.pt"
}