{
    "total_cpu_time (seconds)": 22.700653227000036,
    "total_cpu_memory (MB)": 71460.480308,
    "execution_time (seconds/batch)": 1.136586588326229,
    "num_batches": 20,
    "batch_size": 256,
    "device": "cpu",
    "throughput_bps": 36974710.44585103,
    "sample_persec": 225.23580924616851,
    "result_path": "result/Batches/256/run 2",
    "data_path": "122.pt"
}