{
    "total_cpu_time (seconds)": 21.923633875999705,
    "total_cpu_memory (MB)": 71460.480268,
    "execution_time (seconds/batch)": 1.0976824314993008,
    "num_batches": 20,
    "batch_size": 256,
    "device": "cpu",
    "throughput_bps": 38285171.37019221,
    "sample_persec": 233.21863651432878,
    "result_path": "result/Batches/256/run 2",
    "data_path": "124.pt"
}