{
    "total_cpu_time (seconds)": 22.367985318999985,
    "total_cpu_memory (MB)": 71460.480316,
    "execution_time (seconds/batch)": 1.1199304208222172,
    "num_batches": 20,
    "batch_size": 256,
    "device": "cpu",
    "throughput_bps": 37524616.90356319,
    "sample_persec": 228.5856292858381,
    "result_path": "result/Batches/256/run 2",
    "data_path": "102.pt"
}