{
    "total_cpu_time (seconds)": 24.053715525999916,
    "total_cpu_memory (MB)": 71460.480308,
    "execution_time (seconds/batch)": 1.204332324399761,
    "num_batches": 20,
    "batch_size": 256,
    "device": "cpu",
    "throughput_bps": 34894820.265615,
    "sample_persec": 212.56591292406796,
    "result_path": "result/Batches/256/run 2",
    "data_path": "19.pt"
}