{
    "total_cpu_time (seconds)": 28.15097697900001,
    "total_cpu_memory (MB)": 71460.480316,
    "execution_time (seconds/batch)": 1.4094758667365543,
    "num_batches": 20,
    "batch_size": 256,
    "device": "cpu",
    "throughput_bps": 29816019.551510986,
    "sample_persec": 181.6277994122258,
    "result_path": "result/Batches/256/run 2",
    "data_path": "2.pt"
}