{
    "total_cpu_time (seconds)": 22.819811650000126,
    "total_cpu_memory (MB)": 71460.480316,
    "execution_time (seconds/batch)": 1.1425526662233585,
    "num_batches": 20,
    "batch_size": 256,
    "device": "cpu",
    "throughput_bps": 36781639.25599252,
    "sample_persec": 224.05969332354115,
    "result_path": "result/Batches/256/run 2",
    "data_path": "25.pt"
}