{
    "total_cpu_time (seconds)": 23.119301384000092,
    "total_cpu_memory (MB)": 71460.480308,
    "execution_time (seconds/batch)": 1.1575476538830478,
    "num_batches": 20,
    "batch_size": 256,
    "device": "cpu",
    "throughput_bps": 36305166.235727146,
    "sample_persec": 221.15720172835736,
    "result_path": "result/Batches/256/run 2",
    "data_path": "36.pt"
}