{
    "total_cpu_time (seconds)": 20.247743482999763,
    "total_cpu_memory (MB)": 71460.480308,
    "execution_time (seconds/batch)": 1.0137731921861801,
    "num_batches": 20,
    "batch_size": 256,
    "device": "cpu",
    "throughput_bps": 41454006.00835979,
    "sample_persec": 252.52196642519368,
    "result_path": "result/Batches/256/run 2",
    "data_path": "41.pt"
}