{
    "total_cpu_time (seconds)": 21.324491369999894,
    "total_cpu_memory (MB)": 71460.480252,
    "execution_time (seconds/batch)": 1.067684293119494,
    "num_batches": 20,
    "batch_size": 256,
    "device": "cpu",
    "throughput_bps": 39360848.77413909,
    "sample_persec": 239.77125227911242,
    "result_path": "result/Batches/256/run 2",
    "data_path": "42.pt"
}