{
    "total_cpu_time (seconds)": 20.026333331000302,
    "total_cpu_memory (MB)": 71460.480308,
    "execution_time (seconds/batch)": 1.0026875284052568,
    "num_batches": 20,
    "batch_size": 256,
    "device": "cpu",
    "throughput_bps": 41912319.45094539,
    "sample_persec": 255.31383681131453,
    "result_path": "result/Batches/256/run 2",
    "data_path": "46.pt"
}