{
    "total_cpu_time (seconds)": 21.567520098000116,
    "total_cpu_memory (MB)": 71460.480316,
    "execution_time (seconds/batch)": 1.0798523655560395,
    "num_batches": 20,
    "batch_size": 256,
    "device": "cpu",
    "throughput_bps": 38917319.94156482,
    "sample_persec": 237.06944408847966,
    "result_path": "result/Batches/256/run 2",
    "data_path": "47.pt"
}