{
    "total_cpu_time (seconds)": 21.064827280000188,
    "total_cpu_memory (MB)": 71460.480308,
    "execution_time (seconds/batch)": 1.0546833138431544,
    "num_batches": 20,
    "batch_size": 256,
    "device": "cpu",
    "throughput_bps": 39846046.15281671,
    "sample_persec": 242.72688933246047,
    "result_path": "result/Batches/256/run 2",
    "data_path": "5.pt"
}