{
    "total_cpu_time (seconds)": 24.52327764899993,
    "total_cpu_memory (MB)": 71460.480332,
    "execution_time (seconds/batch)": 1.2278425734684104,
    "num_batches": 20,
    "batch_size": 256,
    "device": "cpu",
    "throughput_bps": 34226667.903596036,
    "sample_persec": 208.49578401313377,
    "result_path": "result/Batches/256/run 2",
    "data_path": "106.pt"
}