{
    "total_cpu_time (seconds)": 28.51185909999978,
    "total_cpu_memory (MB)": 71461.283316,
    "execution_time (seconds/batch)": 2.8550893524740637,
    "num_batches": 10,
    "batch_size": 512,
    "device": "cpu",
    "throughput_bps": 29438630.32768728,
    "sample_persec": 179.32888844838743,
    "result_path": "result/2GB/Batches/512/run 3",
    "data_path": "1.pt"
}