{
    "total_cpu_time (seconds)": 20.48078223799998,
    "total_cpu_memory (MB)": 71461.283364,
    "execution_time (seconds/batch)": 2.0508821642589457,
    "num_batches": 10,
    "batch_size": 512,
    "device": "cpu",
    "throughput_bps": 40982325.296280555,
    "sample_persec": 249.64866774050046,
    "result_path": "result/2GB/Batches/512/run 3",
    "data_path": "10.pt"
}