{
    "total_cpu_time (seconds)": 22.668525375999963,
    "total_cpu_memory (MB)": 71461.283356,
    "execution_time (seconds/batch)": 2.269955993059257,
    "num_batches": 10,
    "batch_size": 512,
    "device": "cpu",
    "throughput_bps": 37027114.295165055,
    "sample_persec": 225.555033474446,
    "result_path": "result/2GB/Batches/512/run 3",
    "data_path": "108.pt"
}