{
    "total_cpu_time (seconds)": 27.11537946800005,
    "total_cpu_memory (MB)": 71461.283356,
    "execution_time (seconds/batch)": 2.715250202936833,
    "num_batches": 10,
    "batch_size": 512,
    "device": "cpu",
    "throughput_bps": 30954760.599627633,
    "sample_persec": 188.5645748027999,
    "result_path": "result/2GB/Batches/512/run 3",
    "data_path": "11.pt"
}