{
    "total_cpu_time (seconds)": 17.944764711999934,
    "total_cpu_memory (MB)": 71461.283364,
    "execution_time (seconds/batch)": 1.7969332158310123,
    "num_batches": 10,
    "batch_size": 512,
    "device": "cpu",
    "throughput_bps": 46774092.247568674,
    "sample_persec": 284.92989916891247,
    "result_path": "result/2GB/Batches/512/run 3",
    "data_path": "110.pt"
}