{
    "total_cpu_time (seconds)": 21.483136308000315,
    "total_cpu_memory (MB)": 71461.283364,
    "execution_time (seconds/batch)": 2.1512547994711837,
    "num_batches": 10,
    "batch_size": 512,
    "device": "cpu",
    "throughput_bps": 39070183.606637836,
    "sample_persec": 238.0006311320531,
    "result_path": "result/2GB/Batches/512/run 3",
    "data_path": "111.pt"
}