{
    "total_cpu_time (seconds)": 21.31161351299996,
    "total_cpu_memory (MB)": 71461.28334,
    "execution_time (seconds/batch)": 2.134079037484056,
    "num_batches": 10,
    "batch_size": 512,
    "device": "cpu",
    "throughput_bps": 39384633.14793136,
    "sample_persec": 239.91613759704774,
    "result_path": "result/2GB/Batches/512/run 3",
    "data_path": "112.pt"
}