{
    "total_cpu_time (seconds)": 20.189347254000065,
    "total_cpu_memory (MB)": 71461.283356,
    "execution_time (seconds/batch)": 2.0216987666825803,
    "num_batches": 10,
    "batch_size": 512,
    "device": "cpu",
    "throughput_bps": 41573908.727222554,
    "sample_persec": 253.25236797772024,
    "result_path": "result/2GB/Batches/512/run 3",
    "data_path": "113.pt"
}