{
    "total_cpu_time (seconds)": 19.41138597399998,
    "total_cpu_memory (MB)": 71461.283308,
    "execution_time (seconds/batch)": 1.9437961311730863,
    "num_batches": 10,
    "batch_size": 512,
    "device": "cpu",
    "throughput_bps": 43240090.17822031,
    "sample_persec": 263.4021087854551,
    "result_path": "result/2GB/Batches/512/run 3",
    "data_path": "116.pt"
}