{
    "total_cpu_time (seconds)": 23.021001966999822,
    "total_cpu_memory (MB)": 71461.283356,
    "execution_time (seconds/batch)": 2.3052519082933522,
    "num_batches": 10,
    "batch_size": 512,
    "device": "cpu",
    "throughput_bps": 36460188.88331588,
    "sample_persec": 222.10154046854217,
    "result_path": "result/2GB/Batches/512/run 3",
    "data_path": "100.pt"
}