{
    "total_cpu_time (seconds)": 22.126479700000036,
    "total_cpu_memory (MB)": 71461.283356,
    "execution_time (seconds/batch)": 2.215677216194019,
    "num_batches": 10,
    "batch_size": 512,
    "device": "cpu",
    "throughput_bps": 37934189.77533957,
    "sample_persec": 231.08059073671768,
    "result_path": "result/2GB/Batches/512/run 3",
    "data_path": "102.pt"
}