{
    "total_cpu_time (seconds)": 20.59817155099986,
    "total_cpu_memory (MB)": 71461.283364,
    "execution_time (seconds/batch)": 2.062637166851541,
    "num_batches": 10,
    "batch_size": 512,
    "device": "cpu",
    "throughput_bps": 40748766.36121894,
    "sample_persec": 248.2259159430978,
    "result_path": "result/2GB/Batches/512/run 3",
    "data_path": "104.pt"
}