{
    "total_cpu_time (seconds)": 28.232785770000287,
    "total_cpu_memory (MB)": 71461.283356,
    "execution_time (seconds/batch)": 2.8271438126814292,
    "num_batches": 10,
    "batch_size": 512,
    "device": "cpu",
    "throughput_bps": 29729623.099817522,
    "sample_persec": 181.10150523767985,
    "result_path": "result/2GB/Batches/512/run 3",
    "data_path": "105.pt"
}