{
    "total_cpu_time (seconds)": 20.35353169600003,
    "total_cpu_memory (MB)": 71461.283364,
    "execution_time (seconds/batch)": 2.0381396887056553,
    "num_batches": 10,
    "batch_size": 512,
    "device": "cpu",
    "throughput_bps": 41238547.3212471,
    "sample_persec": 251.20947442280155,
    "result_path": "result/2GB/Batches/512/run 3",
    "data_path": "106.pt"
}