{
    "total_cpu_time (seconds)": 20.949470001999963,
    "total_cpu_memory (MB)": 71461.283356,
    "execution_time (seconds/batch)": 2.0978151067913124,
    "num_batches": 10,
    "batch_size": 512,
    "device": "cpu",
    "throughput_bps": 40065456.54471786,
    "sample_persec": 244.0634536106108,
    "result_path": "result/2GB/Batches/512/run 3",
    "data_path": "107.pt"
}