{
    "total_cpu_time (seconds)": 22.51006820600017,
    "total_cpu_memory (MB)": 71461.283364,
    "execution_time (seconds/batch)": 2.2540885823336763,
    "num_batches": 10,
    "batch_size": 512,
    "device": "cpu",
    "throughput_bps": 37287762.62775903,
    "sample_persec": 227.14280353167052,
    "result_path": "result/1GB/run 2",
    "data_path": "1.pt"
}