{
    "total_cpu_time (seconds)": 23.815673159999992,
    "total_cpu_memory (MB)": 71461.283364,
    "execution_time (seconds/batch)": 2.3848278227889685,
    "num_batches": 10,
    "batch_size": 512,
    "device": "cpu",
    "throughput_bps": 35243600.89933315,
    "sample_persec": 214.6905512873608,
    "result_path": "result/1GB/run 2",
    "data_path": "7.pt"
}