{"total_cpu_time (seconds)": 31.208043432000014, "total_cpu_memory (MB)": 71518.202868, "execution_time (seconds/batch)": 0.19531730683043233, "num_batches": 160, "batch_size": 32, "device": "cpu", "throughput_bps": 26895312.480222635, "sample_persec": 163.8359678376135, "result_path": "result/1GB/Batches/run 1/", "data_path": "data/100.pt"}