{"total_cpu_time (seconds)": 29.64355450199874, "total_cpu_memory (MB)": 71518.211756, "execution_time (seconds/batch)": 0.1855258642800625, "num_batches": 160, "batch_size": 32, "device": "cpu", "throughput_bps": 28314758.270416126, "sample_persec": 172.48268926910407, "result_path": "result/1GB/Batches/run 1/", "data_path": "data/106.pt"}