{
    "total_cpu_time (seconds)": 21.531810035999918,
    "total_cpu_memory (MB)": 71466.748196,
    "execution_time (seconds/batch)": 0.5390322089982377,
    "num_batches": 40,
    "batch_size": 128,
    "device": "cpu",
    "throughput_bps": 38981863.51248019,
    "sample_persec": 237.46261886257426,
    "result_path": "result/Batches/128/run 1",
    "data_path": "10.pt"
}