{
    "total_cpu_time (seconds)": 23.409042957000487,
    "total_cpu_memory (MB)": 71466.756916,
    "execution_time (seconds/batch)": 0.586027283101127,
    "num_batches": 40,
    "batch_size": 128,
    "device": "cpu",
    "throughput_bps": 35855805.02123825,
    "sample_persec": 218.41986489545718,
    "result_path": "result/Batches/128/run 1",
    "data_path": "114.pt"
}