{
    "total_cpu_time (seconds)": 24.837052841000084,
    "total_cpu_memory (MB)": 71466.756996,
    "execution_time (seconds/batch)": 0.6217764059550187,
    "num_batches": 40,
    "batch_size": 128,
    "device": "cpu",
    "throughput_bps": 33794270.41417861,
    "sample_persec": 205.8617837121017,
    "result_path": "result/Batches/128/run 1",
    "data_path": "100.pt"
}