{
    "total_cpu_time (seconds)": 22.99475056000032,
    "total_cpu_memory (MB)": 71466.756972,
    "execution_time (seconds/batch)": 0.575655793405054,
    "num_batches": 40,
    "batch_size": 128,
    "device": "cpu",
    "throughput_bps": 36501812.78591736,
    "sample_persec": 222.35509738010086,
    "result_path": "result/Batches/128/run 1",
    "data_path": "122.pt"
}