{
    "total_cpu_time (seconds)": 21.774144135000142,
    "total_cpu_memory (MB)": 71466.756972,
    "execution_time (seconds/batch)": 0.5450988557168038,
    "num_batches": 40,
    "batch_size": 128,
    "device": "cpu",
    "throughput_bps": 38548017.079156466,
    "sample_persec": 234.8197921488576,
    "result_path": "result/Batches/128/run 1",
    "data_path": "123.pt"
}