{
    "total_cpu_time (seconds)": 22.122868562000125,
    "total_cpu_memory (MB)": 71466.75698,
    "execution_time (seconds/batch)": 0.5538289020019589,
    "num_batches": 40,
    "batch_size": 128,
    "device": "cpu",
    "throughput_bps": 37940381.811142236,
    "sample_persec": 231.11831025305943,
    "result_path": "result/Batches/128/run 1",
    "data_path": "124.pt"
}