{
    "total_cpu_time (seconds)": 21.89374079899988,
    "total_cpu_memory (MB)": 71466.756844,
    "execution_time (seconds/batch)": 0.5480928656898073,
    "num_batches": 40,
    "batch_size": 128,
    "device": "cpu",
    "throughput_bps": 38337444.82981831,
    "sample_persec": 233.53706645844485,
    "result_path": "result/Batches/128/run 1",
    "data_path": "125.pt"
}