{
    "total_cpu_time (seconds)": 26.94106657000002,
    "total_cpu_memory (MB)": 71466.756956,
    "execution_time (seconds/batch)": 0.6744487621670258,
    "num_batches": 40,
    "batch_size": 128,
    "device": "cpu",
    "throughput_bps": 31155042.723314103,
    "sample_persec": 189.78461697925258,
    "result_path": "result/Batches/128/run 1",
    "data_path": "101.pt"
}