{
    "total_cpu_time (seconds)": 26.865334896999865,
    "total_cpu_memory (MB)": 71466.756972,
    "execution_time (seconds/batch)": 0.6725528783133157,
    "num_batches": 40,
    "batch_size": 128,
    "device": "cpu",
    "throughput_bps": 31242866.810260117,
    "sample_persec": 190.3196077623058,
    "result_path": "result/Batches/128/run 1",
    "data_path": "126.pt"
}