{
    "total_cpu_time (seconds)": 23.11380927699982,
    "total_cpu_memory (MB)": 71466.756868,
    "execution_time (seconds/batch)": 0.5786363362910184,
    "num_batches": 40,
    "batch_size": 128,
    "device": "cpu",
    "throughput_bps": 36313792.76090263,
    "sample_persec": 221.20975122382202,
    "result_path": "result/Batches/128/run 1",
    "data_path": "13.pt"
}