{
    "total_cpu_time (seconds)": 22.530420279999923,
    "total_cpu_memory (MB)": 71466.756972,
    "execution_time (seconds/batch)": 0.5640316440132975,
    "num_batches": 40,
    "batch_size": 128,
    "device": "cpu",
    "throughput_bps": 37254080.02020648,
    "sample_persec": 226.93762195544883,
    "result_path": "result/Batches/128/run 1",
    "data_path": "22.pt"
}