{
    "total_cpu_time (seconds)": 23.64240379300005,
    "total_cpu_memory (MB)": 71466.756972,
    "execution_time (seconds/batch)": 0.5918692911214564,
    "num_batches": 40,
    "batch_size": 128,
    "device": "cpu",
    "throughput_bps": 35501892.58879469,
    "sample_persec": 216.2639655750164,
    "result_path": "result/Batches/128/run 1",
    "data_path": "24.pt"
}