{
    "total_cpu_time (seconds)": 21.59655772099967,
    "total_cpu_memory (MB)": 71466.75698,
    "execution_time (seconds/batch)": 0.5406531172086755,
    "num_batches": 40,
    "batch_size": 128,
    "device": "cpu",
    "throughput_bps": 38864993.710726775,
    "sample_persec": 236.75069268230249,
    "result_path": "result/Batches/128/run 1",
    "data_path": "3.pt"
}