{
    "total_cpu_time (seconds)": 22.925538087000078,
    "total_cpu_memory (MB)": 71466.756988,
    "execution_time (seconds/batch)": 0.57392311268062,
    "num_batches": 40,
    "batch_size": 128,
    "device": "cpu",
    "throughput_bps": 36612012.194206834,
    "sample_persec": 223.02639007192272,
    "result_path": "result/Batches/128/run 1",
    "data_path": "32.pt"
}