{
    "total_cpu_time (seconds)": 23.31923152299987,
    "total_cpu_memory (MB)": 71466.748244,
    "execution_time (seconds/batch)": 0.5837789233217257,
    "num_batches": 40,
    "batch_size": 128,
    "device": "cpu",
    "throughput_bps": 35993899.67770357,
    "sample_persec": 219.26108478133267,
    "result_path": "result/Batches/128/run 1",
    "data_path": "35.pt"
}