{
    "total_cpu_time (seconds)": 21.967780233000397,
    "total_cpu_memory (MB)": 71466.739012,
    "execution_time (seconds/batch)": 0.5499463856491396,
    "num_batches": 40,
    "batch_size": 128,
    "device": "cpu",
    "throughput_bps": 38208233.653899774,
    "sample_persec": 232.74996134198204,
    "result_path": "result/Batches/128/run 1",
    "data_path": "37.pt"
}