{
    "total_cpu_time (seconds)": 26.29461298799993,
    "total_cpu_memory (MB)": 71466.756964,
    "execution_time (seconds/batch)": 0.6582652967854471,
    "num_batches": 40,
    "batch_size": 128,
    "device": "cpu",
    "throughput_bps": 31920990.06678874,
    "sample_persec": 194.45047555305032,
    "result_path": "result/Batches/128/run 1",
    "data_path": "42.pt"
}