{
    "total_cpu_time (seconds)": 23.06410016400003,
    "total_cpu_memory (MB)": 71466.756956,
    "execution_time (seconds/batch)": 0.5773919070979863,
    "num_batches": 40,
    "batch_size": 128,
    "device": "cpu",
    "throughput_bps": 36392058.395155296,
    "sample_persec": 221.68651556502982,
    "result_path": "result/Batches/128/run 1",
    "data_path": "45.pt"
}