{
    "total_cpu_time (seconds)": 23.173359256999834,
    "total_cpu_memory (MB)": 71466.756972,
    "execution_time (seconds/batch)": 0.5801271239773086,
    "num_batches": 40,
    "batch_size": 128,
    "device": "cpu",
    "throughput_bps": 36220475.015786186,
    "sample_persec": 220.6412951741361,
    "result_path": "result/Batches/128/run 1",
    "data_path": "46.pt"
}