{
    "total_cpu_time (seconds)": 22.197237490999992,
    "total_cpu_memory (MB)": 71466.73954,
    "execution_time (seconds/batch)": 0.5556906706137296,
    "num_batches": 40,
    "batch_size": 128,
    "device": "cpu",
    "throughput_bps": 37813267.544680715,
    "sample_persec": 230.34397870785037,
    "result_path": "result/Batches/128/run 1",
    "data_path": "47.pt"
}