{
    "total_cpu_time (seconds)": 25.59319537599968,
    "total_cpu_memory (MB)": 71466.75698,
    "execution_time (seconds/batch)": 0.6407058494285076,
    "num_batches": 40,
    "batch_size": 128,
    "device": "cpu",
    "throughput_bps": 32795829.816042054,
    "sample_persec": 199.77966505873573,
    "result_path": "result/Batches/128/run 1",
    "data_path": "51.pt"
}