{
    "total_cpu_time (seconds)": 24.526177849999804,
    "total_cpu_memory (MB)": 71466.748268,
    "execution_time (seconds/batch)": 0.6139938910228779,
    "num_batches": 40,
    "batch_size": 128,
    "device": "cpu",
    "throughput_bps": 34222620.6273721,
    "sample_persec": 208.4711295527053,
    "result_path": "result/Batches/128/run 1",
    "data_path": "106.pt"
}