{
    "total_cpu_time (seconds)": 30.903351737999813,
    "total_cpu_memory (MB)": 71466.75698,
    "execution_time (seconds/batch)": 0.773641506447091,
    "num_batches": 40,
    "batch_size": 128,
    "device": "cpu",
    "throughput_bps": 27160486.89851032,
    "sample_persec": 165.4513090796194,
    "result_path": "result/Batches/128/run 1",
    "data_path": "107.pt"
}