{
    "total_cpu_time (seconds)": 24.892921895000057,
    "total_cpu_memory (MB)": 71483.251356,
    "execution_time (seconds/batch)": 0.3115875222530811,
    "num_batches": 80,
    "batch_size": 64,
    "device": "cpu",
    "throughput_bps": 33718423.395229876,
    "sample_persec": 205.39975265125412,
    "result_path": "result/Batches/64/run 1",
    "data_path": "1.pt"
}