{
    "total_cpu_time (seconds)": 24.80928311299928,
    "total_cpu_memory (MB)": 71483.242684,
    "execution_time (seconds/batch)": 0.31054060614745826,
    "num_batches": 80,
    "batch_size": 64,
    "device": "cpu",
    "throughput_bps": 33832097.29104212,
    "sample_persec": 206.09221059358018,
    "result_path": "result/Batches/64/run 1",
    "data_path": "10.pt"
}