{
    "total_cpu_time (seconds)": 25.816460633000048,
    "total_cpu_memory (MB)": 71483.242892,
    "execution_time (seconds/batch)": 0.3231475612188545,
    "num_batches": 80,
    "batch_size": 64,
    "device": "cpu",
    "throughput_bps": 32512205.75631873,
    "sample_persec": 198.05193565008972,
    "result_path": "result/Batches/64/run 1",
    "data_path": "108.pt"
}