{
    "total_cpu_time (seconds)": 27.02273575300054,
    "total_cpu_memory (MB)": 71483.247196,
    "execution_time (seconds/batch)": 0.3382466434954106,
    "num_batches": 80,
    "batch_size": 64,
    "device": "cpu",
    "throughput_bps": 31060884.718409777,
    "sample_persec": 189.2110423879738,
    "result_path": "result/Batches/64/run 1",
    "data_path": "110.pt"
}