{
    "total_cpu_time (seconds)": 25.639197007000014,
    "total_cpu_memory (MB)": 71483.24274,
    "execution_time (seconds/batch)": 0.3209287323387445,
    "num_batches": 80,
    "batch_size": 64,
    "device": "cpu",
    "throughput_bps": 32736987.814822774,
    "sample_persec": 199.4212220688522,
    "result_path": "result/Batches/64/run 1",
    "data_path": "112.pt"
}