{
    "total_cpu_time (seconds)": 35.73529325900018,
    "total_cpu_memory (MB)": 71483.247228,
    "execution_time (seconds/batch)": 0.44730271241463165,
    "num_batches": 80,
    "batch_size": 64,
    "device": "cpu",
    "throughput_bps": 23487986.34214661,
    "sample_persec": 143.0798388288658,
    "result_path": "result/Batches/64/run 1",
    "data_path": "115.pt"
}