{
    "total_cpu_time (seconds)": 27.3811397629994,
    "total_cpu_memory (MB)": 71483.251684,
    "execution_time (seconds/batch)": 0.3427328270745084,
    "num_batches": 80,
    "batch_size": 64,
    "device": "cpu",
    "throughput_bps": 30654314.8775066,
    "sample_persec": 186.734374253817,
    "result_path": "result/Batches/64/run 1",
    "data_path": "116.pt"
}