{
    "total_cpu_time (seconds)": 35.36457073499937,
    "total_cpu_memory (MB)": 71483.251564,
    "execution_time (seconds/batch)": 0.44266233660081356,
    "num_batches": 80,
    "batch_size": 64,
    "device": "cpu",
    "throughput_bps": 23734208.06630399,
    "sample_persec": 144.57972749941513,
    "result_path": "result/Batches/64/run 1",
    "data_path": "118.pt"
}