{
    "total_cpu_time (seconds)": 27.62509729500039,
    "total_cpu_memory (MB)": 71483.24274,
    "execution_time (seconds/batch)": 0.34578647112850086,
    "num_batches": 80,
    "batch_size": 64,
    "device": "cpu",
    "throughput_bps": 30383606.292380594,
    "sample_persec": 185.0853209818506,
    "result_path": "result/Batches/64/run 1",
    "data_path": "123.pt"
}