{
    "total_cpu_time (seconds)": 25.49299123500022,
    "total_cpu_memory (MB)": 71483.242924,
    "execution_time (seconds/batch)": 0.31909865813417054,
    "num_batches": 80,
    "batch_size": 64,
    "device": "cpu",
    "throughput_bps": 32924738.892453976,
    "sample_persec": 200.56492990042628,
    "result_path": "result/Batches/64/run 1",
    "data_path": "101.pt"
}