{
    "total_cpu_time (seconds)": 1.8316542609999897,
    "total_cpu_memory (MB)": 3356.404272,
    "execution_time (seconds/batch)": 0.4884411362666639,
    "num_batches": 4,
    "batch_size": 64,
    "device": "cpu",
    "throughput_bps": 21509736.219809566,
    "sample_persec": 131.02909490624734,
    "result_path": "result/Batches/64/run 1",
    "data_path": "130.pt"
}