{
    "total_cpu_time (seconds)": 70.10165257899901,
    "total_cpu_memory (MB)": 71483.25166,
    "execution_time (seconds/batch)": 0.8774703236956652,
    "num_batches": 80,
    "batch_size": 64,
    "device": "cpu",
    "throughput_bps": 11973328.004701728,
    "sample_persec": 72.93693959979123,
    "result_path": "result/Batches/64/run 1",
    "data_path": "14.pt"
}