{
    "total_cpu_time (seconds)": 54.125248892000315,
    "total_cpu_memory (MB)": 71483.251692,
    "execution_time (seconds/batch)": 0.6774918695654254,
    "num_batches": 80,
    "batch_size": 64,
    "device": "cpu",
    "throughput_bps": 15507551.414217249,
    "sample_persec": 94.4660783029803,
    "result_path": "result/Batches/64/run 1",
    "data_path": "15.pt"
}