{
    "total_cpu_time (seconds)": 27.004266122999898,
    "total_cpu_memory (MB)": 71483.247292,
    "execution_time (seconds/batch)": 0.33801545704517766,
    "num_batches": 80,
    "batch_size": 64,
    "device": "cpu",
    "throughput_bps": 31082128.88204039,
    "sample_persec": 189.34045371613297,
    "result_path": "result/Batches/64/run 1",
    "data_path": "17.pt"
}