{
    "total_cpu_time (seconds)": 26.17254050400052,
    "total_cpu_memory (MB)": 71483.221172,
    "execution_time (seconds/batch)": 0.32760465328692223,
    "num_batches": 80,
    "batch_size": 64,
    "device": "cpu",
    "throughput_bps": 32069874.144304175,
    "sample_persec": 195.35742046968917,
    "result_path": "result/Batches/64/run 1",
    "data_path": "26.pt"
}