{
    "total_cpu_time (seconds)": 27.660611714000325,
    "total_cpu_memory (MB)": 71483.23102,
    "execution_time (seconds/batch)": 0.3462310091328028,
    "num_batches": 80,
    "batch_size": 64,
    "device": "cpu",
    "throughput_bps": 30344595.72617354,
    "sample_persec": 184.84768351713902,
    "result_path": "result/Batches/64/run 1",
    "data_path": "27.pt"
}