{
    "total_cpu_time (seconds)": 33.34847295700005,
    "total_cpu_memory (MB)": 71483.242668,
    "execution_time (seconds/batch)": 0.41742661240915374,
    "num_batches": 80,
    "batch_size": 64,
    "device": "cpu",
    "throughput_bps": 25169070.892159555,
    "sample_persec": 153.32036362182964,
    "result_path": "result/Batches/64/run 1",
    "data_path": "29.pt"
}