{
    "total_cpu_time (seconds)": 24.82556934599956,
    "total_cpu_memory (MB)": 71483.25162,
    "execution_time (seconds/batch)": 0.31074446277018813,
    "num_batches": 80,
    "batch_size": 64,
    "device": "cpu",
    "throughput_bps": 33809902.536444925,
    "sample_persec": 205.95700862844132,
    "result_path": "result/Batches/64/run 1",
    "data_path": "33.pt"
}