{
    "total_cpu_time (seconds)": 28.6089035080002,
    "total_cpu_memory (MB)": 71483.251116,
    "execution_time (seconds/batch)": 0.3581008849035816,
    "num_batches": 80,
    "batch_size": 64,
    "device": "cpu",
    "throughput_bps": 29338771.399095528,
    "sample_persec": 178.72058600813554,
    "result_path": "result/Batches/64/run 1",
    "data_path": "35.pt"
}