{
    "total_cpu_time (seconds)": 22.989342978999808,
    "total_cpu_memory (MB)": 71483.24282,
    "execution_time (seconds/batch)": 0.287760209398785,
    "num_batches": 80,
    "batch_size": 64,
    "device": "cpu",
    "throughput_bps": 36510398.786373556,
    "sample_persec": 222.4074000144588,
    "result_path": "result/Batches/64/run 1",
    "data_path": "36.pt"
}