{
    "total_cpu_time (seconds)": 26.935949420001123,
    "total_cpu_memory (MB)": 71483.251452,
    "execution_time (seconds/batch)": 0.3371603291375067,
    "num_batches": 80,
    "batch_size": 64,
    "device": "cpu",
    "throughput_bps": 31160961.394468084,
    "sample_persec": 189.82067126259798,
    "result_path": "result/Batches/64/run 1",
    "data_path": "41.pt"
}