{
    "total_cpu_time (seconds)": 25.0060039620004,
    "total_cpu_memory (MB)": 71483.225244,
    "execution_time (seconds/batch)": 0.31300298329122345,
    "num_batches": 80,
    "batch_size": 64,
    "device": "cpu",
    "throughput_bps": 33565942.05437592,
    "sample_persec": 204.47089458074998,
    "result_path": "result/Batches/64/run 1",
    "data_path": "42.pt"
}