{
    "total_cpu_time (seconds)": 27.97033000200072,
    "total_cpu_memory (MB)": 71483.24738,
    "execution_time (seconds/batch)": 0.3501077880164377,
    "num_batches": 80,
    "batch_size": 64,
    "device": "cpu",
    "throughput_bps": 30008586.954103198,
    "sample_persec": 182.800846455307,
    "result_path": "result/Batches/64/run 1",
    "data_path": "44.pt"
}