{
    "total_cpu_time (seconds)": 26.11307743399998,
    "total_cpu_memory (MB)": 71483.251492,
    "execution_time (seconds/batch)": 0.32686034730608227,
    "num_batches": 80,
    "batch_size": 64,
    "device": "cpu",
    "throughput_bps": 32142901.65996069,
    "sample_persec": 195.80227619371766,
    "result_path": "result/Batches/64/run 1",
    "data_path": "45.pt"
}