{
    "total_cpu_time (seconds)": 22.980931657999616,
    "total_cpu_memory (MB)": 71483.223252,
    "execution_time (seconds/batch)": 0.2876549239413212,
    "num_batches": 80,
    "batch_size": 64,
    "device": "cpu",
    "throughput_bps": 36523762.06896834,
    "sample_persec": 222.48880402636658,
    "result_path": "result/Batches/64/run 1",
    "data_path": "46.pt"
}