{
    "total_cpu_time (seconds)": 28.726062218000845,
    "total_cpu_memory (MB)": 71483.251564,
    "execution_time (seconds/batch)": 0.35956737374380093,
    "num_batches": 80,
    "batch_size": 64,
    "device": "cpu",
    "throughput_bps": 29219113.766105793,
    "sample_persec": 177.99167742510838,
    "result_path": "result/Batches/64/run 1",
    "data_path": "106.pt"
}