{
    "total_cpu_time (seconds)": 25.90540549100004,
    "total_cpu_memory (MB)": 71483.247308,
    "execution_time (seconds/batch)": 0.32426089407862363,
    "num_batches": 80,
    "batch_size": 64,
    "device": "cpu",
    "throughput_bps": 32400576.794352975,
    "sample_persec": 197.37193466345624,
    "result_path": "result/Batches/64/run 1",
    "data_path": "107.pt"
}