{"total_cpu_time (seconds)": 24.569758703000414, "total_cpu_memory (MB)": 71483.251612, "execution_time (seconds/batch)": 0.3075424519835765, "num_batches": 80, "batch_size": 64, "device": "cpu", "throughput_bps": 34161917.91486744, "sample_persec": 208.10135182058625, "result_path": "result/1GB/Batches/64/run 1", "data_path": "data/107.pt"}