{
    "total_cpu_time (seconds)": 58.03176224499952,
    "total_cpu_memory (MB)": 71466.75694,
    "execution_time (seconds/batch)": 1.452780279162906,
    "num_batches": 40,
    "batch_size": 128,
    "device": "cpu",
    "throughput_bps": 14463632.457970465,
    "sample_persec": 88.10692286775381,
    "result_path": "result/2GB/Batches/128/run 1",
    "data_path": "10.pt"
}