{
    "total_cpu_time (seconds)": 33.7353110679998,
    "total_cpu_memory (MB)": 71466.652884,
    "execution_time (seconds/batch)": 0.8445374177007579,
    "num_batches": 40,
    "batch_size": 128,
    "device": "cpu",
    "throughput_bps": 24880460.663550235,
    "sample_persec": 151.56226037737716,
    "result_path": "result/2GB/Batches/128/run 1",
    "data_path": "108.pt"
}