{
    "total_cpu_time (seconds)": 26.329726627000138,
    "total_cpu_memory (MB)": 71466.756972,
    "execution_time (seconds/batch)": 0.6591443395767685,
    "num_batches": 40,
    "batch_size": 128,
    "device": "cpu",
    "throughput_bps": 31878419.8518521,
    "sample_persec": 194.19115406829982,
    "result_path": "result/2GB/Batches/128/run 1",
    "data_path": "109.pt"
}