{
    "total_cpu_time (seconds)": 25.50253418199982,
    "total_cpu_memory (MB)": 71466.756972,
    "execution_time (seconds/batch)": 0.6384362165648302,
    "num_batches": 40,
    "batch_size": 128,
    "device": "cpu",
    "throughput_bps": 32912418.58593133,
    "sample_persec": 200.48987930026396,
    "result_path": "result/2GB/Batches/128/run 1",
    "data_path": "11.pt"
}