{
    "total_cpu_time (seconds)": 19.503300868000395,
    "total_cpu_memory (MB)": 71466.718844,
    "execution_time (seconds/batch)": 0.4882500510667026,
    "num_batches": 40,
    "batch_size": 128,
    "device": "cpu",
    "throughput_bps": 43036308.86283177,
    "sample_persec": 262.1607508700766,
    "result_path": "result/2GB/Batches/128/run 1",
    "data_path": "110.pt"
}