{
    "total_cpu_time (seconds)": 21.040891662000327,
    "total_cpu_memory (MB)": 71466.756868,
    "execution_time (seconds/batch)": 0.5267424472395935,
    "num_batches": 40,
    "batch_size": 128,
    "device": "cpu",
    "throughput_bps": 39891374.067376584,
    "sample_persec": 243.00300966969166,
    "result_path": "result/2GB/Batches/128/run 1",
    "data_path": "111.pt"
}