{
    "total_cpu_time (seconds)": 21.772773119999805,
    "total_cpu_memory (MB)": 71466.75698,
    "execution_time (seconds/batch)": 0.5450645334167759,
    "num_batches": 40,
    "batch_size": 128,
    "device": "cpu",
    "throughput_bps": 38550444.41853843,
    "sample_persec": 234.834578572968,
    "result_path": "result/2GB/Batches/128/run 1",
    "data_path": "112.pt"
}