{
    "total_cpu_time (seconds)": 30.453419470000114,
    "total_cpu_memory (MB)": 71466.757004,
    "execution_time (seconds/batch)": 0.7623778001486435,
    "num_batches": 40,
    "batch_size": 128,
    "device": "cpu",
    "throughput_bps": 27561767.92648359,
    "sample_persec": 167.89575978608426,
    "result_path": "result/2GB/Batches/128/run 1",
    "data_path": "113.pt"
}