{
    "total_cpu_time (seconds)": 21.144452365999904,
    "total_cpu_memory (MB)": 71466.756868,
    "execution_time (seconds/batch)": 0.5293350093581044,
    "num_batches": 40,
    "batch_size": 128,
    "device": "cpu",
    "throughput_bps": 39695995.217623495,
    "sample_persec": 241.81283636466554,
    "result_path": "result/2GB/Batches/128/run 1",
    "data_path": "114.pt"
}