{
    "total_cpu_time (seconds)": 25.52975949099995,
    "total_cpu_memory (MB)": 71466.756948,
    "execution_time (seconds/batch)": 0.6391177811163687,
    "num_batches": 40,
    "batch_size": 128,
    "device": "cpu",
    "throughput_bps": 32877320.30127027,
    "sample_persec": 200.2760739599797,
    "result_path": "result/2GB/Batches/128/run 1",
    "data_path": "115.pt"
}