{
    "total_cpu_time (seconds)": 20.061358169000293,
    "total_cpu_memory (MB)": 71466.739484,
    "execution_time (seconds/batch)": 0.5022205839295986,
    "num_batches": 40,
    "batch_size": 128,
    "device": "cpu",
    "throughput_bps": 41839145.33249305,
    "sample_persec": 254.86808803906587,
    "result_path": "result/2GB/Batches/128/run 1",
    "data_path": "116.pt"
}