{
    "total_cpu_time (seconds)": 34.553821261999936,
    "total_cpu_memory (MB)": 71466.748268,
    "execution_time (seconds/batch)": 0.8650281872747881,
    "num_batches": 40,
    "batch_size": 128,
    "device": "cpu",
    "throughput_bps": 24291092.832706843,
    "sample_persec": 147.97205672945202,
    "result_path": "result/2GB/Batches/128/run 1",
    "data_path": "100.pt"
}