{
    "total_cpu_time (seconds)": 28.121604429999866,
    "total_cpu_memory (MB)": 71466.756972,
    "execution_time (seconds/batch)": 0.7040026143242681,
    "num_batches": 40,
    "batch_size": 128,
    "device": "cpu",
    "throughput_bps": 29847161.888977755,
    "sample_persec": 181.8175066336364,
    "result_path": "result/2GB/Batches/128/run 1",
    "data_path": "101.pt"
}