{
    "total_cpu_time (seconds)": 25.27484972399967,
    "total_cpu_memory (MB)": 71466.756972,
    "execution_time (seconds/batch)": 0.6327363122769328,
    "num_batches": 40,
    "batch_size": 128,
    "device": "cpu",
    "throughput_bps": 33208904.866524182,
    "sample_persec": 202.29596044422627,
    "result_path": "result/2GB/Batches/128/run 1",
    "data_path": "102.pt"
}