{
    "total_cpu_time (seconds)": 22.634438885000204,
    "total_cpu_memory (MB)": 71466.756876,
    "execution_time (seconds/batch)": 0.5666356693291661,
    "num_batches": 40,
    "batch_size": 128,
    "device": "cpu",
    "throughput_bps": 37082875.53601497,
    "sample_persec": 225.89470964921398,
    "result_path": "result/2GB/Batches/128/run 1",
    "data_path": "103.pt"
}