{
    "total_cpu_time (seconds)": 23.164364897999917,
    "total_cpu_memory (MB)": 71466.756972,
    "execution_time (seconds/batch)": 0.5799019571570486,
    "num_batches": 40,
    "batch_size": 128,
    "device": "cpu",
    "throughput_bps": 36234538.85724586,
    "sample_persec": 220.72696672298892,
    "result_path": "result/2GB/Batches/128/run 1",
    "data_path": "104.pt"
}