{
    "total_cpu_time (seconds)": 23.479136318999863,
    "total_cpu_memory (MB)": 71466.756948,
    "execution_time (seconds/batch)": 0.5877820162002704,
    "num_batches": 40,
    "batch_size": 128,
    "device": "cpu",
    "throughput_bps": 35748763.012239866,
    "sample_persec": 217.76780587378087,
    "result_path": "result/2GB/Batches/128/run 1",
    "data_path": "105.pt"
}