{
    "total_cpu_time (seconds)": 30.39413733899984,
    "total_cpu_memory (MB)": 71466.739492,
    "execution_time (seconds/batch)": 0.7608937178548757,
    "num_batches": 40,
    "batch_size": 128,
    "device": "cpu",
    "throughput_bps": 27615525.67320274,
    "sample_persec": 168.22323144007515,
    "result_path": "result/2GB/Batches/128/run 1",
    "data_path": "106.pt"
}