{
    "total_cpu_time (seconds)": 24.65984198999992,
    "total_cpu_memory (MB)": 71466.748236,
    "execution_time (seconds/batch)": 0.6173400693760981,
    "num_batches": 40,
    "batch_size": 128,
    "device": "cpu",
    "throughput_bps": 34037123.203805365,
    "sample_persec": 207.3411501206467,
    "result_path": "result/2GB/Batches/128/run 1",
    "data_path": "107.pt"
}