{
    "total_cpu_time (seconds)": 39.40672583600056,
    "total_cpu_memory (MB)": 71483.24262,
    "execution_time (seconds/batch)": 0.4932584497367565,
    "num_batches": 80,
    "batch_size": 64,
    "device": "cpu",
    "throughput_bps": 21299665.531542335,
    "sample_persec": 129.74942453424913,
    "result_path": "result/2GB/Batches/64/run 2",
    "data_path": "10.pt"
}