{
    "total_cpu_time (seconds)": 33.00148238399951,
    "total_cpu_memory (MB)": 71483.069708,
    "execution_time (seconds/batch)": 0.4130832921134302,
    "num_batches": 80,
    "batch_size": 64,
    "device": "cpu",
    "throughput_bps": 25433708.40841234,
    "sample_persec": 154.93243426177108,
    "result_path": "result/2GB/Batches/64/run 2",
    "data_path": "108.pt"
}