{
    "total_cpu_time (seconds)": 25.685255724000136,
    "total_cpu_memory (MB)": 71483.2517,
    "execution_time (seconds/batch)": 0.32150525451515916,
    "num_batches": 80,
    "batch_size": 64,
    "device": "cpu",
    "throughput_bps": 32678283.954779424,
    "sample_persec": 199.06362058223334,
    "result_path": "result/2GB/Batches/64/run 2",
    "data_path": "109.pt"
}