{
    "total_cpu_time (seconds)": 23.562660593000224,
    "total_cpu_memory (MB)": 71483.247236,
    "execution_time (seconds/batch)": 0.29493649089614987,
    "num_batches": 80,
    "batch_size": 64,
    "device": "cpu",
    "throughput_bps": 35622041.77610343,
    "sample_persec": 216.9958685191486,
    "result_path": "result/2GB/Batches/64/run 2",
    "data_path": "112.pt"
}