{
    "total_cpu_time (seconds)": 23.812323395000437,
    "total_cpu_memory (MB)": 71483.247236,
    "execution_time (seconds/batch)": 0.2980615484607917,
    "num_batches": 80,
    "batch_size": 64,
    "device": "cpu",
    "throughput_bps": 35248558.74316856,
    "sample_persec": 214.7207525777812,
    "result_path": "result/2GB/Batches/64/run 2",
    "data_path": "114.pt"
}