{
    "total_cpu_time (seconds)": 37.19819719800005,
    "total_cpu_memory (MB)": 71482.283968,
    "execution_time (seconds/batch)": 0.4656140466794452,
    "num_batches": 80,
    "batch_size": 64,
    "device": "cpu",
    "throughput_bps": 22564267.712552674,
    "sample_persec": 137.45289785911717,
    "result_path": "result/2GB/Batches/64/run 2",
    "data_path": "115.pt"
}