{
    "total_cpu_time (seconds)": 27.501367465999845,
    "total_cpu_memory (MB)": 71483.251684,
    "execution_time (seconds/batch)": 0.3442377308476413,
    "num_batches": 80,
    "batch_size": 64,
    "device": "cpu",
    "throughput_bps": 30520303.437190715,
    "sample_persec": 185.9180277606647,
    "result_path": "result/2GB/Batches/64/run 2",
    "data_path": "101.pt"
}