{
    "total_cpu_time (seconds)": 21.380249668999802,
    "total_cpu_memory (MB)": 71483.224852,
    "execution_time (seconds/batch)": 0.26761900622256746,
    "num_batches": 80,
    "batch_size": 64,
    "device": "cpu",
    "throughput_bps": 39258198.24344764,
    "sample_persec": 239.14594446544615,
    "result_path": "result/2GB/Batches/64/run 2",
    "data_path": "102.pt"
}