{
    "total_cpu_time (seconds)": 25.840037242000005,
    "total_cpu_memory (MB)": 71483.251548,
    "execution_time (seconds/batch)": 0.32344267230354007,
    "num_batches": 80,
    "batch_size": 64,
    "device": "cpu",
    "throughput_bps": 32482541.419705585,
    "sample_persec": 197.8712318451851,
    "result_path": "result/2GB/Batches/64/run 2",
    "data_path": "103.pt"
}