{
    "total_cpu_time (seconds)": 48.91029757100023,
    "total_cpu_memory (MB)": 71483.251612,
    "execution_time (seconds/batch)": 0.6122157333354223,
    "num_batches": 80,
    "batch_size": 64,
    "device": "cpu",
    "throughput_bps": 17161009.47416164,
    "sample_persec": 104.53831307359674,
    "result_path": "result/2GB/Batches/64/run 2",
    "data_path": "104.pt"
}