{
    "total_cpu_time (seconds)": 30.01307011599968,
    "total_cpu_memory (MB)": 71483.251508,
    "execution_time (seconds/batch)": 0.37567699734480337,
    "num_batches": 80,
    "batch_size": 64,
    "device": "cpu",
    "throughput_bps": 27966151.971655525,
    "sample_persec": 170.35911288776512,
    "result_path": "result/2GB/Batches/64/run 2",
    "data_path": "106.pt"
}