{
    "total_cpu_time (seconds)": 21.672508758999978,
    "total_cpu_memory (MB)": 71461.283324,
    "execution_time (seconds/batch)": 2.170217970781926,
    "num_batches": 10,
    "batch_size": 512,
    "device": "cpu",
    "throughput_bps": 38728791.82256377,
    "sample_persec": 235.92100281776175,
    "result_path": "result/6GB/run 3",
    "data_path": "2.pt"
}