{
    "total_cpu_time (seconds)": 31.87801713199964,
    "total_cpu_memory (MB)": 71461.283356,
    "execution_time (seconds/batch)": 3.1921660026567213,
    "num_batches": 10,
    "batch_size": 512,
    "device": "cpu",
    "throughput_bps": 26330059.254452422,
    "sample_persec": 160.39266115041679,
    "result_path": "result/6GB/run 3",
    "data_path": "11.pt"
}