{
    "total_cpu_time (seconds)": 29.126774632000078,
    "total_cpu_memory (MB)": 71461.283356,
    "execution_time (seconds/batch)": 2.9166650912544574,
    "num_batches": 10,
    "batch_size": 512,
    "device": "cpu",
    "throughput_bps": 28817130.99389486,
    "sample_persec": 175.5429519608605,
    "result_path": "result/6GB/run 3",
    "data_path": "12.pt"
}