{
    "total_cpu_time (seconds)": 23.939835874000025,
    "total_cpu_memory (MB)": 71461.283364,
    "execution_time (seconds/batch)": 2.3972610928003153,
    "num_batches": 10,
    "batch_size": 512,
    "device": "cpu",
    "throughput_bps": 35060811.7957726,
    "sample_persec": 213.57706990602213,
    "result_path": "result/6GB/run 3",
    "data_path": "13.pt"
}