{
    "total_cpu_time (seconds)": 23.251575631000186,
    "total_cpu_memory (MB)": 71461.283356,
    "execution_time (seconds/batch)": 2.328340841594386,
    "num_batches": 10,
    "batch_size": 512,
    "device": "cpu",
    "throughput_bps": 36098632.338745065,
    "sample_persec": 219.89907613757958,
    "result_path": "result/6GB/run 3",
    "data_path": "14.pt"
}