{
    "total_cpu_time (seconds)": 34.60230137399999,
    "total_cpu_memory (MB)": 71461.283356,
    "execution_time (seconds/batch)": 3.464967397513788,
    "num_batches": 10,
    "batch_size": 512,
    "device": "cpu",
    "throughput_bps": 24257059.405611783,
    "sample_persec": 147.76473809461368,
    "result_path": "result/6GB/run 3",
    "data_path": "15.pt"
}