{
    "total_cpu_time (seconds)": 24.512871415999914,
    "total_cpu_memory (MB)": 71461.283356,
    "execution_time (seconds/batch)": 2.4546430989618533,
    "num_batches": 10,
    "batch_size": 512,
    "device": "cpu",
    "throughput_bps": 34241197.84890414,
    "sample_persec": 208.5842948885486,
    "result_path": "result/6GB/run 3",
    "data_path": "16.pt"
}