{
    "total_cpu_time (seconds)": 22.318161078000195,
    "total_cpu_memory (MB)": 71461.283364,
    "execution_time (seconds/batch)": 2.2348715963106005,
    "num_batches": 10,
    "batch_size": 512,
    "device": "cpu",
    "throughput_bps": 37608388.83931962,
    "sample_persec": 229.09593591203472,
    "result_path": "result/6GB/run 3",
    "data_path": "20.pt"
}