{
    "total_cpu_time (seconds)": 22.63893958999998,
    "total_cpu_memory (MB)": 71461.283356,
    "execution_time (seconds/batch)": 2.266993363989828,
    "num_batches": 10,
    "batch_size": 512,
    "device": "cpu",
    "throughput_bps": 37075503.32307772,
    "sample_persec": 225.84980094467423,
    "result_path": "result/6GB/run 3",
    "data_path": "21.pt"
}