{
    "total_cpu_time (seconds)": 21.31842325,
    "total_cpu_memory (MB)": 71461.283356,
    "execution_time (seconds/batch)": 2.1347609434774104,
    "num_batches": 10,
    "batch_size": 512,
    "device": "cpu",
    "throughput_bps": 39372052.5273838,
    "sample_persec": 239.83950126330288,
    "result_path": "result/6GB/run 3",
    "data_path": "22.pt"
}