{
    "total_cpu_time (seconds)": 22.89009031900005,
    "total_cpu_memory (MB)": 71461.283356,
    "execution_time (seconds/batch)": 2.292142820912972,
    "num_batches": 10,
    "batch_size": 512,
    "device": "cpu",
    "throughput_bps": 36668709.83480973,
    "sample_persec": 223.3717704362191,
    "result_path": "result/6GB/run 3",
    "data_path": "24.pt"
}