{
    "total_cpu_time (seconds)": 33.69676852699984,
    "total_cpu_memory (MB)": 71461.283356,
    "execution_time (seconds/batch)": 3.3742901400007663,
    "num_batches": 10,
    "batch_size": 512,
    "device": "cpu",
    "throughput_bps": 24908919.065264765,
    "sample_persec": 151.7356180876265,
    "result_path": "result/6GB/run 3",
    "data_path": "25.pt"
}