{
    "total_cpu_time (seconds)": 22.599702918999945,
    "total_cpu_memory (MB)": 71461.283356,
    "execution_time (seconds/batch)": 2.2630643251570453,
    "num_batches": 10,
    "batch_size": 512,
    "device": "cpu",
    "throughput_bps": 37139872.280991115,
    "sample_persec": 226.2419120430745,
    "result_path": "result/6GB/run 3",
    "data_path": "26.pt"
}