{
    "total_cpu_time (seconds)": 26.037079054999843,
    "total_cpu_memory (MB)": 71461.283324,
    "execution_time (seconds/batch)": 2.607272535920188,
    "num_batches": 10,
    "batch_size": 512,
    "device": "cpu",
    "throughput_bps": 32236722.03118427,
    "sample_persec": 196.3737940496118,
    "result_path": "result/6GB/run 3",
    "data_path": "27.pt"
}