{
    "total_cpu_time (seconds)": 21.073889657000024,
    "total_cpu_memory (MB)": 71461.283356,
    "execution_time (seconds/batch)": 2.110274106079408,
    "num_batches": 10,
    "batch_size": 512,
    "device": "cpu",
    "throughput_bps": 39828911.210095316,
    "sample_persec": 242.6225098080855,
    "result_path": "result/6GB/run 3",
    "data_path": "28.pt"
}