{
    "total_cpu_time (seconds)": 20.144250640000052,
    "total_cpu_memory (MB)": 71461.283364,
    "execution_time (seconds/batch)": 2.0171829312888767,
    "num_batches": 10,
    "batch_size": 512,
    "device": "cpu",
    "throughput_bps": 41666979.576461315,
    "sample_persec": 253.81932003204994,
    "result_path": "result/6GB/run 3",
    "data_path": "30.pt"
}