{
    "total_cpu_time (seconds)": 22.03524136900012,
    "total_cpu_memory (MB)": 71461.283356,
    "execution_time (seconds/batch)": 2.2065408920258283,
    "num_batches": 10,
    "batch_size": 512,
    "device": "cpu",
    "throughput_bps": 38091258.722530924,
    "sample_persec": 232.03739475225953,
    "result_path": "result/6GB/run 3",
    "data_path": "4.pt"
}