{
    "total_cpu_time (seconds)": 24.68414925300011,
    "total_cpu_memory (MB)": 71461.283364,
    "execution_time (seconds/batch)": 2.471794331612763,
    "num_batches": 10,
    "batch_size": 512,
    "device": "cpu",
    "throughput_bps": 34003605.77134273,
    "sample_persec": 207.136974727965,
    "result_path": "result/6GB/run 3",
    "data_path": "31.pt"
}