{
    "total_cpu_time (seconds)": 22.334421174999985,
    "total_cpu_memory (MB)": 71461.283356,
    "execution_time (seconds/batch)": 2.2364998321142173,
    "num_batches": 10,
    "batch_size": 512,
    "device": "cpu",
    "throughput_bps": 37581008.857284635,
    "sample_persec": 228.9291475224454,
    "result_path": "result/6GB/run 3",
    "data_path": "32.pt"
}