{
    "total_cpu_time (seconds)": 20.37211934699985,
    "total_cpu_memory (MB)": 71461.283364,
    "execution_time (seconds/batch)": 2.0400009985652106,
    "num_batches": 10,
    "batch_size": 512,
    "device": "cpu",
    "throughput_bps": 41200921.00891844,
    "sample_persec": 250.98026930384043,
    "result_path": "result/6GB/run 3",
    "data_path": "33.pt"
}