{
    "total_cpu_time (seconds)": 20.766714123999957,
    "total_cpu_memory (MB)": 71461.283356,
    "execution_time (seconds/batch)": 2.0795144986285896,
    "num_batches": 10,
    "batch_size": 512,
    "device": "cpu",
    "throughput_bps": 40418049.52811328,
    "sample_persec": 246.2113153515673,
    "result_path": "result/6GB/run 3",
    "data_path": "34.pt"
}