{
    "total_cpu_time (seconds)": 21.354793912000048,
    "total_cpu_memory (MB)": 71461.283364,
    "execution_time (seconds/batch)": 2.138402989036578,
    "num_batches": 10,
    "batch_size": 512,
    "device": "cpu",
    "throughput_bps": 39304995.56487586,
    "sample_persec": 239.43101586790854,
    "result_path": "result/6GB/run 3",
    "data_path": "35.pt"
}