{
    "total_cpu_time (seconds)": 20.83547650100003,
    "total_cpu_memory (MB)": 71461.283356,
    "execution_time (seconds/batch)": 2.086400150305499,
    "num_batches": 10,
    "batch_size": 512,
    "device": "cpu",
    "throughput_bps": 40284659.67455623,
    "sample_persec": 245.39875532746245,
    "result_path": "result/6GB/run 3",
    "data_path": "36.pt"
}