{
    "total_cpu_time (seconds)": 22.45289914800006,
    "total_cpu_memory (MB)": 71461.283356,
    "execution_time (seconds/batch)": 2.248363849750837,
    "num_batches": 10,
    "batch_size": 512,
    "device": "cpu",
    "throughput_bps": 37382703.87567136,
    "sample_persec": 227.7211493401033,
    "result_path": "result/6GB/run 3",
    "data_path": "37.pt"
}