{
    "total_cpu_time (seconds)": 21.264882284000027,
    "total_cpu_memory (MB)": 71461.283364,
    "execution_time (seconds/batch)": 2.12939951680188,
    "num_batches": 10,
    "batch_size": 512,
    "device": "cpu",
    "throughput_bps": 39471183.93556958,
    "sample_persec": 240.4433719272026,
    "result_path": "result/6GB/run 3",
    "data_path": "39.pt"
}