{
    "total_cpu_time (seconds)": 31.084836082999857,
    "total_cpu_memory (MB)": 71460.234636,
    "execution_time (seconds/batch)": 3.112739306570688,
    "num_batches": 10,
    "batch_size": 512,
    "device": "cpu",
    "throughput_bps": 27001914.301843025,
    "sample_persec": 164.48534540596387,
    "result_path": "result/6GB/run 3",
    "data_path": "40.pt"
}