{
    "total_cpu_time (seconds)": 21.80111460200005,
    "total_cpu_memory (MB)": 71461.283356,
    "execution_time (seconds/batch)": 2.1830961619839675,
    "num_batches": 10,
    "batch_size": 512,
    "device": "cpu",
    "throughput_bps": 38500328.78240993,
    "sample_persec": 234.5292932651677,
    "result_path": "result/6GB/run 3",
    "data_path": "41.pt"
}