{
    "total_cpu_time (seconds)": 38.76109711099995,
    "total_cpu_memory (MB)": 71461.283356,
    "execution_time (seconds/batch)": 3.8814163349954964,
    "num_batches": 10,
    "batch_size": 512,
    "device": "cpu",
    "throughput_bps": 21654445.889298685,
    "sample_persec": 131.91061092409043,
    "result_path": "result/6GB/run 3",
    "data_path": "43.pt"
}