{
    "total_cpu_time (seconds)": 26.662034007999985,
    "total_cpu_memory (MB)": 71461.283356,
    "execution_time (seconds/batch)": 2.669853591256795,
    "num_batches": 10,
    "batch_size": 512,
    "device": "cpu",
    "throughput_bps": 31481097.044139683,
    "sample_persec": 191.77081532736162,
    "result_path": "result/6GB/run 3",
    "data_path": "44.pt"
}