{
    "total_cpu_time (seconds)": 25.162796318999963,
    "total_cpu_memory (MB)": 71461.283356,
    "execution_time (seconds/batch)": 2.5197245678325797,
    "num_batches": 10,
    "batch_size": 512,
    "device": "cpu",
    "throughput_bps": 33356788.703416966,
    "sample_persec": 203.19681227715014,
    "result_path": "result/6GB/run 3",
    "data_path": "45.pt"
}