{
    "total_cpu_time (seconds)": 26.66537060600015,
    "total_cpu_memory (MB)": 71461.283356,
    "execution_time (seconds/batch)": 2.6701877078568503,
    "num_batches": 10,
    "batch_size": 512,
    "device": "cpu",
    "throughput_bps": 31477157.861482427,
    "sample_persec": 191.74681933164246,
    "result_path": "result/6GB/run 3",
    "data_path": "47.pt"
}