{
    "total_cpu_time (seconds)": 21.453476198999855,
    "total_cpu_memory (MB)": 71461.283292,
    "execution_time (seconds/batch)": 2.1482847279264474,
    "num_batches": 10,
    "batch_size": 512,
    "device": "cpu",
    "throughput_bps": 39124199.37050248,
    "sample_persec": 238.3296745279147,
    "result_path": "result/6GB/run 3",
    "data_path": "48.pt"
}