{
    "total_cpu_time (seconds)": 32.194229997999884,
    "total_cpu_memory (MB)": 71461.283236,
    "execution_time (seconds/batch)": 3.2238305806720007,
    "num_batches": 10,
    "batch_size": 512,
    "device": "cpu",
    "throughput_bps": 26071444.480956554,
    "sample_persec": 158.8172787582636,
    "result_path": "result/6GB/run 3",
    "data_path": "49.pt"
}