{
    "total_cpu_time (seconds)": 24.610655448000003,
    "total_cpu_memory (MB)": 71461.28334,
    "execution_time (seconds/batch)": 2.464434889375318,
    "num_batches": 10,
    "batch_size": 512,
    "device": "cpu",
    "throughput_bps": 34105149.3640008,
    "sample_persec": 207.75553949805553,
    "result_path": "result/6GB/run 3",
    "data_path": "6.pt"
}