{
    "total_cpu_time (seconds)": 21.855264724999984,
    "total_cpu_memory (MB)": 71461.283364,
    "execution_time (seconds/batch)": 2.188518587756697,
    "num_batches": 10,
    "batch_size": 512,
    "device": "cpu",
    "throughput_bps": 38404937.69173508,
    "sample_persec": 233.94820718649538,
    "result_path": "result/6GB/run 3",
    "data_path": "51.pt"
}