{
    "total_cpu_time (seconds)": 22.45069296700015,
    "total_cpu_memory (MB)": 71461.283292,
    "execution_time (seconds/batch)": 2.2481429296115936,
    "num_batches": 10,
    "batch_size": 512,
    "device": "cpu",
    "throughput_bps": 37386377.39306064,
    "sample_persec": 227.74352700451172,
    "result_path": "result/6GB/run 3",
    "data_path": "52.pt"
}