{
    "total_cpu_time (seconds)": 22.27712381100006,
    "total_cpu_memory (MB)": 71461.28334,
    "execution_time (seconds/batch)": 2.2307622513655447,
    "num_batches": 10,
    "batch_size": 512,
    "device": "cpu",
    "throughput_bps": 37677668.2268805,
    "sample_persec": 229.51795947173795,
    "result_path": "result/6GB/run 3",
    "data_path": "53.pt"
}