{
    "total_cpu_time (seconds)": 21.541180834000162,
    "total_cpu_memory (MB)": 71461.283364,
    "execution_time (seconds/batch)": 2.1570671987107537,
    "num_batches": 10,
    "batch_size": 512,
    "device": "cpu",
    "throughput_bps": 38964905.70633838,
    "sample_persec": 237.35931838656424,
    "result_path": "result/6GB/run 3",
    "data_path": "54.pt"
}