{
    "total_cpu_time (seconds)": 22.841312321000032,
    "total_cpu_memory (MB)": 71461.283356,
    "execution_time (seconds/batch)": 2.2872583431159823,
    "num_batches": 10,
    "batch_size": 512,
    "device": "cpu",
    "throughput_bps": 36747016.46753945,
    "sample_persec": 223.84878452448498,
    "result_path": "result/6GB/run 3",
    "data_path": "55.pt"
}