{
    "total_cpu_time (seconds)": 20.581122603000026,
    "total_cpu_memory (MB)": 71461.283364,
    "execution_time (seconds/batch)": 2.060929937949543,
    "num_batches": 10,
    "batch_size": 512,
    "device": "cpu",
    "throughput_bps": 40782521.74046382,
    "sample_persec": 248.4315408166656,
    "result_path": "result/6GB/run 3",
    "data_path": "56.pt"
}