{
    "total_cpu_time (seconds)": 26.01374229899988,
    "total_cpu_memory (MB)": 71461.283356,
    "execution_time (seconds/batch)": 2.6049356653799998,
    "num_batches": 10,
    "batch_size": 512,
    "device": "cpu",
    "throughput_bps": 32265641.381104536,
    "sample_persec": 196.5499596802177,
    "result_path": "result/6GB/run 3",
    "data_path": "57.pt"
}