{
    "total_cpu_time (seconds)": 22.155501520000026,
    "total_cpu_memory (MB)": 71461.283356,
    "execution_time (seconds/batch)": 2.2185833714531613,
    "num_batches": 10,
    "batch_size": 512,
    "device": "cpu",
    "throughput_bps": 37884499.21760105,
    "sample_persec": 230.77789484406102,
    "result_path": "result/6GB/run 3",
    "data_path": "58.pt"
}