{
    "total_cpu_time (seconds)": 22.99196808100012,
    "total_cpu_memory (MB)": 71461.283356,
    "execution_time (seconds/batch)": 2.3023445447823314,
    "num_batches": 10,
    "batch_size": 512,
    "device": "cpu",
    "throughput_bps": 36506230.22104897,
    "sample_persec": 222.3820067071697,
    "result_path": "result/6GB/run 3",
    "data_path": "59.pt"
}