{
    "total_cpu_time (seconds)": 20.638653388000012,
    "total_cpu_memory (MB)": 71461.283364,
    "execution_time (seconds/batch)": 2.0666908927549397,
    "num_batches": 10,
    "batch_size": 512,
    "device": "cpu",
    "throughput_bps": 40668839.39666459,
    "sample_persec": 247.73903141243048,
    "result_path": "result/6GB/run 3",
    "data_path": "60.pt"
}