{
    "total_cpu_time (seconds)": 84.93428704899931,
    "total_cpu_memory (MB)": 71461.213524,
    "execution_time (seconds/batch)": 8.505056712123537,
    "num_batches": 10,
    "batch_size": 512,
    "device": "cpu",
    "throughput_bps": 9882346.802013796,
    "sample_persec": 60.19948100641932,
    "result_path": "result/6GB/run 3",
    "data_path": "7.pt"
}