{
    "total_cpu_time (seconds)": 115.49360272799885,
    "total_cpu_memory (MB)": 71483.045228,
    "execution_time (seconds/batch)": 1.4456465039295767,
    "num_batches": 80,
    "batch_size": 64,
    "device": "cpu",
    "throughput_bps": 7267502.789542111,
    "sample_persec": 44.27085032615808,
    "result_path": "result/Batches/64/run 3",
    "data_path": "1.pt"
}