{
    "total_cpu_time (seconds)": 26.02498176599935,
    "total_cpu_memory (MB)": 71483.251628,
    "execution_time (seconds/batch)": 0.3257576438536981,
    "num_batches": 80,
    "batch_size": 64,
    "device": "cpu",
    "throughput_bps": 32251706.746499203,
    "sample_persec": 196.46507521015596,
    "result_path": "result/Batches/64/run 3",
    "data_path": "11.pt"
}