{
    "total_cpu_time (seconds)": 28.556983680999068,
    "total_cpu_memory (MB)": 71483.251676,
    "execution_time (seconds/batch)": 0.35745099854956786,
    "num_batches": 80,
    "batch_size": 64,
    "device": "cpu",
    "throughput_bps": 29392112.604612283,
    "sample_persec": 179.0455202522678,
    "result_path": "result/Batches/64/run 3",
    "data_path": "110.pt"
}