{
    "total_cpu_time (seconds)": 30.654601771999072,
    "total_cpu_memory (MB)": 71483.246908,
    "execution_time (seconds/batch)": 0.3837071217304793,
    "num_batches": 80,
    "batch_size": 64,
    "device": "cpu",
    "throughput_bps": 27380883.504632253,
    "sample_persec": 166.7938809980035,
    "result_path": "result/Batches/64/run 3",
    "data_path": "112.pt"
}