{
    "total_cpu_time (seconds)": 25.23800722300044,
    "total_cpu_memory (MB)": 71483.251596,
    "execution_time (seconds/batch)": 0.3159069943813863,
    "num_batches": 80,
    "batch_size": 64,
    "device": "cpu",
    "throughput_bps": 33257383.302238915,
    "sample_persec": 202.591272552625,
    "result_path": "result/Batches/64/run 3",
    "data_path": "117.pt"
}