{
    "total_cpu_time (seconds)": 29.248114230000418,
    "total_cpu_memory (MB)": 71483.25166,
    "execution_time (seconds/batch)": 0.36610195789556554,
    "num_batches": 80,
    "batch_size": 64,
    "device": "cpu",
    "throughput_bps": 28697579.385786884,
    "sample_persec": 174.8146892409045,
    "result_path": "result/Batches/64/run 3",
    "data_path": "118.pt"
}