{
    "total_cpu_time (seconds)": 27.278620610999436,
    "total_cpu_memory (MB)": 71483.251644,
    "execution_time (seconds/batch)": 0.3414495832395783,
    "num_batches": 80,
    "batch_size": 64,
    "device": "cpu",
    "throughput_bps": 30769520.642900568,
    "sample_persec": 187.4361637603592,
    "result_path": "result/Batches/64/run 3",
    "data_path": "122.pt"
}