{
    "total_cpu_time (seconds)": 24.84933629899969,
    "total_cpu_memory (MB)": 71483.247308,
    "execution_time (seconds/batch)": 0.31104195641227855,
    "num_batches": 80,
    "batch_size": 64,
    "device": "cpu",
    "throughput_bps": 33777565.32007609,
    "sample_persec": 205.76002266128225,
    "result_path": "result/Batches/64/run 3",
    "data_path": "128.pt"
}