{
    "total_cpu_time (seconds)": 25.727614951999527,
    "total_cpu_memory (MB)": 71483.251692,
    "execution_time (seconds/batch)": 0.32203546976881864,
    "num_batches": 80,
    "batch_size": 64,
    "device": "cpu",
    "throughput_bps": 32624480.79878335,
    "sample_persec": 198.73587231227674,
    "result_path": "result/Batches/64/run 3",
    "data_path": "13.pt"
}