{
    "total_cpu_time (seconds)": 30.213093481998474,
    "total_cpu_memory (MB)": 71483.251676,
    "execution_time (seconds/batch)": 0.378180712467808,
    "num_batches": 80,
    "batch_size": 64,
    "device": "cpu",
    "throughput_bps": 27781004.301995773,
    "sample_persec": 169.23126402287872,
    "result_path": "result/Batches/64/run 3",
    "data_path": "14.pt"
}