{
    "total_cpu_time (seconds)": 32.2085330290005,
    "total_cpu_memory (MB)": 71483.247292,
    "execution_time (seconds/batch)": 0.4031578552427209,
    "num_batches": 80,
    "batch_size": 64,
    "device": "cpu",
    "throughput_bps": 26059866.782639585,
    "sample_persec": 158.7467518435647,
    "result_path": "result/Batches/64/run 3",
    "data_path": "16.pt"
}