{
    "total_cpu_time (seconds)": 29.626071310000263,
    "total_cpu_memory (MB)": 71483.216692,
    "execution_time (seconds/batch)": 0.3708328894660702,
    "num_batches": 80,
    "batch_size": 64,
    "device": "cpu",
    "throughput_bps": 28331467.619085822,
    "sample_persec": 172.58447623712124,
    "result_path": "result/Batches/64/run 3",
    "data_path": "102.pt"
}