{
    "total_cpu_time (seconds)": 26.535460953000563,
    "total_cpu_memory (MB)": 71483.25154,
    "execution_time (seconds/batch)": 0.3321473696444428,
    "num_batches": 80,
    "batch_size": 64,
    "device": "cpu",
    "throughput_bps": 31631260.579443164,
    "sample_persec": 192.68555421200756,
    "result_path": "result/Batches/64/run 3",
    "data_path": "18.pt"
}