{
    "total_cpu_time (seconds)": 30.32100037500096,
    "total_cpu_memory (MB)": 71483.27722,
    "execution_time (seconds/batch)": 0.37953139526697854,
    "num_batches": 80,
    "batch_size": 64,
    "device": "cpu",
    "throughput_bps": 27682136.790316023,
    "sample_persec": 168.62900091566777,
    "result_path": "result/Batches/64/run 3",
    "data_path": "22.pt"
}