{
    "total_cpu_time (seconds)": 24.073597227999386,
    "total_cpu_memory (MB)": 71483.251492,
    "execution_time (seconds/batch)": 0.3013319426152867,
    "num_batches": 80,
    "batch_size": 64,
    "device": "cpu",
    "throughput_bps": 34866001.62204979,
    "sample_persec": 212.3903607581006,
    "result_path": "result/Batches/64/run 3",
    "data_path": "23.pt"
}