{
    "total_cpu_time (seconds)": 21.291664294000615,
    "total_cpu_memory (MB)": 71483.251596,
    "execution_time (seconds/batch)": 0.2665101730522275,
    "num_batches": 80,
    "batch_size": 64,
    "device": "cpu",
    "throughput_bps": 39421534.56911797,
    "sample_persec": 240.140926956128,
    "result_path": "result/Batches/64/run 3",
    "data_path": "25.pt"
}