{
    "total_cpu_time (seconds)": 37.44767381599916,
    "total_cpu_memory (MB)": 71483.251604,
    "execution_time (seconds/batch)": 0.46873677375786155,
    "num_batches": 80,
    "batch_size": 64,
    "device": "cpu",
    "throughput_bps": 22413944.431480166,
    "sample_persec": 136.53718586427976,
    "result_path": "result/Batches/64/run 3",
    "data_path": "103.pt"
}