{
    "total_cpu_time (seconds)": 23.586539244000114,
    "total_cpu_memory (MB)": 71483.251676,
    "execution_time (seconds/batch)": 0.2952353826747521,
    "num_batches": 80,
    "batch_size": 64,
    "device": "cpu",
    "throughput_bps": 35585978.56671626,
    "sample_persec": 216.77618522609808,
    "result_path": "result/Batches/64/run 3",
    "data_path": "3.pt"
}