{
    "total_cpu_time (seconds)": 31.39946843700019,
    "total_cpu_memory (MB)": 71483.242972,
    "execution_time (seconds/batch)": 0.3930307021255647,
    "num_batches": 80,
    "batch_size": 64,
    "device": "cpu",
    "throughput_bps": 26731346.79601566,
    "sample_persec": 162.83715153518312,
    "result_path": "result/Batches/64/run 3",
    "data_path": "30.pt"
}