{
    "total_cpu_time (seconds)": 34.71699247800053,
    "total_cpu_memory (MB)": 71483.251548,
    "execution_time (seconds/batch)": 0.4345565262257058,
    "num_batches": 80,
    "batch_size": 64,
    "device": "cpu",
    "throughput_bps": 24176923.75086579,
    "sample_persec": 147.27658230303237,
    "result_path": "result/Batches/64/run 3",
    "data_path": "33.pt"
}