{
    "total_cpu_time (seconds)": 23.585053247000133,
    "total_cpu_memory (MB)": 71483.247292,
    "execution_time (seconds/batch)": 0.29521678228202786,
    "num_batches": 80,
    "batch_size": 64,
    "device": "cpu",
    "throughput_bps": 35588220.692559175,
    "sample_persec": 216.78984340009242,
    "result_path": "result/Batches/64/run 3",
    "data_path": "35.pt"
}