{
    "total_cpu_time (seconds)": 25.963769806000155,
    "total_cpu_memory (MB)": 71483.247244,
    "execution_time (seconds/batch)": 0.32499144681869935,
    "num_batches": 80,
    "batch_size": 64,
    "device": "cpu",
    "throughput_bps": 32327743.092454493,
    "sample_persec": 196.928259578792,
    "result_path": "result/Batches/64/run 3",
    "data_path": "39.pt"
}