{
    "total_cpu_time (seconds)": 23.16139040599921,
    "total_cpu_memory (MB)": 71483.251276,
    "execution_time (seconds/batch)": 0.2899137465253177,
    "num_batches": 80,
    "batch_size": 64,
    "device": "cpu",
    "throughput_bps": 36239192.26293916,
    "sample_persec": 220.75531349256315,
    "result_path": "result/Batches/64/run 3",
    "data_path": "40.pt"
}