{
    "total_cpu_time (seconds)": 25.45175041399971,
    "total_cpu_memory (MB)": 71483.2517,
    "execution_time (seconds/batch)": 0.3185824421075653,
    "num_batches": 80,
    "batch_size": 64,
    "device": "cpu",
    "throughput_bps": 32978088.593007587,
    "sample_persec": 200.88991589307741,
    "result_path": "result/Batches/64/run 3",
    "data_path": "44.pt"
}