{
    "total_cpu_time (seconds)": 24.645613203999854,
    "total_cpu_memory (MB)": 71483.24714,
    "execution_time (seconds/batch)": 0.3084919313624077,
    "num_batches": 80,
    "batch_size": 64,
    "device": "cpu",
    "throughput_bps": 34056774.0413851,
    "sample_persec": 207.46085551526008,
    "result_path": "result/Batches/64/run 3",
    "data_path": "46.pt"
}