{
    "total_cpu_time (seconds)": 26.51723285900015,
    "total_cpu_memory (MB)": 71483.217876,
    "execution_time (seconds/batch)": 0.3319192065276764,
    "num_batches": 80,
    "batch_size": 64,
    "device": "cpu",
    "throughput_bps": 31653004.084667087,
    "sample_persec": 192.81800733837161,
    "result_path": "result/Batches/64/run 3",
    "data_path": "48.pt"
}