{
    "total_cpu_time (seconds)": 33.75424225400017,
    "total_cpu_memory (MB)": 71479.658948,
    "execution_time (seconds/batch)": 0.42250567264932737,
    "num_batches": 80,
    "batch_size": 64,
    "device": "cpu",
    "throughput_bps": 24866506.369300283,
    "sample_persec": 151.47725614827172,
    "result_path": "result/Batches/64/run 3",
    "data_path": "53.pt"
}