{
    "total_cpu_time (seconds)": 24.260738822000157,
    "total_cpu_memory (MB)": 71461.283364,
    "execution_time (seconds/batch)": 2.4293953211156034,
    "num_batches": 10,
    "batch_size": 512,
    "device": "cpu",
    "throughput_bps": 34597053.54227957,
    "sample_persec": 210.7520318121319,
    "result_path": "result/2GB/Batches/512/run 1",
    "data_path": "1.pt"
}