{
    "total_cpu_time (seconds)": 25.513366765000114,
    "total_cpu_memory (MB)": 71461.283372,
    "execution_time (seconds/batch)": 2.554829607604158,
    "num_batches": 10,
    "batch_size": 512,
    "device": "cpu",
    "throughput_bps": 32898444.47936373,
    "sample_persec": 200.40475438208898,
    "result_path": "result/2GB/Batches/512/run 1",
    "data_path": "10.pt"
}