{
    "total_cpu_time (seconds)": 25.949625713000295,
    "total_cpu_memory (MB)": 71461.283364,
    "execution_time (seconds/batch)": 2.5985152288394584,
    "num_batches": 10,
    "batch_size": 512,
    "device": "cpu",
    "throughput_bps": 32345363.63965746,
    "sample_persec": 197.0355972201356,
    "result_path": "result/2GB/Batches/512/run 1",
    "data_path": "109.pt"
}