{
    "total_cpu_time (seconds)": 28.966361157999977,
    "total_cpu_memory (MB)": 71461.283356,
    "execution_time (seconds/batch)": 2.9006017822992347,
    "num_batches": 10,
    "batch_size": 512,
    "device": "cpu",
    "throughput_bps": 28976718.042755846,
    "sample_persec": 176.51509528969203,
    "result_path": "result/2GB/Batches/512/run 1",
    "data_path": "11.pt"
}