{
    "total_cpu_time (seconds)": 23.106768483000035,
    "total_cpu_memory (MB)": 71461.281308,
    "execution_time (seconds/batch)": 2.313840301837672,
    "num_batches": 10,
    "batch_size": 512,
    "device": "cpu",
    "throughput_bps": 36324857.82758941,
    "sample_persec": 221.27715538248907,
    "result_path": "result/2GB/Batches/512/run 1",
    "data_path": "111.pt"
}