{
    "total_cpu_time (seconds)": 24.423071067000013,
    "total_cpu_memory (MB)": 71461.283356,
    "execution_time (seconds/batch)": 2.445650769861922,
    "num_batches": 10,
    "batch_size": 512,
    "device": "cpu",
    "throughput_bps": 34367098.13018207,
    "sample_persec": 209.35123129984206,
    "result_path": "result/2GB/Batches/512/run 1",
    "data_path": "112.pt"
}