{
    "total_cpu_time (seconds)": 27.38729918099996,
    "total_cpu_memory (MB)": 71461.283356,
    "execution_time (seconds/batch)": 2.742479401656949,
    "num_batches": 10,
    "batch_size": 512,
    "device": "cpu",
    "throughput_bps": 30647420.705956366,
    "sample_persec": 186.69237759476343,
    "result_path": "result/2GB/Batches/512/run 1",
    "data_path": "113.pt"
}