{
    "total_cpu_time (seconds)": 29.18817920399978,
    "total_cpu_memory (MB)": 71461.283356,
    "execution_time (seconds/batch)": 2.922813955104222,
    "num_batches": 10,
    "batch_size": 512,
    "device": "cpu",
    "throughput_bps": 28756507.01380442,
    "sample_persec": 175.1736538365279,
    "result_path": "result/2GB/Batches/512/run 1",
    "data_path": "114.pt"
}