{
    "total_cpu_time (seconds)": 27.234350217000074,
    "total_cpu_memory (MB)": 71461.283364,
    "execution_time (seconds/batch)": 2.7271635656374023,
    "num_batches": 10,
    "batch_size": 512,
    "device": "cpu",
    "throughput_bps": 30819537.580744833,
    "sample_persec": 187.74084783592127,
    "result_path": "result/2GB/Batches/512/run 1",
    "data_path": "115.pt"
}