{
    "total_cpu_time (seconds)": 27.61943461999992,
    "total_cpu_memory (MB)": 71461.283356,
    "execution_time (seconds/batch)": 2.765724726274195,
    "num_batches": 10,
    "batch_size": 512,
    "device": "cpu",
    "throughput_bps": 30389835.691719975,
    "sample_persec": 185.1232681025827,
    "result_path": "result/2GB/Batches/512/run 1",
    "data_path": "101.pt"
}