{
    "total_cpu_time (seconds)": 42.59162345699988,
    "total_cpu_memory (MB)": 71461.283356,
    "execution_time (seconds/batch)": 4.2649933913522275,
    "num_batches": 10,
    "batch_size": 512,
    "device": "cpu",
    "throughput_bps": 19706928.54305965,
    "sample_persec": 120.04707933150372,
    "result_path": "result/2GB/Batches/512/run 1",
    "data_path": "103.pt"
}