{
    "total_cpu_time (seconds)": 28.655845098999755,
    "total_cpu_memory (MB)": 71461.283356,
    "execution_time (seconds/batch)": 2.8695076649105955,
    "num_batches": 10,
    "batch_size": 512,
    "device": "cpu",
    "throughput_bps": 29290711.095772147,
    "sample_persec": 178.42782100251063,
    "result_path": "result/2GB/Batches/512/run 1",
    "data_path": "104.pt"
}