{
    "total_cpu_time (seconds)": 25.492673028999913,
    "total_cpu_memory (MB)": 71461.283364,
    "execution_time (seconds/batch)": 2.5527574009090466,
    "num_batches": 10,
    "batch_size": 512,
    "device": "cpu",
    "throughput_bps": 32925149.867382426,
    "sample_persec": 200.5674334026707,
    "result_path": "result/2GB/Batches/512/run 1",
    "data_path": "105.pt"
}