{
    "total_cpu_time (seconds)": 22.632474788,
    "total_cpu_memory (MB)": 71461.28334,
    "execution_time (seconds/batch)": 2.266345998720125,
    "num_batches": 10,
    "batch_size": 512,
    "device": "cpu",
    "throughput_bps": 37086093.67125124,
    "sample_persec": 225.9143132995324,
    "result_path": "result/2GB/Batches/512/run 1",
    "data_path": "106.pt"
}