{
    "total_cpu_time (seconds)": 23.827861332000047,
    "total_cpu_memory (MB)": 71461.283324,
    "execution_time (seconds/batch)": 2.3860483086219486,
    "num_batches": 10,
    "batch_size": 512,
    "device": "cpu",
    "throughput_bps": 35225573.47069919,
    "sample_persec": 214.5807350797953,
    "result_path": "result/2GB/Batches/512/run 1",
    "data_path": "107.pt"
}