{
    "total_cpu_time (seconds)": 44.07111301600005,
    "total_cpu_memory (MB)": 71518.207412,
    "execution_time (seconds/batch)": 0.27582155613377696,
    "num_batches": 160,
    "batch_size": 32,
    "device": "cpu",
    "throughput_bps": 19045356.98236787,
    "sample_persec": 116.01703814795242,
    "result_path": "result/2GB/Batches/32/run 1",
    "data_path": "1.pt"
}