{
    "total_cpu_time (seconds)": 45.55851170199896,
    "total_cpu_memory (MB)": 71518.204852,
    "execution_time (seconds/batch)": 0.2851305250271791,
    "num_batches": 160,
    "batch_size": 32,
    "device": "cpu",
    "throughput_bps": 18423562.32991632,
    "sample_persec": 112.2293026919854,
    "result_path": "result/2GB/Batches/32/run 1",
    "data_path": "108.pt"
}