{
    "total_cpu_time (seconds)": 29.010694856001486,
    "total_cpu_memory (MB)": 71518.1977,
    "execution_time (seconds/batch)": 0.18156507635283542,
    "num_batches": 160,
    "batch_size": 32,
    "device": "cpu",
    "throughput_bps": 28932436.267598134,
    "sample_persec": 176.24534763400422,
    "result_path": "result/2GB/Batches/32/run 1",
    "data_path": "11.pt"
}