{
    "total_cpu_time (seconds)": 26.68167579999936,
    "total_cpu_memory (MB)": 71518.128212,
    "execution_time (seconds/batch)": 0.16698877872090348,
    "num_batches": 160,
    "batch_size": 32,
    "device": "cpu",
    "throughput_bps": 31457922.144456163,
    "sample_persec": 191.62964269283725,
    "result_path": "result/2GB/Batches/32/run 1",
    "data_path": "110.pt"
}