{
    "total_cpu_time (seconds)": 44.1096414449997,
    "total_cpu_memory (MB)": 71516.585428,
    "execution_time (seconds/batch)": 0.27606268848816556,
    "num_batches": 160,
    "batch_size": 32,
    "device": "cpu",
    "throughput_bps": 19028721.442829803,
    "sample_persec": 115.91570079696517,
    "result_path": "result/2GB/Batches/32/run 1",
    "data_path": "111.pt"
}