{
    "total_cpu_time (seconds)": 26.71725439900151,
    "total_cpu_memory (MB)": 71518.172092,
    "execution_time (seconds/batch)": 0.16721144939723223,
    "num_batches": 160,
    "batch_size": 32,
    "device": "cpu",
    "throughput_bps": 31416030.534610942,
    "sample_persec": 191.37445501103156,
    "result_path": "result/2GB/Batches/32/run 1",
    "data_path": "113.pt"
}