{
    "total_cpu_time (seconds)": 28.027366815000224,
    "total_cpu_memory (MB)": 71518.211556,
    "execution_time (seconds/batch)": 0.17541086213182225,
    "num_batches": 160,
    "batch_size": 32,
    "device": "cpu",
    "throughput_bps": 29947518.27884097,
    "sample_persec": 182.42883941789088,
    "result_path": "result/2GB/Batches/32/run 1",
    "data_path": "114.pt"
}