{
    "total_cpu_time (seconds)": 27.61626872600217,
    "total_cpu_memory (MB)": 71518.20294,
    "execution_time (seconds/batch)": 0.17283798146529813,
    "num_batches": 160,
    "batch_size": 32,
    "device": "cpu",
    "throughput_bps": 30393319.543914627,
    "sample_persec": 185.14449039909007,
    "result_path": "result/2GB/Batches/32/run 1",
    "data_path": "115.pt"
}