{
    "total_cpu_time (seconds)": 38.357269021001244,
    "total_cpu_memory (MB)": 71518.218148,
    "execution_time (seconds/batch)": 0.24006113997106196,
    "num_batches": 160,
    "batch_size": 32,
    "device": "cpu",
    "throughput_bps": 21882425.45475388,
    "sample_persec": 133.2993753335397,
    "result_path": "result/2GB/Batches/32/run 1",
    "data_path": "100.pt"
}