{
    "total_cpu_time (seconds)": 34.167163123999245,
    "total_cpu_memory (MB)": 71518.209276,
    "execution_time (seconds/batch)": 0.21383712496928922,
    "num_batches": 160,
    "batch_size": 32,
    "device": "cpu",
    "throughput_bps": 24565986.84982526,
    "sample_persec": 149.64660605400377,
    "result_path": "result/2GB/Batches/32/run 1",
    "data_path": "102.pt"
}