{
    "total_cpu_time (seconds)": 40.02879799099827,
    "total_cpu_memory (MB)": 71518.21174,
    "execution_time (seconds/batch)": 0.25052249867239285,
    "num_batches": 160,
    "batch_size": 32,
    "device": "cpu",
    "throughput_bps": 20968655.62110444,
    "sample_persec": 127.73303862758553,
    "result_path": "result/2GB/Batches/32/run 1",
    "data_path": "104.pt"
}