{
    "total_cpu_time (seconds)": 30.83145491699943,
    "total_cpu_memory (MB)": 71518.211564,
    "execution_time (seconds/batch)": 0.19296040628671657,
    "num_batches": 160,
    "batch_size": 32,
    "device": "cpu",
    "throughput_bps": 27223823.27592366,
    "sample_persec": 165.83713009212755,
    "result_path": "result/2GB/Batches/32/run 1",
    "data_path": "105.pt"
}