{
    "total_cpu_time (seconds)": 29.681774663000592,
    "total_cpu_memory (MB)": 71518.202604,
    "execution_time (seconds/batch)": 0.18576506732173262,
    "num_batches": 160,
    "batch_size": 32,
    "device": "cpu",
    "throughput_bps": 28278298.36759324,
    "sample_persec": 172.26058947120637,
    "result_path": "result/2GB/Batches/32/run 1",
    "data_path": "107.pt"
}