{
    "total_cpu_time (seconds)": 42.15926891299989,
    "total_cpu_memory (MB)": 71460.480316,
    "execution_time (seconds/batch)": 2.110849372526496,
    "num_batches": 20,
    "batch_size": 256,
    "device": "cpu",
    "throughput_bps": 19909028.34990065,
    "sample_persec": 121.27819413925835,
    "result_path": "result/Batches/256/run 1",
    "data_path": "109.pt"
}