{
    "total_cpu_time (seconds)": 28.517911947000147,
    "total_cpu_memory (MB)": 71460.480308,
    "execution_time (seconds/batch)": 1.4278477329223622,
    "num_batches": 20,
    "batch_size": 256,
    "device": "cpu",
    "throughput_bps": 29432382.060787335,
    "sample_persec": 179.29082639368505,
    "result_path": "result/Batches/256/run 1",
    "data_path": "112.pt"
}