{
    "total_cpu_time (seconds)": 30.85042511499999,
    "total_cpu_memory (MB)": 71460.480316,
    "execution_time (seconds/batch)": 1.544633058760023,
    "num_batches": 20,
    "batch_size": 256,
    "device": "cpu",
    "throughput_bps": 27207083.107321396,
    "sample_persec": 165.73515538085647,
    "result_path": "result/Batches/256/run 1",
    "data_path": "100.pt"
}