{
    "total_cpu_time (seconds)": 25.00739233099986,
    "total_cpu_memory (MB)": 71459.95602,
    "execution_time (seconds/batch)": 1.2520814466528387,
    "num_batches": 20,
    "batch_size": 256,
    "device": "cpu",
    "throughput_bps": 33564078.52887237,
    "sample_persec": 204.45954269537265,
    "result_path": "result/Batches/256/run 1",
    "data_path": "117.pt"
}