{
    "total_cpu_time (seconds)": 28.62938608200007,
    "total_cpu_memory (MB)": 71460.480324,
    "execution_time (seconds/batch)": 1.4334290704072008,
    "num_batches": 20,
    "batch_size": 256,
    "device": "cpu",
    "throughput_bps": 29317781.303306326,
    "sample_persec": 178.59272236419545,
    "result_path": "result/Batches/256/run 1",
    "data_path": "118.pt"
}