{
    "total_cpu_time (seconds)": 27.39344563900011,
    "total_cpu_memory (MB)": 71460.480316,
    "execution_time (seconds/batch)": 1.3715474444717441,
    "num_batches": 20,
    "batch_size": 256,
    "device": "cpu",
    "throughput_bps": 30640544.13092946,
    "sample_persec": 186.65048812700695,
    "result_path": "result/Batches/256/run 1",
    "data_path": "122.pt"
}