{
    "total_cpu_time (seconds)": 22.19365088000006,
    "total_cpu_memory (MB)": 71460.480308,
    "execution_time (seconds/batch)": 1.1112017651633121,
    "num_batches": 20,
    "batch_size": 256,
    "device": "cpu",
    "throughput_bps": 37819378.36808929,
    "sample_persec": 230.3812035093158,
    "result_path": "result/Batches/256/run 1",
    "data_path": "124.pt"
}