{
    "total_cpu_time (seconds)": 30.851081477000157,
    "total_cpu_memory (MB)": 71460.480316,
    "execution_time (seconds/batch)": 1.544665921789955,
    "num_batches": 20,
    "batch_size": 256,
    "device": "cpu",
    "throughput_bps": 27206504.272005677,
    "sample_persec": 165.73162933726655,
    "result_path": "result/Batches/256/run 1",
    "data_path": "125.pt"
}