{
    "total_cpu_time (seconds)": 33.95981105099995,
    "total_cpu_memory (MB)": 71460.480284,
    "execution_time (seconds/batch)": 1.700315202240561,
    "num_batches": 20,
    "batch_size": 256,
    "device": "cpu",
    "throughput_bps": 24715982.039460883,
    "sample_persec": 150.56031944116035,
    "result_path": "result/Batches/256/run 1",
    "data_path": "101.pt"
}