{
    "total_cpu_time (seconds)": 27.215485488000116,
    "total_cpu_memory (MB)": 71460.480276,
    "execution_time (seconds/batch)": 1.3626372550221064,
    "num_batches": 20,
    "batch_size": 256,
    "device": "cpu",
    "throughput_bps": 30840900.500198215,
    "sample_persec": 187.87098257918015,
    "result_path": "result/Batches/256/run 1",
    "data_path": "128.pt"
}