{
    "total_cpu_time (seconds)": 21.617463117,
    "total_cpu_memory (MB)": 71460.480316,
    "execution_time (seconds/batch)": 1.0823529352536672,
    "num_batches": 20,
    "batch_size": 256,
    "device": "cpu",
    "throughput_bps": 38827408.90812179,
    "sample_persec": 236.5217404247185,
    "result_path": "result/Batches/256/run 1",
    "data_path": "13.pt"
}