{
    "total_cpu_time (seconds)": 27.405785713999965,
    "total_cpu_memory (MB)": 71460.480308,
    "execution_time (seconds/batch)": 1.3721652929364347,
    "num_batches": 20,
    "batch_size": 256,
    "device": "cpu",
    "throughput_bps": 30626747.53277468,
    "sample_persec": 186.5664445222629,
    "result_path": "result/Batches/256/run 1",
    "data_path": "17.pt"
}