{
    "total_cpu_time (seconds)": 26.085161529000008,
    "total_cpu_memory (MB)": 71460.480276,
    "execution_time (seconds/batch)": 1.3060436830479174,
    "num_batches": 20,
    "batch_size": 256,
    "device": "cpu",
    "throughput_bps": 32177300.457459617,
    "sample_persec": 196.01182052546065,
    "result_path": "result/Batches/256/run 1",
    "data_path": "19.pt"
}