{
    "total_cpu_time (seconds)": 21.994405971000013,
    "total_cpu_memory (MB)": 71460.480308,
    "execution_time (seconds/batch)": 1.101225880808919,
    "num_batches": 20,
    "batch_size": 256,
    "device": "cpu",
    "throughput_bps": 38161979.96466451,
    "sample_persec": 232.46820153913566,
    "result_path": "result/Batches/256/run 1",
    "data_path": "2.pt"
}