{
    "total_cpu_time (seconds)": 22.275035995000067,
    "total_cpu_memory (MB)": 71460.480308,
    "execution_time (seconds/batch)": 1.1152765919655814,
    "num_batches": 20,
    "batch_size": 256,
    "device": "cpu",
    "throughput_bps": 37681199.71561004,
    "sample_persec": 229.53947195181556,
    "result_path": "result/Batches/256/run 1",
    "data_path": "23.pt"
}