{
    "total_cpu_time (seconds)": 22.07401755600006,
    "total_cpu_memory (MB)": 71460.480316,
    "execution_time (seconds/batch)": 1.1052119097078068,
    "num_batches": 20,
    "batch_size": 256,
    "device": "cpu",
    "throughput_bps": 38024345.947475776,
    "sample_persec": 231.6297876917384,
    "result_path": "result/Batches/256/run 1",
    "data_path": "24.pt"
}