{
    "total_cpu_time (seconds)": 28.414671314999897,
    "total_cpu_memory (MB)": 71460.480324,
    "execution_time (seconds/batch)": 1.4226786341951836,
    "num_batches": 20,
    "batch_size": 256,
    "device": "cpu",
    "throughput_bps": 29539320.39878685,
    "sample_persec": 179.94225389124543,
    "result_path": "result/Batches/256/run 1",
    "data_path": "25.pt"
}