{
    "total_cpu_time (seconds)": 25.390478787999694,
    "total_cpu_memory (MB)": 71460.480316,
    "execution_time (seconds/batch)": 1.2712619929059108,
    "num_batches": 20,
    "batch_size": 256,
    "device": "cpu",
    "throughput_bps": 33057670.43655365,
    "sample_persec": 201.37469807842135,
    "result_path": "result/Batches/256/run 1",
    "data_path": "26.pt"
}