{
    "total_cpu_time (seconds)": 23.845412423000056,
    "total_cpu_memory (MB)": 71460.480316,
    "execution_time (seconds/batch)": 1.1939029102851584,
    "num_batches": 20,
    "batch_size": 256,
    "device": "cpu",
    "throughput_bps": 35199646.167176634,
    "sample_persec": 214.42279585268417,
    "result_path": "result/Batches/256/run 1",
    "data_path": "27.pt"
}