{
    "total_cpu_time (seconds)": 26.603773551000025,
    "total_cpu_memory (MB)": 71460.480308,
    "execution_time (seconds/batch)": 1.33200978467749,
    "num_batches": 20,
    "batch_size": 256,
    "device": "cpu",
    "throughput_bps": 31550038.508294594,
    "sample_persec": 192.1907803867848,
    "result_path": "result/Batches/256/run 1",
    "data_path": "28.pt"
}