{
    "total_cpu_time (seconds)": 23.539152399000066,
    "total_cpu_memory (MB)": 71460.480316,
    "execution_time (seconds/batch)": 1.1785689446790568,
    "num_batches": 20,
    "batch_size": 256,
    "device": "cpu",
    "throughput_bps": 35657616.9682157,
    "sample_persec": 217.2125789974153,
    "result_path": "result/Batches/256/run 1",
    "data_path": "3.pt"
}