{
    "total_cpu_time (seconds)": 21.878440700999835,
    "total_cpu_memory (MB)": 71460.480316,
    "execution_time (seconds/batch)": 1.0954196791425694,
    "num_batches": 20,
    "batch_size": 256,
    "device": "cpu",
    "throughput_bps": 38364255.088875785,
    "sample_persec": 233.70038431332713,
    "result_path": "result/Batches/256/run 1",
    "data_path": "30.pt"
}