{
    "total_cpu_time (seconds)": 22.641615850999674,
    "total_cpu_memory (MB)": 71460.480316,
    "execution_time (seconds/batch)": 1.133630678242894,
    "num_batches": 20,
    "batch_size": 256,
    "device": "cpu",
    "throughput_bps": 37071120.962550074,
    "sample_persec": 225.82310527869197,
    "result_path": "result/Batches/256/run 1",
    "data_path": "31.pt"
}