{
    "total_cpu_time (seconds)": 21.425165539000215,
    "total_cpu_memory (MB)": 71460.480316,
    "execution_time (seconds/batch)": 1.0727248930146793,
    "num_batches": 20,
    "batch_size": 256,
    "device": "cpu",
    "throughput_bps": 39175897.07636712,
    "sample_persec": 238.64459720009208,
    "result_path": "result/Batches/256/run 1",
    "data_path": "32.pt"
}