{
    "total_cpu_time (seconds)": 20.690257241999984,
    "total_cpu_memory (MB)": 71460.480308,
    "execution_time (seconds/batch)": 1.0359291715141787,
    "num_batches": 20,
    "batch_size": 256,
    "device": "cpu",
    "throughput_bps": 40567406.68724841,
    "sample_persec": 247.12114210068478,
    "result_path": "result/Batches/256/run 1",
    "data_path": "34.pt"
}