{
    "total_cpu_time (seconds)": 31.741059524999905,
    "total_cpu_memory (MB)": 71460.480308,
    "execution_time (seconds/batch)": 1.5892257458243644,
    "num_batches": 20,
    "batch_size": 256,
    "device": "cpu",
    "throughput_bps": 26443669.258706085,
    "sample_persec": 161.0847298897788,
    "result_path": "result/Batches/256/run 1",
    "data_path": "104.pt"
}