{
    "total_cpu_time (seconds)": 26.442518712999796,
    "total_cpu_memory (MB)": 71460.480308,
    "execution_time (seconds/batch)": 1.3239360044060136,
    "num_batches": 20,
    "batch_size": 256,
    "device": "cpu",
    "throughput_bps": 31742440.616572384,
    "sample_persec": 193.36282052005595,
    "result_path": "result/Batches/256/run 1",
    "data_path": "36.pt"
}