{
    "total_cpu_time (seconds)": 22.300484562999923,
    "total_cpu_memory (MB)": 71460.480308,
    "execution_time (seconds/batch)": 1.1165507623954587,
    "num_batches": 20,
    "batch_size": 256,
    "device": "cpu",
    "throughput_bps": 37638199.18929548,
    "sample_persec": 229.27752917455823,
    "result_path": "result/Batches/256/run 1",
    "data_path": "40.pt"
}