{
    "total_cpu_time (seconds)": 22.538488403999782,
    "total_cpu_memory (MB)": 71460.480308,
    "execution_time (seconds/batch)": 1.1284672465135819,
    "num_batches": 20,
    "batch_size": 256,
    "device": "cpu",
    "throughput_bps": 37240744.14196496,
    "sample_persec": 226.8563848803908,
    "result_path": "result/Batches/256/run 1",
    "data_path": "41.pt"
}