{
    "total_cpu_time (seconds)": 23.71554322199997,
    "total_cpu_memory (MB)": 71460.480308,
    "execution_time (seconds/batch)": 1.1874005603035385,
    "num_batches": 20,
    "batch_size": 256,
    "device": "cpu",
    "throughput_bps": 35392403.713585116,
    "sample_persec": 215.59700117924655,
    "result_path": "result/Batches/256/run 1",
    "data_path": "42.pt"
}