{
    "total_cpu_time (seconds)": 23.921529831000022,
    "total_cpu_memory (MB)": 71460.480316,
    "execution_time (seconds/batch)": 1.1977139911472727,
    "num_batches": 20,
    "batch_size": 256,
    "device": "cpu",
    "throughput_bps": 35087642.217275016,
    "sample_persec": 213.74051058281563,
    "result_path": "result/Batches/256/run 1",
    "data_path": "105.pt"
}