{
    "total_cpu_time (seconds)": 20.73340047100011,
    "total_cpu_memory (MB)": 71460.480788,
    "execution_time (seconds/batch)": 1.038089286246045,
    "num_batches": 20,
    "batch_size": 256,
    "device": "cpu",
    "throughput_bps": 40482991.73953652,
    "sample_persec": 246.60691849132868,
    "result_path": "result/Batches/256/run 1",
    "data_path": "49.pt"
}