{
    "total_cpu_time (seconds)": 23.838090724999923,
    "total_cpu_memory (MB)": 71460.480276,
    "execution_time (seconds/batch)": 1.193536324193229,
    "num_batches": 20,
    "batch_size": 256,
    "device": "cpu",
    "throughput_bps": 35210457.48516014,
    "sample_persec": 214.48865427119966,
    "result_path": "result/Batches/256/run 1",
    "data_path": "50.pt"
}