{
    "total_cpu_time (seconds)": 21.385848147000086,
    "total_cpu_memory (MB)": 71460.480308,
    "execution_time (seconds/batch)": 1.0707563320226916,
    "num_batches": 20,
    "batch_size": 256,
    "device": "cpu",
    "throughput_bps": 39247921.06586338,
    "sample_persec": 239.0833398261658,
    "result_path": "result/Batches/256/run 1",
    "data_path": "51.pt"
}