{
    "total_cpu_time (seconds)": 20.711725176999902,
    "total_cpu_memory (MB)": 71460.480316,
    "execution_time (seconds/batch)": 1.0370040378079357,
    "num_batches": 20,
    "batch_size": 256,
    "device": "cpu",
    "throughput_bps": 40525358.116092,
    "sample_persec": 246.86499827054092,
    "result_path": "result/Batches/256/run 1",
    "data_path": "52.pt"
}