{
    "total_cpu_time (seconds)": 40.89639690499949,
    "total_cpu_memory (MB)": 71460.480316,
    "execution_time (seconds/batch)": 2.0476193247955936,
    "num_batches": 20,
    "batch_size": 256,
    "device": "cpu",
    "throughput_bps": 20523814.896206453,
    "sample_persec": 125.02323889014652,
    "result_path": "result/Batches/256/run 1",
    "data_path": "53.pt"
}