{
    "total_cpu_time (seconds)": 57.61370835699982,
    "total_cpu_memory (MB)": 71483.23386,
    "execution_time (seconds/batch)": 0.7211573117246213,
    "num_batches": 80,
    "batch_size": 64,
    "device": "cpu",
    "throughput_bps": 14568582.789342746,
    "sample_persec": 88.7462401884914,
    "result_path": "result/Batches/64/run 3",
    "data_path": "108.pt"
}