{
    "total_cpu_time (seconds)": 28.074215761999685,
    "total_cpu_memory (MB)": 71483.251604,
    "execution_time (seconds/batch)": 0.35140813783844704,
    "num_batches": 80,
    "batch_size": 64,
    "device": "cpu",
    "throughput_bps": 29897543.251630776,
    "sample_persec": 182.12441064589896,
    "result_path": "result/Batches/64/run 3",
    "data_path": "115.pt"
}