{
    "total_cpu_time (seconds)": 39.94853161899949,
    "total_cpu_memory (MB)": 71483.25158,
    "execution_time (seconds/batch)": 0.5000402940770521,
    "num_batches": 80,
    "batch_size": 64,
    "device": "cpu",
    "throughput_bps": 21010786.779477164,
    "sample_persec": 127.98968554749736,
    "result_path": "result/Batches/64/run 3",
    "data_path": "100.pt"
}