{
    "total_cpu_time (seconds)": 46.34530663400004,
    "total_cpu_memory (MB)": 71483.24726,
    "execution_time (seconds/batch)": 0.5801094513154709,
    "num_batches": 80,
    "batch_size": 64,
    "device": "cpu",
    "throughput_bps": 18110789.224646807,
    "sample_persec": 110.32400843473931,
    "result_path": "result/Batches/64/run 3",
    "data_path": "120.pt"
}