{
    "total_cpu_time (seconds)": 26.381111423999606,
    "total_cpu_memory (MB)": 71483.2473,
    "execution_time (seconds/batch)": 0.33021535911128,
    "num_batches": 80,
    "batch_size": 64,
    "device": "cpu",
    "throughput_bps": 31816327.46664421,
    "sample_persec": 193.8129109810198,
    "result_path": "result/Batches/64/run 3",
    "data_path": "123.pt"
}