{
    "total_cpu_time (seconds)": 25.5362326489998,
    "total_cpu_memory (MB)": 71483.251692,
    "execution_time (seconds/batch)": 0.3196399158098938,
    "num_batches": 80,
    "batch_size": 64,
    "device": "cpu",
    "throughput_bps": 32868986.25717508,
    "sample_persec": 200.225306147509,
    "result_path": "result/Batches/64/run 3",
    "data_path": "127.pt"
}