{
    "total_cpu_time (seconds)": 27.957322853000203,
    "total_cpu_memory (MB)": 71483.247316,
    "execution_time (seconds/batch)": 0.34994497605945885,
    "num_batches": 80,
    "batch_size": 64,
    "device": "cpu",
    "throughput_bps": 30022548.45406009,
    "sample_persec": 182.88589457882605,
    "result_path": "result/Batches/64/run 3",
    "data_path": "129.pt"
}