{
    "total_cpu_time (seconds)": 1.404323577999997,
    "total_cpu_memory (MB)": 3356.395568,
    "execution_time (seconds/batch)": 0.37448628746666585,
    "num_batches": 4,
    "batch_size": 64,
    "device": "cpu",
    "throughput_bps": 28055072.646512304,
    "sample_persec": 170.90078366540146,
    "result_path": "result/Batches/64/run 3",
    "data_path": "130.pt"
}