{
    "total_cpu_time (seconds)": 25.198166481999877,
    "total_cpu_memory (MB)": 71483.238372,
    "execution_time (seconds/batch)": 0.3154083033146865,
    "num_batches": 80,
    "batch_size": 64,
    "device": "cpu",
    "throughput_bps": 33309966.445359565,
    "sample_persec": 202.91158897027026,
    "result_path": "result/Batches/64/run 3",
    "data_path": "15.pt"
}