{
    "total_cpu_time (seconds)": 24.894732525001025,
    "total_cpu_memory (MB)": 71483.24722,
    "execution_time (seconds/batch)": 0.31161018611384034,
    "num_batches": 80,
    "batch_size": 64,
    "device": "cpu",
    "throughput_bps": 33715971.00539506,
    "sample_persec": 205.3848136293559,
    "result_path": "result/Batches/64/run 3",
    "data_path": "2.pt"
}