{
    "total_cpu_time (seconds)": 23.490336268999716,
    "total_cpu_memory (MB)": 71483.251548,
    "execution_time (seconds/batch)": 0.2940311991425742,
    "num_batches": 80,
    "batch_size": 64,
    "device": "cpu",
    "throughput_bps": 35731718.370830365,
    "sample_persec": 217.66397643049686,
    "result_path": "result/Batches/64/run 3",
    "data_path": "27.pt"
}