{
    "total_cpu_time (seconds)": 25.818696654000004,
    "total_cpu_memory (MB)": 71483.238452,
    "execution_time (seconds/batch)": 0.32317554974691964,
    "num_batches": 80,
    "batch_size": 64,
    "device": "cpu",
    "throughput_bps": 32509390.04583573,
    "sample_persec": 198.03478341761533,
    "result_path": "result/Batches/64/run 3",
    "data_path": "28.pt"
}