{
    "total_cpu_time (seconds)": 25.500543284999967,
    "total_cpu_memory (MB)": 71483.247244,
    "execution_time (seconds/batch)": 0.31919318799921725,
    "num_batches": 80,
    "batch_size": 64,
    "device": "cpu",
    "throughput_bps": 32914988.148261372,
    "sample_persec": 200.50553209223546,
    "result_path": "result/Batches/64/run 3",
    "data_path": "29.pt"
}