{
    "total_cpu_time (seconds)": 25.61968574699949,
    "total_cpu_memory (MB)": 71483.244188,
    "execution_time (seconds/batch)": 0.3206845076878481,
    "num_batches": 80,
    "batch_size": 64,
    "device": "cpu",
    "throughput_bps": 32761919.419651836,
    "sample_persec": 199.5730958799454,
    "result_path": "result/Batches/64/run 3",
    "data_path": "34.pt"
}