{
    "total_cpu_time (seconds)": 22.971643464000163,
    "total_cpu_memory (MB)": 71483.24714,
    "execution_time (seconds/batch)": 0.2875386625652279,
    "num_batches": 80,
    "batch_size": 64,
    "device": "cpu",
    "throughput_bps": 36538529.83202448,
    "sample_persec": 222.57876359664033,
    "result_path": "result/Batches/64/run 3",
    "data_path": "38.pt"
}