{
    "total_cpu_time (seconds)": 24.264367381999644,
    "total_cpu_memory (MB)": 71483.251708,
    "execution_time (seconds/batch)": 0.3037198342358649,
    "num_batches": 80,
    "batch_size": 64,
    "device": "cpu",
    "throughput_bps": 34591879.804072954,
    "sample_persec": 210.72051537568805,
    "result_path": "result/Batches/64/run 3",
    "data_path": "43.pt"
}