{
    "total_cpu_time (seconds)": 29.383147253999745,
    "total_cpu_memory (MB)": 71483.251684,
    "execution_time (seconds/batch)": 0.36779218154820725,
    "num_batches": 80,
    "batch_size": 64,
    "device": "cpu",
    "throughput_bps": 28565696.95357411,
    "sample_persec": 174.01131185169413,
    "result_path": "result/Batches/64/run 3",
    "data_path": "105.pt"
}