{
    "total_cpu_time (seconds)": 24.307507091999394,
    "total_cpu_memory (MB)": 71483.251444,
    "execution_time (seconds/batch)": 0.30425981887110526,
    "num_batches": 80,
    "batch_size": 64,
    "device": "cpu",
    "throughput_bps": 34530487.919769645,
    "sample_persec": 210.34653947228097,
    "result_path": "result/Batches/64/run 3",
    "data_path": "45.pt"
}