{
    "total_cpu_time (seconds)": 22.87478322099971,
    "total_cpu_memory (MB)": 71483.211544,
    "execution_time (seconds/batch)": 0.28632625193506384,
    "num_batches": 80,
    "batch_size": 64,
    "device": "cpu",
    "throughput_bps": 36693247.40220718,
    "sample_persec": 223.52124392182736,
    "result_path": "result/Batches/64/run 3",
    "data_path": "49.pt"
}