{
    "total_cpu_time (seconds)": 31.27584958199966,
    "total_cpu_memory (MB)": 71483.24266,
    "execution_time (seconds/batch)": 0.3914833509188301,
    "num_batches": 80,
    "batch_size": 64,
    "device": "cpu",
    "throughput_bps": 26837003.349801093,
    "sample_persec": 163.48077089303786,
    "result_path": "result/Batches/64/run 3",
    "data_path": "50.pt"
}