{
    "total_cpu_time (seconds)": 22.46255669399966,
    "total_cpu_memory (MB)": 71483.22958,
    "execution_time (seconds/batch)": 0.2811663658157595,
    "num_batches": 80,
    "batch_size": 64,
    "device": "cpu",
    "throughput_bps": 37366631.56532901,
    "sample_persec": 227.62324296618547,
    "result_path": "result/Batches/64/run 3",
    "data_path": "51.pt"
}