{
    "total_cpu_time (seconds)": 21.417977072000152,
    "total_cpu_memory (MB)": 71483.233652,
    "execution_time (seconds/batch)": 0.2680912443982026,
    "num_batches": 80,
    "batch_size": 64,
    "device": "cpu",
    "throughput_bps": 39189045.593726374,
    "sample_persec": 238.7246929442396,
    "result_path": "result/Batches/64/run 3",
    "data_path": "52.pt"
}