{"total_cpu_time (seconds)": 29.548223187000296, "total_cpu_memory (MB)": 71518.20698, "execution_time (seconds/batch)": 0.18492922784744953, "num_batches": 160, "batch_size": 32, "device": "cpu", "throughput_bps": 28406110.062457867, "sample_persec": 173.0391694837833, "result_path": "result/1GB/Batches/32/run 3", "data_path": "data/10.pt"}