{"total_cpu_time (seconds)": 28.389102683000612, "total_cpu_memory (MB)": 71518.204956, "execution_time (seconds/batch)": 0.17767480654332476, "num_batches": 160, "batch_size": 32, "device": "cpu", "throughput_bps": 29565924.97383169, "sample_persec": 180.10431879770766, "result_path": "result/1GB/Batches/32/run 3", "data_path": "data/102.pt"}