{"total_cpu_time (seconds)": 32.06546429899907, "total_cpu_memory (MB)": 71518.211628, "execution_time (seconds/batch)": 0.2006835238740407, "num_batches": 160, "batch_size": 32, "device": "cpu", "throughput_bps": 26176139.91718188, "sample_persec": 159.45504335515278, "result_path": "result/1GB/Batches/32/run 3", "data_path": "data/105.pt"}