{
    "total_cpu_time (seconds)": 24.779836563999996,
    "total_cpu_memory (MB)": 71461.283356,
    "execution_time (seconds/batch)": 2.481376162872677,
    "num_batches": 10,
    "batch_size": 512,
    "device": "cpu",
    "throughput_bps": 33872300.8859309,
    "sample_persec": 206.3371155332048,
    "result_path": "result/Batches/512/run 2",
    "data_path": "10.pt"
}