{
    "total_cpu_time (seconds)": 23.474080145000013,
    "total_cpu_memory (MB)": 71461.283292,
    "execution_time (seconds/batch)": 2.3506217551809128,
    "num_batches": 10,
    "batch_size": 512,
    "device": "cpu",
    "throughput_bps": 35756463.07822553,
    "sample_persec": 217.81471173383,
    "result_path": "result/Batches/512/run 2",
    "data_path": "108.pt"
}