{
    "total_cpu_time (seconds)": 24.52466898899997,
    "total_cpu_memory (MB)": 71461.283356,
    "execution_time (seconds/batch)": 2.4558244714195157,
    "num_batches": 10,
    "batch_size": 512,
    "device": "cpu",
    "throughput_bps": 34224726.14723049,
    "sample_persec": 208.48395557523446,
    "result_path": "result/Batches/512/run 2",
    "data_path": "110.pt"
}