{
    "total_cpu_time (seconds)": 36.113290388999744,
    "total_cpu_memory (MB)": 71461.283364,
    "execution_time (seconds/batch)": 3.616273162364144,
    "num_batches": 10,
    "batch_size": 512,
    "device": "cpu",
    "throughput_bps": 23242138.031700082,
    "sample_persec": 141.5822248519742,
    "result_path": "result/Batches/512/run 2",
    "data_path": "112.pt"
}