{
    "total_cpu_time (seconds)": 21.12328370100021,
    "total_cpu_memory (MB)": 71461.283364,
    "execution_time (seconds/batch)": 2.115220272816763,
    "num_batches": 10,
    "batch_size": 512,
    "device": "cpu",
    "throughput_bps": 39735776.49578488,
    "sample_persec": 242.05516871213985,
    "result_path": "result/Batches/512/run 2",
    "data_path": "115.pt"
}