{
    "total_cpu_time (seconds)": 47.34862685399985,
    "total_cpu_memory (MB)": 71461.283356,
    "execution_time (seconds/batch)": 4.741344993007613,
    "num_batches": 10,
    "batch_size": 512,
    "device": "cpu",
    "throughput_bps": 17727020.52349158,
    "sample_persec": 107.98623613238048,
    "result_path": "result/Batches/512/run 2",
    "data_path": "100.pt"
}