{
    "total_cpu_time (seconds)": 29.122321998000167,
    "total_cpu_memory (MB)": 71461.283356,
    "execution_time (seconds/batch)": 2.916219218262485,
    "num_batches": 10,
    "batch_size": 512,
    "device": "cpu",
    "throughput_bps": 28821536.96596165,
    "sample_persec": 175.56979145931805,
    "result_path": "result/Batches/512/run 2",
    "data_path": "117.pt"
}