{
    "total_cpu_time (seconds)": 23.45799456600005,
    "total_cpu_memory (MB)": 71461.283356,
    "execution_time (seconds/batch)": 2.349010995069827,
    "num_batches": 10,
    "batch_size": 512,
    "device": "cpu",
    "throughput_bps": 35780981.94363774,
    "sample_persec": 217.96407129408954,
    "result_path": "result/Batches/512/run 2",
    "data_path": "118.pt"
}