{
    "total_cpu_time (seconds)": 20.650466379999912,
    "total_cpu_memory (MB)": 71461.283364,
    "execution_time (seconds/batch)": 2.067873809223539,
    "num_batches": 10,
    "batch_size": 512,
    "device": "cpu",
    "throughput_bps": 40645574.99838915,
    "sample_persec": 247.5973135866785,
    "result_path": "result/Batches/512/run 2",
    "data_path": "119.pt"
}