{
    "total_cpu_time (seconds)": 20.988477585999973,
    "total_cpu_memory (MB)": 71461.283356,
    "execution_time (seconds/batch)": 2.101721205560725,
    "num_batches": 10,
    "batch_size": 512,
    "device": "cpu",
    "throughput_bps": 39990993.942308374,
    "sample_persec": 243.6098558863814,
    "result_path": "result/Batches/512/run 2",
    "data_path": "12.pt"
}