{
    "total_cpu_time (seconds)": 20.364713336999845,
    "total_cpu_memory (MB)": 71461.283356,
    "execution_time (seconds/batch)": 2.039259383638553,
    "num_batches": 10,
    "batch_size": 512,
    "device": "cpu",
    "throughput_bps": 41215904.49667749,
    "sample_persec": 251.07154298658315,
    "result_path": "result/Batches/512/run 2",
    "data_path": "120.pt"
}