{
    "total_cpu_time (seconds)": 23.568754722999987,
    "total_cpu_memory (MB)": 71461.283356,
    "execution_time (seconds/batch)": 2.3601021744916864,
    "num_batches": 10,
    "batch_size": 512,
    "device": "cpu",
    "throughput_bps": 35612831.0496144,
    "sample_persec": 216.93976029248537,
    "result_path": "result/Batches/512/run 2",
    "data_path": "123.pt"
}