{
    "total_cpu_time (seconds)": 37.3240976859999,
    "total_cpu_memory (MB)": 71461.283332,
    "execution_time (seconds/batch)": 3.737519658758449,
    "num_batches": 10,
    "batch_size": 512,
    "device": "cpu",
    "throughput_bps": 22488154.62496328,
    "sample_persec": 136.9892460097666,
    "result_path": "result/Batches/512/run 2",
    "data_path": "101.pt"
}