{
    "total_cpu_time (seconds)": 20.40171036600027,
    "total_cpu_memory (MB)": 71461.283356,
    "execution_time (seconds/batch)": 2.0429641516511126,
    "num_batches": 10,
    "batch_size": 512,
    "device": "cpu",
    "throughput_bps": 41141162.42914557,
    "sample_persec": 250.61624286760215,
    "result_path": "result/Batches/512/run 2",
    "data_path": "13.pt"
}