{
    "total_cpu_time (seconds)": 20.790452335000012,
    "total_cpu_memory (MB)": 71461.28334,
    "execution_time (seconds/batch)": 2.081891569630355,
    "num_batches": 10,
    "batch_size": 512,
    "device": "cpu",
    "throughput_bps": 40371900.835797735,
    "sample_persec": 245.93019514984002,
    "result_path": "result/Batches/512/run 2",
    "data_path": "16.pt"
}