{
    "total_cpu_time (seconds)": 24.725738359999795,
    "total_cpu_memory (MB)": 71461.283356,
    "execution_time (seconds/batch)": 2.4759589361079395,
    "num_batches": 10,
    "batch_size": 512,
    "device": "cpu",
    "throughput_bps": 33946411.13560691,
    "sample_persec": 206.78856685920388,
    "result_path": "result/Batches/512/run 2",
    "data_path": "17.pt"
}