{
    "total_cpu_time (seconds)": 29.1802300659999,
    "total_cpu_memory (MB)": 71461.281308,
    "execution_time (seconds/batch)": 2.9220179530201347,
    "num_batches": 10,
    "batch_size": 512,
    "device": "cpu",
    "throughput_bps": 28764340.723207336,
    "sample_persec": 175.22137380121427,
    "result_path": "result/Batches/512/run 2",
    "data_path": "20.pt"
}