{
    "total_cpu_time (seconds)": 21.26009744400012,
    "total_cpu_memory (MB)": 71461.283356,
    "execution_time (seconds/batch)": 2.1289203777289383,
    "num_batches": 10,
    "batch_size": 512,
    "device": "cpu",
    "throughput_bps": 39480067.399073735,
    "sample_persec": 240.49748659279808,
    "result_path": "result/Batches/512/run 2",
    "data_path": "21.pt"
}