{
    "total_cpu_time (seconds)": 20.652862399000156,
    "total_cpu_memory (MB)": 71461.283292,
    "execution_time (seconds/batch)": 2.0681137391527638,
    "num_batches": 10,
    "batch_size": 512,
    "device": "cpu",
    "throughput_bps": 40640859.54693788,
    "sample_persec": 247.56858885805244,
    "result_path": "result/Batches/512/run 2",
    "data_path": "22.pt"
}