{
    "total_cpu_time (seconds)": 22.05404461,
    "total_cpu_memory (MB)": 71461.283356,
    "execution_time (seconds/batch)": 2.2084237904009387,
    "num_batches": 10,
    "batch_size": 512,
    "device": "cpu",
    "throughput_bps": 38058782.18000032,
    "sample_persec": 231.83956006335475,
    "result_path": "result/Batches/512/run 2",
    "data_path": "23.pt"
}