{
    "total_cpu_time (seconds)": 34.47435192400008,
    "total_cpu_memory (MB)": 71461.283356,
    "execution_time (seconds/batch)": 3.4521549354758543,
    "num_batches": 10,
    "batch_size": 512,
    "device": "cpu",
    "throughput_bps": 24347087.99893836,
    "sample_persec": 148.31315788826976,
    "result_path": "result/Batches/512/run 2",
    "data_path": "103.pt"
}