{
    "total_cpu_time (seconds)": 22.756596694999974,
    "total_cpu_memory (MB)": 71461.283356,
    "execution_time (seconds/batch)": 2.278775182444746,
    "num_batches": 10,
    "batch_size": 512,
    "device": "cpu",
    "throughput_bps": 36883814.010045715,
    "sample_persec": 224.68210288770535,
    "result_path": "result/Batches/512/run 2",
    "data_path": "33.pt"
}