{
    "total_cpu_time (seconds)": 21.33829980399982,
    "total_cpu_memory (MB)": 71461.283364,
    "execution_time (seconds/batch)": 2.136751320095425,
    "num_batches": 10,
    "batch_size": 512,
    "device": "cpu",
    "throughput_bps": 39335377.593798056,
    "sample_persec": 239.61609158015386,
    "result_path": "result/Batches/512/run 2",
    "data_path": "36.pt"
}