{
    "total_cpu_time (seconds)": 22.80129108700009,
    "total_cpu_memory (MB)": 71461.283356,
    "execution_time (seconds/batch)": 2.283250740571885,
    "num_batches": 10,
    "batch_size": 512,
    "device": "cpu",
    "throughput_bps": 36811515.48819735,
    "sample_persec": 224.24168791543218,
    "result_path": "result/Batches/512/run 2",
    "data_path": "37.pt"
}