{
    "total_cpu_time (seconds)": 21.223183518000024,
    "total_cpu_memory (MB)": 71461.283356,
    "execution_time (seconds/batch)": 2.125223931393705,
    "num_batches": 10,
    "batch_size": 512,
    "device": "cpu",
    "throughput_bps": 39548735.904211625,
    "sample_persec": 240.91578889017805,
    "result_path": "result/Batches/512/run 2",
    "data_path": "39.pt"
}