{
    "total_cpu_time (seconds)": 20.518931531999836,
    "total_cpu_memory (MB)": 71461.283356,
    "execution_time (seconds/batch)": 2.0547023165233553,
    "num_batches": 10,
    "batch_size": 512,
    "device": "cpu",
    "throughput_bps": 40906129.96544243,
    "sample_persec": 249.18451489670093,
    "result_path": "result/Batches/512/run 2",
    "data_path": "4.pt"
}