{
    "total_cpu_time (seconds)": 20.455934325999877,
    "total_cpu_memory (MB)": 71461.283356,
    "execution_time (seconds/batch)": 2.048393971232532,
    "num_batches": 10,
    "batch_size": 512,
    "device": "cpu",
    "throughput_bps": 41032106.704271644,
    "sample_persec": 249.95191705818496,
    "result_path": "result/Batches/512/run 2",
    "data_path": "43.pt"
}