{
    "total_cpu_time (seconds)": 20.885315972999855,
    "total_cpu_memory (MB)": 71461.283356,
    "execution_time (seconds/batch)": 2.0913909208245505,
    "num_batches": 10,
    "batch_size": 512,
    "device": "cpu",
    "throughput_bps": 40188526.76613062,
    "sample_persec": 244.813150378476,
    "result_path": "result/Batches/512/run 2",
    "data_path": "44.pt"
}