{
    "total_cpu_time (seconds)": 21.06044673099995,
    "total_cpu_memory (MB)": 71461.283356,
    "execution_time (seconds/batch)": 2.1089279730631674,
    "num_batches": 10,
    "batch_size": 512,
    "device": "cpu",
    "throughput_bps": 39854334.08516058,
    "sample_persec": 242.77737624975987,
    "result_path": "result/Batches/512/run 2",
    "data_path": "46.pt"
}