{
    "total_cpu_time (seconds)": 21.361451097000135,
    "total_cpu_memory (MB)": 71461.283356,
    "execution_time (seconds/batch)": 2.1390696189446645,
    "num_batches": 10,
    "batch_size": 512,
    "device": "cpu",
    "throughput_bps": 39292746.367678784,
    "sample_persec": 239.35639843858908,
    "result_path": "result/Batches/512/run 2",
    "data_path": "47.pt"
}