{
    "total_cpu_time (seconds)": 20.548144245999993,
    "total_cpu_memory (MB)": 71461.283356,
    "execution_time (seconds/batch)": 2.057627587317034,
    "num_batches": 10,
    "batch_size": 512,
    "device": "cpu",
    "throughput_bps": 40847974.880427085,
    "sample_persec": 248.83025633788426,
    "result_path": "result/Batches/512/run 2",
    "data_path": "48.pt"
}