{
    "total_cpu_time (seconds)": 20.236595295000114,
    "total_cpu_memory (MB)": 71461.283356,
    "execution_time (seconds/batch)": 2.0264300393193935,
    "num_batches": 10,
    "batch_size": 512,
    "device": "cpu",
    "throughput_bps": 41476842.70818913,
    "sample_persec": 252.66107887542114,
    "result_path": "result/Batches/512/run 2",
    "data_path": "49.pt"
}