{
    "total_cpu_time (seconds)": 19.965229009999987,
    "total_cpu_memory (MB)": 71461.283356,
    "execution_time (seconds/batch)": 1.9992562591668284,
    "num_batches": 10,
    "batch_size": 512,
    "device": "cpu",
    "throughput_bps": 42040593.653075285,
    "sample_persec": 256.095234241443,
    "result_path": "result/Batches/512/run 2",
    "data_path": "5.pt"
}