{
    "total_cpu_time (seconds)": 28.38813472399996,
    "total_cpu_memory (MB)": 71461.283356,
    "execution_time (seconds/batch)": 2.842699976273808,
    "num_batches": 10,
    "batch_size": 512,
    "device": "cpu",
    "throughput_bps": 29566933.092310384,
    "sample_persec": 180.11045987031181,
    "result_path": "result/Batches/512/run 2",
    "data_path": "52.pt"
}