{
    "total_cpu_time (seconds)": 21.766447284,
    "total_cpu_memory (MB)": 71461.283356,
    "execution_time (seconds/batch)": 2.1796246840226874,
    "num_batches": 10,
    "batch_size": 512,
    "device": "cpu",
    "throughput_bps": 38561648.07460271,
    "sample_persec": 234.90282696517244,
    "result_path": "result/Batches/512/run 2",
    "data_path": "53.pt"
}