{
    "total_cpu_time (seconds)": 20.351187108000094,
    "total_cpu_memory (MB)": 71461.283356,
    "execution_time (seconds/batch)": 2.03790490891767,
    "num_batches": 10,
    "batch_size": 512,
    "device": "cpu",
    "throughput_bps": 41243298.26784649,
    "sample_persec": 251.23841537430852,
    "result_path": "result/1GB/run 2",
    "data_path": "2.pt"
}