{
    "total_cpu_time (seconds)": 21.83202402699995,
    "total_cpu_memory (MB)": 71461.283364,
    "execution_time (seconds/batch)": 2.1861913361674112,
    "num_batches": 10,
    "batch_size": 512,
    "device": "cpu",
    "throughput_bps": 38445820.64228057,
    "sample_persec": 234.1972505012218,
    "result_path": "result/1GB/run 2",
    "data_path": "4.pt"
}