{
    "total_cpu_time (seconds)": 21.666591429000082,
    "total_cpu_memory (MB)": 71461.283356,
    "execution_time (seconds/batch)": 2.169625427664393,
    "num_batches": 10,
    "batch_size": 512,
    "device": "cpu",
    "throughput_bps": 38739368.98429511,
    "sample_persec": 235.98543484585227,
    "result_path": "result/1GB/run 2",
    "data_path": "5.pt"
}