{
    "total_cpu_time (seconds)": 23.221607694999975,
    "total_cpu_memory (MB)": 71461.283364,
    "execution_time (seconds/batch)": 2.325339945206334,
    "num_batches": 10,
    "batch_size": 512,
    "device": "cpu",
    "throughput_bps": 36145218.32528964,
    "sample_persec": 220.18286016867472,
    "result_path": "result/1GB/run 2",
    "data_path": "6.pt"
}