{
    "total_cpu_time (seconds)": 20.230077944999827,
    "total_cpu_memory (MB)": 71461.283364,
    "execution_time (seconds/batch)": 2.025777412055527,
    "num_batches": 10,
    "batch_size": 512,
    "device": "cpu",
    "throughput_bps": 41490204.945426725,
    "sample_persec": 252.74247651941232,
    "result_path": "result/1GB/run 2",
    "data_path": "8.pt"
}