{
    "total_cpu_time (seconds)": 21.550091472000087,
    "total_cpu_memory (MB)": 71461.283356,
    "execution_time (seconds/batch)": 2.1579594824298933,
    "num_batches": 10,
    "batch_size": 512,
    "device": "cpu",
    "throughput_bps": 38948794.30514543,
    "sample_persec": 237.2611738861198,
    "result_path": "result/1GB/run 2",
    "data_path": "9.pt"
}