{
    "total_cpu_time (seconds)": 84.52834365500085,
    "total_cpu_memory (MB)": 71461.248332,
    "execution_time (seconds/batch)": 8.464406796667404,
    "num_batches": 10,
    "batch_size": 512,
    "device": "cpu",
    "throughput_bps": 9929806.307642495,
    "sample_persec": 60.48858618203275,
    "result_path": "result/8GB/run 2",
    "data_path": "1.pt"
}