{
    "total_cpu_time (seconds)": 25.861941548000114,
    "total_cpu_memory (MB)": 71461.283364,
    "execution_time (seconds/batch)": 2.589734807857629,
    "num_batches": 10,
    "batch_size": 512,
    "device": "cpu",
    "throughput_bps": 32455029.659786172,
    "sample_persec": 197.7036407150717,
    "result_path": "result/8GB/run 2",
    "data_path": "11.pt"
}