{
    "total_cpu_time (seconds)": 22.46290223999994,
    "total_cpu_memory (MB)": 71461.283356,
    "execution_time (seconds/batch)": 2.2493655284333993,
    "num_batches": 10,
    "batch_size": 512,
    "device": "cpu",
    "throughput_bps": 37366056.7558078,
    "sample_persec": 227.61974144619762,
    "result_path": "result/8GB/run 2",
    "data_path": "12.pt"
}