{
    "total_cpu_time (seconds)": 28.51378156599998,
    "total_cpu_memory (MB)": 71461.283356,
    "execution_time (seconds/batch)": 2.8552818622710716,
    "num_batches": 10,
    "batch_size": 512,
    "device": "cpu",
    "throughput_bps": 29436645.50621537,
    "sample_persec": 179.3167976743139,
    "result_path": "result/8GB/run 2",
    "data_path": "13.pt"
}