{
    "total_cpu_time (seconds)": 24.367188493000096,
    "total_cpu_memory (MB)": 71461.283356,
    "execution_time (seconds/batch)": 2.4400548618063858,
    "num_batches": 10,
    "batch_size": 512,
    "device": "cpu",
    "throughput_bps": 34445914.03071052,
    "sample_persec": 209.8313476529637,
    "result_path": "result/8GB/run 2",
    "data_path": "14.pt"
}