{
    "total_cpu_time (seconds)": 23.620303314999976,
    "total_cpu_memory (MB)": 71461.283356,
    "execution_time (seconds/batch)": 2.365264090999411,
    "num_batches": 10,
    "batch_size": 512,
    "device": "cpu",
    "throughput_bps": 35535110.14682755,
    "sample_persec": 216.46631424724384,
    "result_path": "result/8GB/run 2",
    "data_path": "15.pt"
}