{
    "total_cpu_time (seconds)": 77.77274278200052,
    "total_cpu_memory (MB)": 71452.939604,
    "execution_time (seconds/batch)": 7.787921827573688,
    "num_batches": 10,
    "batch_size": 512,
    "device": "cpu",
    "throughput_bps": 10792342.535131171,
    "sample_persec": 65.74282733388871,
    "result_path": "result/8GB/run 2",
    "data_path": "16.pt"
}