{
    "total_cpu_time (seconds)": 32.517702992000046,
    "total_cpu_memory (MB)": 71461.283364,
    "execution_time (seconds/batch)": 3.2562221654418195,
    "num_batches": 10,
    "batch_size": 512,
    "device": "cpu",
    "throughput_bps": 25812096.266654983,
    "sample_persec": 157.23742852494507,
    "result_path": "result/8GB/run 2",
    "data_path": "17.pt"
}