{
    "total_cpu_time (seconds)": 22.456726847999832,
    "total_cpu_memory (MB)": 71461.283324,
    "execution_time (seconds/batch)": 2.2487471437856277,
    "num_batches": 10,
    "batch_size": 512,
    "device": "cpu",
    "throughput_bps": 37376332.07551611,
    "sample_persec": 227.6823347680075,
    "result_path": "result/8GB/run 2",
    "data_path": "19.pt"
}