{
    "total_cpu_time (seconds)": 20.586462655999853,
    "total_cpu_memory (MB)": 71461.283356,
    "execution_time (seconds/batch)": 2.061464674334427,
    "num_batches": 10,
    "batch_size": 512,
    "device": "cpu",
    "throughput_bps": 40771942.90372048,
    "sample_persec": 248.36709858504196,
    "result_path": "result/8GB/run 2",
    "data_path": "20.pt"
}