{
    "total_cpu_time (seconds)": 74.45238443699965,
    "total_cpu_memory (MB)": 71459.962732,
    "execution_time (seconds/batch)": 7.455431416339492,
    "num_batches": 10,
    "batch_size": 512,
    "device": "cpu",
    "throughput_bps": 11273649.411594654,
    "sample_persec": 68.67476493417796,
    "result_path": "result/8GB/run 2",
    "data_path": "3.pt"
}