{
    "total_cpu_time (seconds)": 23.873566938999943,
    "total_cpu_memory (MB)": 71461.283364,
    "execution_time (seconds/batch)": 2.3906251266903915,
    "num_batches": 10,
    "batch_size": 512,
    "device": "cpu",
    "throughput_bps": 35158134.607394375,
    "sample_persec": 214.16992329065772,
    "result_path": "result/8GB/run 2",
    "data_path": "21.pt"
}