{
    "total_cpu_time (seconds)": 24.10630896699999,
    "total_cpu_memory (MB)": 71461.283324,
    "execution_time (seconds/batch)": 2.413931193253275,
    "num_batches": 10,
    "batch_size": 512,
    "device": "cpu",
    "throughput_bps": 34818689.213227004,
    "sample_persec": 212.10215164002807,
    "result_path": "result/8GB/run 2",
    "data_path": "22.pt"
}