{
    "total_cpu_time (seconds)": 22.247739985999996,
    "total_cpu_memory (MB)": 71461.283356,
    "execution_time (seconds/batch)": 2.227819846045765,
    "num_batches": 10,
    "batch_size": 512,
    "device": "cpu",
    "throughput_bps": 37727431.214504674,
    "sample_persec": 229.821096579585,
    "result_path": "result/8GB/run 2",
    "data_path": "23.pt"
}