{
    "total_cpu_time (seconds)": 21.242988777000054,
    "total_cpu_memory (MB)": 71461.283308,
    "execution_time (seconds/batch)": 2.127207168751032,
    "num_batches": 10,
    "batch_size": 512,
    "device": "cpu",
    "throughput_bps": 39511863.83475242,
    "sample_persec": 240.69117833060685,
    "result_path": "result/8GB/run 2",
    "data_path": "24.pt"
}