{
    "total_cpu_time (seconds)": 30.228691131999923,
    "total_cpu_memory (MB)": 71461.281212,
    "execution_time (seconds/batch)": 3.027007600153327,
    "num_batches": 10,
    "batch_size": 512,
    "device": "cpu",
    "throughput_bps": 27766669.62968399,
    "sample_persec": 169.14394267595023,
    "result_path": "result/8GB/run 2",
    "data_path": "25.pt"
}