{
    "total_cpu_time (seconds)": 28.514459911000163,
    "total_cpu_memory (MB)": 71461.283356,
    "execution_time (seconds/batch)": 2.8553497896405404,
    "num_batches": 10,
    "batch_size": 512,
    "device": "cpu",
    "throughput_bps": 29435945.222872686,
    "sample_persec": 179.31253181574493,
    "result_path": "result/8GB/run 2",
    "data_path": "26.pt"
}