{
    "total_cpu_time (seconds)": 24.232147769000047,
    "total_cpu_memory (MB)": 71461.283356,
    "execution_time (seconds/batch)": 2.426532301531004,
    "num_batches": 10,
    "batch_size": 512,
    "device": "cpu",
    "throughput_bps": 34637873.9516343,
    "sample_persec": 211.00069414981908,
    "result_path": "result/8GB/run 2",
    "data_path": "28.pt"
}