{
    "total_cpu_time (seconds)": 22.864636308999973,
    "total_cpu_memory (MB)": 71461.283324,
    "execution_time (seconds/batch)": 2.289593935108153,
    "num_batches": 10,
    "batch_size": 512,
    "device": "cpu",
    "throughput_bps": 36709531.201666884,
    "sample_persec": 223.62043860664522,
    "result_path": "result/8GB/run 2",
    "data_path": "29.pt"
}