{
    "total_cpu_time (seconds)": 23.779395266999938,
    "total_cpu_memory (MB)": 71461.283356,
    "execution_time (seconds/batch)": 2.381195066830426,
    "num_batches": 10,
    "batch_size": 512,
    "device": "cpu",
    "throughput_bps": 35297368.60738487,
    "sample_persec": 215.01808362198386,
    "result_path": "result/8GB/run 2",
    "data_path": "30.pt"
}