{
    "total_cpu_time (seconds)": 87.71730916499979,
    "total_cpu_memory (MB)": 71461.213692,
    "execution_time (seconds/batch)": 8.783739935943652,
    "num_batches": 10,
    "batch_size": 512,
    "device": "cpu",
    "throughput_bps": 9568807.889685133,
    "sample_persec": 58.28952174515797,
    "result_path": "result/8GB/run 2",
    "data_path": "4.pt"
}