{
    "total_cpu_time (seconds)": 20.93607867799994,
    "total_cpu_memory (MB)": 71461.283356,
    "execution_time (seconds/batch)": 2.096474141039697,
    "num_batches": 10,
    "batch_size": 512,
    "device": "cpu",
    "throughput_bps": 40091083.57440432,
    "sample_persec": 244.21956368423687,
    "result_path": "result/8GB/run 2",
    "data_path": "31.pt"
}