{
    "total_cpu_time (seconds)": 23.932584805999866,
    "total_cpu_memory (MB)": 71461.283364,
    "execution_time (seconds/batch)": 2.39653499328612,
    "num_batches": 10,
    "batch_size": 512,
    "device": "cpu",
    "throughput_bps": 35071434.48164346,
    "sample_persec": 213.6417792497774,
    "result_path": "result/8GB/run 2",
    "data_path": "32.pt"
}