{
    "total_cpu_time (seconds)": 20.898877388999992,
    "total_cpu_memory (MB)": 71461.283356,
    "execution_time (seconds/batch)": 2.0927489190627804,
    "num_batches": 10,
    "batch_size": 512,
    "device": "cpu",
    "throughput_bps": 40162448.17254095,
    "sample_persec": 244.65428955007886,
    "result_path": "result/8GB/run 2",
    "data_path": "33.pt"
}