{
    "total_cpu_time (seconds)": 22.734519788000078,
    "total_cpu_memory (MB)": 71461.283364,
    "execution_time (seconds/batch)": 2.276564469285359,
    "num_batches": 10,
    "batch_size": 512,
    "device": "cpu",
    "throughput_bps": 36919630.93247444,
    "sample_persec": 224.900285894703,
    "result_path": "result/8GB/run 2",
    "data_path": "34.pt"
}