{
    "total_cpu_time (seconds)": 31.721363355000005,
    "total_cpu_memory (MB)": 71461.283356,
    "execution_time (seconds/batch)": 3.1764791781263453,
    "num_batches": 10,
    "batch_size": 512,
    "device": "cpu",
    "throughput_bps": 26460088.445968367,
    "sample_persec": 161.18474930536286,
    "result_path": "result/8GB/run 2",
    "data_path": "35.pt"
}