{
    "total_cpu_time (seconds)": 22.404842798999983,
    "total_cpu_memory (MB)": 71461.283372,
    "execution_time (seconds/batch)": 2.243551635651866,
    "num_batches": 10,
    "batch_size": 512,
    "device": "cpu",
    "throughput_bps": 37462886.373720214,
    "sample_persec": 228.20959048318846,
    "result_path": "result/8GB/run 2",
    "data_path": "36.pt"
}