{
    "total_cpu_time (seconds)": 22.94814509600007,
    "total_cpu_memory (MB)": 71461.283356,
    "execution_time (seconds/batch)": 2.297956246655982,
    "num_batches": 10,
    "batch_size": 512,
    "device": "cpu",
    "throughput_bps": 36575944.43859,
    "sample_persec": 222.80667908497804,
    "result_path": "result/8GB/run 2",
    "data_path": "37.pt"
}