{
    "total_cpu_time (seconds)": 22.47557092700006,
    "total_cpu_memory (MB)": 71461.283356,
    "execution_time (seconds/batch)": 2.250634131551737,
    "num_batches": 10,
    "batch_size": 512,
    "device": "cpu",
    "throughput_bps": 37344994.826880366,
    "sample_persec": 227.49144022222444,
    "result_path": "result/8GB/run 2",
    "data_path": "38.pt"
}