{
    "total_cpu_time (seconds)": 21.798946594999975,
    "total_cpu_memory (MB)": 71461.283356,
    "execution_time (seconds/batch)": 2.182879064470954,
    "num_batches": 10,
    "batch_size": 512,
    "device": "cpu",
    "throughput_bps": 38504157.81983345,
    "sample_persec": 234.5526182982057,
    "result_path": "result/8GB/run 2",
    "data_path": "40.pt"
}