{
    "total_cpu_time (seconds)": 23.13749181599994,
    "total_cpu_memory (MB)": 71461.283364,
    "execution_time (seconds/batch)": 2.316916841344019,
    "num_batches": 10,
    "batch_size": 512,
    "device": "cpu",
    "throughput_bps": 36276623.528379865,
    "sample_persec": 220.98333046040366,
    "result_path": "result/8GB/run 2",
    "data_path": "41.pt"
}