{
    "total_cpu_time (seconds)": 22.088994490000044,
    "total_cpu_memory (MB)": 71461.283356,
    "execution_time (seconds/batch)": 2.2119235632466308,
    "num_batches": 10,
    "batch_size": 512,
    "device": "cpu",
    "throughput_bps": 37998564.41541438,
    "sample_persec": 231.47273644867434,
    "result_path": "result/8GB/run 2",
    "data_path": "42.pt"
}