{
    "total_cpu_time (seconds)": 21.72521817900011,
    "total_cpu_memory (MB)": 71461.283356,
    "execution_time (seconds/batch)": 2.175496129013897,
    "num_batches": 10,
    "batch_size": 512,
    "device": "cpu",
    "throughput_bps": 38634828.57039048,
    "sample_persec": 235.34861458571197,
    "result_path": "result/8GB/run 2",
    "data_path": "43.pt"
}