{
    "total_cpu_time (seconds)": 23.071700436000043,
    "total_cpu_memory (MB)": 71461.283356,
    "execution_time (seconds/batch)": 2.310328696114223,
    "num_batches": 10,
    "batch_size": 512,
    "device": "cpu",
    "throughput_bps": 36380070.13519974,
    "sample_persec": 221.61348766569043,
    "result_path": "result/8GB/run 2",
    "data_path": "44.pt"
}