{
    "total_cpu_time (seconds)": 24.921553049999858,
    "total_cpu_memory (MB)": 71461.283364,
    "execution_time (seconds/batch)": 2.4955672132994184,
    "num_batches": 10,
    "batch_size": 512,
    "device": "cpu",
    "throughput_bps": 33679685.94557572,
    "sample_persec": 205.16377890823418,
    "result_path": "result/8GB/run 2",
    "data_path": "45.pt"
}