{
    "total_cpu_time (seconds)": 23.098580325999787,
    "total_cpu_memory (MB)": 71461.283356,
    "execution_time (seconds/batch)": 2.3130203651304306,
    "num_batches": 10,
    "batch_size": 512,
    "device": "cpu",
    "throughput_bps": 36337734.53406687,
    "sample_persec": 221.35559535859446,
    "result_path": "result/8GB/run 2",
    "data_path": "46.pt"
}