{
    "total_cpu_time (seconds)": 22.975992202999908,
    "total_cpu_memory (MB)": 71461.283364,
    "execution_time (seconds/batch)": 2.300744769789938,
    "num_batches": 10,
    "batch_size": 512,
    "device": "cpu",
    "throughput_bps": 36531614.06846267,
    "sample_persec": 222.53663540730182,
    "result_path": "result/8GB/run 2",
    "data_path": "48.pt"
}