{
    "total_cpu_time (seconds)": 21.54603643599991,
    "total_cpu_memory (MB)": 71461.283364,
    "execution_time (seconds/batch)": 2.1575534236714167,
    "num_batches": 10,
    "batch_size": 512,
    "device": "cpu",
    "throughput_bps": 38956124.59828496,
    "sample_persec": 237.305827231268,
    "result_path": "result/8GB/run 2",
    "data_path": "49.pt"
}