{
    "total_cpu_time (seconds)": 80.29722563899988,
    "total_cpu_memory (MB)": 71452.571716,
    "execution_time (seconds/batch)": 8.040715729937011,
    "num_batches": 10,
    "batch_size": 512,
    "device": "cpu",
    "throughput_bps": 10453039.60778855,
    "sample_persec": 63.67592353672362,
    "result_path": "result/8GB/run 2",
    "data_path": "6.pt"
}