{
    "total_cpu_time (seconds)": 24.74472730299995,
    "total_cpu_memory (MB)": 71461.283372,
    "execution_time (seconds/batch)": 2.477860430106782,
    "num_batches": 10,
    "batch_size": 512,
    "device": "cpu",
    "throughput_bps": 33920360.880204186,
    "sample_persec": 206.62987865621457,
    "result_path": "result/8GB/run 2",
    "data_path": "51.pt"
}