{
    "total_cpu_time (seconds)": 21.092217914999857,
    "total_cpu_memory (MB)": 71461.283356,
    "execution_time (seconds/batch)": 2.1121094411265258,
    "num_batches": 10,
    "batch_size": 512,
    "device": "cpu",
    "throughput_bps": 39794301.54678476,
    "sample_persec": 242.41168096238277,
    "result_path": "result/8GB/run 2",
    "data_path": "52.pt"
}