{
    "total_cpu_time (seconds)": 22.2451906160001,
    "total_cpu_memory (MB)": 71461.283356,
    "execution_time (seconds/batch)": 2.227564560021915,
    "num_batches": 10,
    "batch_size": 512,
    "device": "cpu",
    "throughput_bps": 37731754.898799926,
    "sample_persec": 229.8474348123777,
    "result_path": "result/8GB/run 2",
    "data_path": "53.pt"
}