{
    "total_cpu_time (seconds)": 19.951738769000013,
    "total_cpu_memory (MB)": 71461.283356,
    "execution_time (seconds/batch)": 1.9979053881728939,
    "num_batches": 10,
    "batch_size": 512,
    "device": "cpu",
    "throughput_bps": 42069019.13251486,
    "sample_persec": 256.2683914017718,
    "result_path": "result/8GB/run 2",
    "data_path": "55.pt"
}