{
    "total_cpu_time (seconds)": 22.38816527400013,
    "total_cpu_memory (MB)": 71461.283364,
    "execution_time (seconds/batch)": 2.2418815998998762,
    "num_batches": 10,
    "batch_size": 512,
    "device": "cpu",
    "throughput_bps": 37490793.44946393,
    "sample_persec": 228.37958972626666,
    "result_path": "result/8GB/run 2",
    "data_path": "56.pt"
}