{
    "total_cpu_time (seconds)": 22.951080699000226,
    "total_cpu_memory (MB)": 71461.283364,
    "execution_time (seconds/batch)": 2.298250208857445,
    "num_batches": 10,
    "batch_size": 512,
    "device": "cpu",
    "throughput_bps": 36571266.1206652,
    "sample_persec": 222.7781805596077,
    "result_path": "result/8GB/run 2",
    "data_path": "58.pt"
}