{
    "total_cpu_time (seconds)": 20.599527709000203,
    "total_cpu_memory (MB)": 71461.283356,
    "execution_time (seconds/batch)": 2.062772968317642,
    "num_batches": 10,
    "batch_size": 512,
    "device": "cpu",
    "throughput_bps": 40746083.68973804,
    "sample_persec": 248.2095741333945,
    "result_path": "result/8GB/run 2",
    "data_path": "59.pt"
}