{
    "total_cpu_time (seconds)": 21.793756217000066,
    "total_cpu_memory (MB)": 71461.283356,
    "execution_time (seconds/batch)": 2.182359316077456,
    "num_batches": 10,
    "batch_size": 512,
    "device": "cpu",
    "throughput_bps": 38513327.92945857,
    "sample_persec": 234.6084791024523,
    "result_path": "result/8GB/run 2",
    "data_path": "60.pt"
}