{
    "total_cpu_time (seconds)": 74.96289101700002,
    "total_cpu_memory (MB)": 71461.176268,
    "execution_time (seconds/batch)": 7.506551965715628,
    "num_batches": 10,
    "batch_size": 512,
    "device": "cpu",
    "throughput_bps": 11196874.461654006,
    "sample_persec": 68.2070812722588,
    "result_path": "result/8GB/run 2",
    "data_path": "7.pt"
}