{
    "total_cpu_time (seconds)": 22.299397736999993,
    "total_cpu_memory (MB)": 71461.283364,
    "execution_time (seconds/batch)": 2.232992693398004,
    "num_batches": 10,
    "batch_size": 512,
    "device": "cpu",
    "throughput_bps": 37640033.596392564,
    "sample_persec": 229.28870368172858,
    "result_path": "result/8GB/run 2",
    "data_path": "61.pt"
}