{
    "total_cpu_time (seconds)": 21.337902154000012,
    "total_cpu_memory (MB)": 71461.283364,
    "execution_time (seconds/batch)": 2.1367115006548025,
    "num_batches": 10,
    "batch_size": 512,
    "device": "cpu",
    "throughput_bps": 39336110.642097734,
    "sample_persec": 239.62055703032243,
    "result_path": "result/8GB/run 2",
    "data_path": "62.pt"
}