{
    "total_cpu_time (seconds)": 20.674732857000052,
    "total_cpu_memory (MB)": 71461.283356,
    "execution_time (seconds/batch)": 2.070303779148059,
    "num_batches": 10,
    "batch_size": 512,
    "device": "cpu",
    "throughput_bps": 40597868.219410285,
    "sample_persec": 247.30670211629072,
    "result_path": "result/8GB/run 2",
    "data_path": "63.pt"
}