{
    "total_cpu_time (seconds)": 21.250264540999847,
    "total_cpu_memory (MB)": 71461.283364,
    "execution_time (seconds/batch)": 2.12793574124622,
    "num_batches": 10,
    "batch_size": 512,
    "device": "cpu",
    "throughput_bps": 39498335.57980298,
    "sample_persec": 240.6087693701449,
    "result_path": "result/8GB/run 2",
    "data_path": "64.pt"
}