{
    "total_cpu_time (seconds)": 24.79968938499989,
    "total_cpu_memory (MB)": 71461.283356,
    "execution_time (seconds/batch)": 2.483364162941511,
    "num_batches": 10,
    "batch_size": 512,
    "device": "cpu",
    "throughput_bps": 33845185.194443665,
    "sample_persec": 206.17193710065584,
    "result_path": "result/8GB/run 2",
    "data_path": "65.pt"
}