{
    "total_cpu_time (seconds)": 20.430362826000056,
    "total_cpu_memory (MB)": 71461.283364,
    "execution_time (seconds/batch)": 2.0458333203426617,
    "num_batches": 10,
    "batch_size": 512,
    "device": "cpu",
    "throughput_bps": 41083464.21199273,
    "sample_persec": 250.26476737325007,
    "result_path": "result/8GB/run 2",
    "data_path": "66.pt"
}