{
    "total_cpu_time (seconds)": 20.499170959000175,
    "total_cpu_memory (MB)": 71461.283356,
    "execution_time (seconds/batch)": 2.052723553883843,
    "num_batches": 10,
    "batch_size": 512,
    "device": "cpu",
    "throughput_bps": 40945562.22194356,
    "sample_persec": 249.4247211375704,
    "result_path": "result/8GB/run 2",
    "data_path": "68.pt"
}