{
    "total_cpu_time (seconds)": 21.591748857000052,
    "total_cpu_memory (MB)": 71461.283356,
    "execution_time (seconds/batch)": 2.162130924072761,
    "num_batches": 10,
    "batch_size": 512,
    "device": "cpu",
    "throughput_bps": 38873649.63157593,
    "sample_persec": 236.80342124498006,
    "result_path": "result/8GB/run 2",
    "data_path": "70.pt"
}