{
    "total_cpu_time (seconds)": 21.50022719200001,
    "total_cpu_memory (MB)": 71461.283356,
    "execution_time (seconds/batch)": 2.1529662277144546,
    "num_batches": 10,
    "batch_size": 512,
    "device": "cpu",
    "throughput_bps": 39039126.07548224,
    "sample_persec": 237.81144051828852,
    "result_path": "result/8GB/run 2",
    "data_path": "71.pt"
}