{
    "total_cpu_time (seconds)": 25.254333990000088,
    "total_cpu_memory (MB)": 71461.283372,
    "execution_time (seconds/batch)": 2.528890866982211,
    "num_batches": 10,
    "batch_size": 512,
    "device": "cpu",
    "throughput_bps": 33235882.614538793,
    "sample_persec": 202.4602985778435,
    "result_path": "result/8GB/run 2",
    "data_path": "72.pt"
}