{
    "total_cpu_time (seconds)": 20.222051739,
    "total_cpu_memory (MB)": 71461.28334,
    "execution_time (seconds/batch)": 2.0249736926203794,
    "num_batches": 10,
    "batch_size": 512,
    "device": "cpu",
    "throughput_bps": 41506672.55890953,
    "sample_persec": 252.84279092902977,
    "result_path": "result/8GB/run 2",
    "data_path": "73.pt"
}