{
    "total_cpu_time (seconds)": 20.903674843999895,
    "total_cpu_memory (MB)": 71461.283356,
    "execution_time (seconds/batch)": 2.09322932136279,
    "num_batches": 10,
    "batch_size": 512,
    "device": "cpu",
    "throughput_bps": 40153230.77228804,
    "sample_persec": 244.59814066939597,
    "result_path": "result/8GB/run 2",
    "data_path": "75.pt"
}