{
    "total_cpu_time (seconds)": 23.804977895999894,
    "total_cpu_memory (MB)": 71461.283356,
    "execution_time (seconds/batch)": 2.383756832143936,
    "num_batches": 10,
    "batch_size": 512,
    "device": "cpu",
    "throughput_bps": 35259435.3864551,
    "sample_persec": 214.78700893308417,
    "result_path": "result/8GB/run 2",
    "data_path": "76.pt"
}