{
    "total_cpu_time (seconds)": 20.387011709000046,
    "total_cpu_memory (MB)": 71461.28334,
    "execution_time (seconds/batch)": 2.0414922736178416,
    "num_batches": 10,
    "batch_size": 512,
    "device": "cpu",
    "throughput_bps": 41170824.44355789,
    "sample_persec": 250.7969325265466,
    "result_path": "result/8GB/run 2",
    "data_path": "77.pt"
}