{
    "total_cpu_time (seconds)": 20.422547533999918,
    "total_cpu_memory (MB)": 71461.283356,
    "execution_time (seconds/batch)": 2.045050721182859,
    "num_batches": 10,
    "batch_size": 512,
    "device": "cpu",
    "throughput_bps": 41099186.01499794,
    "sample_persec": 250.36053859038702,
    "result_path": "result/8GB/run 2",
    "data_path": "78.pt"
}