{
    "total_cpu_time (seconds)": 21.248676412000126,
    "total_cpu_memory (MB)": 71461.283356,
    "execution_time (seconds/batch)": 2.1277767109219763,
    "num_batches": 10,
    "batch_size": 512,
    "device": "cpu",
    "throughput_bps": 39501287.69084081,
    "sample_persec": 240.62675250268524,
    "result_path": "result/8GB/run 2",
    "data_path": "79.pt"
}