{
    "total_cpu_time (seconds)": 19.81382234700002,
    "total_cpu_memory (MB)": 71461.283372,
    "execution_time (seconds/batch)": 1.9840948643974203,
    "num_batches": 10,
    "batch_size": 512,
    "device": "cpu",
    "throughput_bps": 42361845.44811389,
    "sample_persec": 258.0521774373409,
    "result_path": "result/8GB/run 2",
    "data_path": "80.pt"
}