{
    "total_cpu_time (seconds)": 26.73054085900009,
    "total_cpu_memory (MB)": 71461.283356,
    "execution_time (seconds/batch)": 2.676713655350684,
    "num_batches": 10,
    "batch_size": 512,
    "device": "cpu",
    "throughput_bps": 31400415.14414002,
    "sample_persec": 191.27933201839681,
    "result_path": "result/8GB/run 2",
    "data_path": "9.pt"
}