{
    "total_cpu_time (seconds)": 21.132224526000112,
    "total_cpu_memory (MB)": 71461.283356,
    "execution_time (seconds/batch)": 2.1161155793686794,
    "num_batches": 10,
    "batch_size": 512,
    "device": "cpu",
    "throughput_bps": 39718964.70091459,
    "sample_persec": 241.95275768100993,
    "result_path": "result/8GB/run 2",
    "data_path": "10.pt"
}