{
    "total_cpu_time (seconds)": 35.73473136400175,
    "total_cpu_memory (MB)": 71518.211556,
    "execution_time (seconds/batch)": 0.22364783955565345,
    "num_batches": 160,
    "batch_size": 32,
    "device": "cpu",
    "throughput_bps": 23488355.668612625,
    "sample_persec": 143.08208862458957,
    "result_path": "result/Batches/32/run 3",
    "data_path": "10.pt"
}