{
    "total_cpu_time (seconds)": 38.406537201,
    "total_cpu_memory (MB)": 71518.209508,
    "execution_time (seconds/batch)": 0.24036948766516722,
    "num_batches": 160,
    "batch_size": 32,
    "device": "cpu",
    "throughput_bps": 21854354.523222823,
    "sample_persec": 133.12837794360883,
    "result_path": "result/Batches/32/run 3",
    "data_path": "109.pt"
}