{
    "total_cpu_time (seconds)": 32.6382705230006,
    "total_cpu_memory (MB)": 71518.211596,
    "execution_time (seconds/batch)": 0.20426846405946003,
    "num_batches": 160,
    "batch_size": 32,
    "device": "cpu",
    "throughput_bps": 25716744.99138977,
    "sample_persec": 156.6565849865361,
    "result_path": "result/Batches/32/run 3",
    "data_path": "114.pt"
}