{
    "total_cpu_time (seconds)": 38.33625016699861,
    "total_cpu_memory (MB)": 71518.21166,
    "execution_time (seconds/batch)": 0.239929592283191,
    "num_batches": 160,
    "batch_size": 32,
    "device": "cpu",
    "throughput_bps": 21894423.068079475,
    "sample_persec": 133.3724602100358,
    "result_path": "result/Batches/32/run 3",
    "data_path": "115.pt"
}