{
    "total_cpu_time (seconds)": 34.218490969999834,
    "total_cpu_memory (MB)": 71518.209356,
    "execution_time (seconds/batch)": 0.21415836319968604,
    "num_batches": 160,
    "batch_size": 32,
    "device": "cpu",
    "throughput_bps": 24529137.790906038,
    "sample_persec": 149.42213566585062,
    "result_path": "result/Batches/32/run 3",
    "data_path": "116.pt"
}