{
    "total_cpu_time (seconds)": 36.29043911900033,
    "total_cpu_memory (MB)": 71518.21162,
    "execution_time (seconds/batch)": 0.227125768004696,
    "num_batches": 160,
    "batch_size": 32,
    "device": "cpu",
    "throughput_bps": 23128683.48734164,
    "sample_persec": 140.8911031148979,
    "result_path": "result/Batches/32/run 3",
    "data_path": "100.pt"
}