{
    "total_cpu_time (seconds)": 30.106340512000553,
    "total_cpu_memory (MB)": 71518.211692,
    "execution_time (seconds/batch)": 0.18842223672677835,
    "num_batches": 160,
    "batch_size": 32,
    "device": "cpu",
    "throughput_bps": 27879511.947505888,
    "sample_persec": 169.831334962877,
    "result_path": "result/Batches/32/run 3",
    "data_path": "124.pt"
}