{
    "total_cpu_time (seconds)": 30.667661334999664,
    "total_cpu_memory (MB)": 71518.207076,
    "execution_time (seconds/batch)": 0.19193529487971625,
    "num_batches": 160,
    "batch_size": 32,
    "device": "cpu",
    "throughput_bps": 27369223.58804342,
    "sample_persec": 166.72285324100525,
    "result_path": "result/Batches/32/run 3",
    "data_path": "128.pt"
}