{
    "total_cpu_time (seconds)": 28.568193361000002,
    "total_cpu_memory (MB)": 71518.211596,
    "execution_time (seconds/batch)": 0.17879565569176611,
    "num_batches": 160,
    "batch_size": 32,
    "device": "cpu",
    "throughput_bps": 29380579.632516857,
    "sample_persec": 178.9752657926222,
    "result_path": "result/Batches/32/run 3",
    "data_path": "13.pt"
}