{
    "total_cpu_time (seconds)": 1.9518878030000035,
    "total_cpu_memory (MB)": 3357.528224,
    "execution_time (seconds/batch)": 0.2602517070666671,
    "num_batches": 8,
    "batch_size": 32,
    "device": "cpu",
    "throughput_bps": 20184766.73682044,
    "sample_persec": 122.95788704203484,
    "result_path": "result/Batches/32/run 3",
    "data_path": "130.pt"
}