{
    "total_cpu_time (seconds)": 29.87148054099835,
    "total_cpu_memory (MB)": 71518.204748,
    "execution_time (seconds/batch)": 0.1869523523004004,
    "num_batches": 160,
    "batch_size": 32,
    "device": "cpu",
    "throughput_bps": 28098710.36850682,
    "sample_persec": 171.1666079952901,
    "result_path": "result/Batches/32/run 3",
    "data_path": "15.pt"
}