{
    "total_cpu_time (seconds)": 25.837386293998907,
    "total_cpu_memory (MB)": 71518.1741,
    "execution_time (seconds/batch)": 0.1617047450436075,
    "num_batches": 160,
    "batch_size": 32,
    "device": "cpu",
    "throughput_bps": 32485874.168895744,
    "sample_persec": 197.89153367992046,
    "result_path": "result/Batches/32/run 3",
    "data_path": "18.pt"
}