{
    "total_cpu_time (seconds)": 32.042749325000706,
    "total_cpu_memory (MB)": 71518.209348,
    "execution_time (seconds/batch)": 0.2005413609231415,
    "num_batches": 160,
    "batch_size": 32,
    "device": "cpu",
    "throughput_bps": 26194696.07575509,
    "sample_persec": 159.56808038349834,
    "result_path": "result/Batches/32/run 3",
    "data_path": "20.pt"
}