{
    "total_cpu_time (seconds)": 37.422817308001434,
    "total_cpu_memory (MB)": 71518.213852,
    "execution_time (seconds/batch)": 0.2342128210162421,
    "num_batches": 160,
    "batch_size": 32,
    "device": "cpu",
    "throughput_bps": 22428831.93672693,
    "sample_persec": 136.62787485822938,
    "result_path": "result/Batches/32/run 3",
    "data_path": "26.pt"
}