{
    "total_cpu_time (seconds)": 27.705405204001107,
    "total_cpu_memory (MB)": 71518.198236,
    "execution_time (seconds/batch)": 0.1733958471597957,
    "num_batches": 160,
    "batch_size": 32,
    "device": "cpu",
    "throughput_bps": 30295535.250961944,
    "sample_persec": 184.54882584650306,
    "result_path": "result/Batches/32/run 3",
    "data_path": "103.pt"
}