{
    "total_cpu_time (seconds)": 39.43562322500117,
    "total_cpu_memory (MB)": 71518.205196,
    "execution_time (seconds/batch)": 0.24681008081361971,
    "num_batches": 160,
    "batch_size": 32,
    "device": "cpu",
    "throughput_bps": 21284057.69603442,
    "sample_persec": 129.6543475635625,
    "result_path": "result/Batches/32/run 3",
    "data_path": "31.pt"
}