{
    "total_cpu_time (seconds)": 33.537788363999816,
    "total_cpu_memory (MB)": 71518.209244,
    "execution_time (seconds/batch)": 0.2098981473983951,
    "num_batches": 160,
    "batch_size": 32,
    "device": "cpu",
    "throughput_bps": 25026995.545746136,
    "sample_persec": 152.45489489367773,
    "result_path": "result/Batches/32/run 3",
    "data_path": "32.pt"
}