{
    "total_cpu_time (seconds)": 31.352312645000158,
    "total_cpu_memory (MB)": 71518.209332,
    "execution_time (seconds/batch)": 0.1962202238685713,
    "num_batches": 160,
    "batch_size": 32,
    "device": "cpu",
    "throughput_bps": 26771552.373309646,
    "sample_persec": 163.08206855086286,
    "result_path": "result/Batches/32/run 3",
    "data_path": "35.pt"
}