{
    "total_cpu_time (seconds)": 33.225834775999544,
    "total_cpu_memory (MB)": 71518.209564,
    "execution_time (seconds/batch)": 0.20794576820496488,
    "num_batches": 160,
    "batch_size": 32,
    "device": "cpu",
    "throughput_bps": 25261971.163665053,
    "sample_persec": 153.8862765817803,
    "result_path": "result/Batches/32/run 3",
    "data_path": "37.pt"
}