{
    "total_cpu_time (seconds)": 46.27290612100284,
    "total_cpu_memory (MB)": 71518.211476,
    "execution_time (seconds/batch)": 0.28960160294779796,
    "num_batches": 160,
    "batch_size": 32,
    "device": "cpu",
    "throughput_bps": 18139126.118534986,
    "sample_persec": 110.49662596573455,
    "result_path": "result/Batches/32/run 3",
    "data_path": "38.pt"
}