{
    "total_cpu_time (seconds)": 33.00180376500153,
    "total_cpu_memory (MB)": 71518.20722,
    "execution_time (seconds/batch)": 0.20654365743791298,
    "num_batches": 160,
    "batch_size": 32,
    "device": "cpu",
    "throughput_bps": 25433460.727687016,
    "sample_persec": 154.93092548542285,
    "result_path": "result/Batches/32/run 3",
    "data_path": "4.pt"
}