{
    "total_cpu_time (seconds)": 48.86373870400023,
    "total_cpu_memory (MB)": 71518.207092,
    "execution_time (seconds/batch)": 0.30581647536241097,
    "num_batches": 160,
    "batch_size": 32,
    "device": "cpu",
    "throughput_bps": 17177361.009653702,
    "sample_persec": 104.63792038044409,
    "result_path": "result/Batches/32/run 3",
    "data_path": "41.pt"
}