{
    "total_cpu_time (seconds)": 32.289045522001004,
    "total_cpu_memory (MB)": 71518.20642,
    "execution_time (seconds/batch)": 0.202082819617452,
    "num_batches": 160,
    "batch_size": 32,
    "device": "cpu",
    "throughput_bps": 25994886.700137556,
    "sample_persec": 158.35091800766054,
    "result_path": "result/Batches/32/run 3",
    "data_path": "42.pt"
}