{
    "total_cpu_time (seconds)": 30.53098241599928,
    "total_cpu_memory (MB)": 71518.207188,
    "execution_time (seconds/batch)": 0.1910798821263401,
    "num_batches": 160,
    "batch_size": 32,
    "device": "cpu",
    "throughput_bps": 27491748.17120041,
    "sample_persec": 167.4692261890863,
    "result_path": "result/Batches/32/run 3",
    "data_path": "44.pt"
}