{
    "total_cpu_time (seconds)": 115.01688310499924,
    "total_cpu_memory (MB)": 71518.2049,
    "execution_time (seconds/batch)": 0.7198396752121994,
    "num_batches": 160,
    "batch_size": 32,
    "device": "cpu",
    "throughput_bps": 7297624.98635748,
    "sample_persec": 44.45434324048173,
    "result_path": "result/Batches/32/run 3",
    "data_path": "48.pt"
}