{
    "total_cpu_time (seconds)": 35.75770606099875,
    "total_cpu_memory (MB)": 71518.211396,
    "execution_time (seconds/batch)": 0.2237916279976452,
    "num_batches": 160,
    "batch_size": 32,
    "device": "cpu",
    "throughput_bps": 23473264.156491477,
    "sample_persec": 142.99015689870538,
    "result_path": "result/Batches/32/run 3",
    "data_path": "49.pt"
}