{
    "total_cpu_time (seconds)": 45.98053616800002,
    "total_cpu_memory (MB)": 71518.20938,
    "execution_time (seconds/batch)": 0.2877717890428321,
    "num_batches": 160,
    "batch_size": 32,
    "device": "cpu",
    "throughput_bps": 18254464.822533812,
    "sample_persec": 111.19922528346619,
    "result_path": "result/Batches/32/run 3",
    "data_path": "5.pt"
}