{
    "total_cpu_time (seconds)": 30.036504406001736,
    "total_cpu_memory (MB)": 71518.209588,
    "execution_time (seconds/batch)": 0.18798516350323793,
    "num_batches": 160,
    "batch_size": 32,
    "device": "cpu",
    "throughput_bps": 27944332.957475755,
    "sample_persec": 170.2261997896915,
    "result_path": "result/Batches/32/run 3",
    "data_path": "53.pt"
}