{"total_cpu_time (seconds)": 25.09757469400036, "total_cpu_memory (MB)": 71460.480324, "execution_time (seconds/batch)": 1.2565967380528247, "num_batches": 20, "batch_size": 256, "device": "cpu", "throughput_bps": 33443473.73137408, "sample_persec": 203.724864348039, "result_path": "result/1GB/Batches/256/run 1", "data_path": "data/10.pt"}