{"total_cpu_time (seconds)": 21.02325134500004, "total_cpu_memory (MB)": 71460.480308, "execution_time (seconds/batch)": 1.0526016710972053, "num_batches": 20, "batch_size": 256, "device": "cpu", "throughput_bps": 39924846.363006674, "sample_persec": 243.2069101060348, "result_path": "result/1GB/Batches/256/run 1", "data_path": "data/102.pt"}