{"total_cpu_time (seconds)": 21.48789796099994, "total_cpu_memory (MB)": 71460.480308, "execution_time (seconds/batch)": 1.0758658083348298, "num_batches": 20, "batch_size": 256, "device": "cpu", "throughput_bps": 39061525.77247909, "sample_persec": 237.94789091422444, "result_path": "result/1GB/Batches/256/run 1", "data_path": "data/105.pt"}