{"total_cpu_time (seconds)": 22.2116611360002, "total_cpu_memory (MB)": 71460.480316, "execution_time (seconds/batch)": 1.1121035108187074, "num_batches": 20, "batch_size": 256, "device": "cpu", "throughput_bps": 37788712.64336006, "sample_persec": 230.19439963060466, "result_path": "result/1GB/Batches/256/run 1", "data_path": "data/106.pt"}