{
    "total_cpu_time (seconds)": 50.514758130999944,
    "total_cpu_memory (MB)": 71461.283364,
    "execution_time (seconds/batch)": 5.0583915828421615,
    "num_batches": 10,
    "batch_size": 512,
    "device": "cpu",
    "throughput_bps": 16615937.818079086,
    "sample_persec": 101.21794479824005,
    "result_path": "result/Batches/512/run 1",
    "data_path": "10.pt"
}