{
    "total_cpu_time (seconds)": 23.870038852000054,
    "total_cpu_memory (MB)": 71461.283356,
    "execution_time (seconds/batch)": 2.3902718349743846,
    "num_batches": 10,
    "batch_size": 512,
    "device": "cpu",
    "throughput_bps": 35163331.11999403,
    "sample_persec": 214.2015784600026,
    "result_path": "result/Batches/512/run 1",
    "data_path": "11.pt"
}