{
    "total_cpu_time (seconds)": 28.78299868199993,
    "total_cpu_memory (MB)": 71461.283356,
    "execution_time (seconds/batch)": 2.882240431289647,
    "num_batches": 10,
    "batch_size": 512,
    "device": "cpu",
    "throughput_bps": 29161314.61052061,
    "sample_persec": 177.63958705239162,
    "result_path": "result/Batches/512/run 1",
    "data_path": "111.pt"
}