{
    "total_cpu_time (seconds)": 29.355767156000198,
    "total_cpu_memory (MB)": 71461.283356,
    "execution_time (seconds/batch)": 2.939595694088031,
    "num_batches": 10,
    "batch_size": 512,
    "device": "cpu",
    "throughput_bps": 28592340.15379633,
    "sample_persec": 174.17361204797962,
    "result_path": "result/Batches/512/run 1",
    "data_path": "114.pt"
}