{
    "total_cpu_time (seconds)": 29.939678935000046,
    "total_cpu_memory (MB)": 71461.283364,
    "execution_time (seconds/batch)": 2.998066812970863,
    "num_batches": 10,
    "batch_size": 512,
    "device": "cpu",
    "throughput_bps": 28034705.44297601,
    "sample_persec": 170.77671444307998,
    "result_path": "result/Batches/512/run 1",
    "data_path": "115.pt"
}