{
    "total_cpu_time (seconds)": 25.02539415199991,
    "total_cpu_memory (MB)": 71461.283356,
    "execution_time (seconds/batch)": 2.5059655399616574,
    "num_batches": 10,
    "batch_size": 512,
    "device": "cpu",
    "throughput_bps": 33539934.472237796,
    "sample_persec": 204.31246632698463,
    "result_path": "result/Batches/512/run 1",
    "data_path": "116.pt"
}