{
    "total_cpu_time (seconds)": 20.774172250000014,
    "total_cpu_memory (MB)": 71461.283364,
    "execution_time (seconds/batch)": 2.080261332290242,
    "num_batches": 10,
    "batch_size": 512,
    "device": "cpu",
    "throughput_bps": 40403539.06278983,
    "sample_persec": 246.12292314077624,
    "result_path": "result/Batches/512/run 1",
    "data_path": "12.pt"
}