{
    "total_cpu_time (seconds)": 23.95390135800001,
    "total_cpu_memory (MB)": 71461.283356,
    "execution_time (seconds/batch)": 2.398669566848427,
    "num_batches": 10,
    "batch_size": 512,
    "device": "cpu",
    "throughput_bps": 35040224.44843532,
    "sample_persec": 213.4516596517746,
    "result_path": "result/Batches/512/run 1",
    "data_path": "121.pt"
}