{
    "total_cpu_time (seconds)": 24.3177047560001,
    "total_cpu_memory (MB)": 71461.283356,
    "execution_time (seconds/batch)": 2.4350997134895467,
    "num_batches": 10,
    "batch_size": 512,
    "device": "cpu",
    "throughput_bps": 34516007.510655396,
    "sample_persec": 210.25833035243298,
    "result_path": "result/Batches/512/run 1",
    "data_path": "125.pt"
}