{
    "total_cpu_time (seconds)": 89.96821869700055,
    "total_cpu_memory (MB)": 71461.213556,
    "execution_time (seconds/batch)": 9.009139051997709,
    "num_batches": 10,
    "batch_size": 512,
    "device": "cpu",
    "throughput_bps": 9329406.45214734,
    "sample_persec": 56.831179654893646,
    "result_path": "result/Batches/512/run 1",
    "data_path": "101.pt"
}