{
    "total_cpu_time (seconds)": 23.073241872999965,
    "total_cpu_memory (MB)": 71461.283356,
    "execution_time (seconds/batch)": 2.310483050846075,
    "num_batches": 10,
    "batch_size": 512,
    "device": "cpu",
    "throughput_bps": 36377639.71876867,
    "sample_persec": 221.59868249737252,
    "result_path": "result/Batches/512/run 1",
    "data_path": "128.pt"
}