{
    "total_cpu_time (seconds)": 24.20381416299992,
    "total_cpu_memory (MB)": 71461.283356,
    "execution_time (seconds/batch)": 2.423695061892423,
    "num_batches": 10,
    "batch_size": 512,
    "device": "cpu",
    "throughput_bps": 34678421.93579161,
    "sample_persec": 211.24769697728806,
    "result_path": "result/Batches/512/run 1",
    "data_path": "13.pt"
}