{
    "total_cpu_time (seconds)": 23.3823262490001,
    "total_cpu_memory (MB)": 71461.283356,
    "execution_time (seconds/batch)": 2.341433803928819,
    "num_batches": 10,
    "batch_size": 512,
    "device": "cpu",
    "throughput_bps": 35896773.959173255,
    "sample_persec": 218.66943201250763,
    "result_path": "result/Batches/512/run 1",
    "data_path": "15.pt"
}