{
    "total_cpu_time (seconds)": 21.52384783999994,
    "total_cpu_memory (MB)": 71461.283364,
    "execution_time (seconds/batch)": 2.1553315263211363,
    "num_batches": 10,
    "batch_size": 512,
    "device": "cpu",
    "throughput_bps": 38996283.85404913,
    "sample_persec": 237.55046207388602,
    "result_path": "result/Batches/512/run 1",
    "data_path": "2.pt"
}