{
    "total_cpu_time (seconds)": 26.003420839999826,
    "total_cpu_memory (MB)": 71461.283356,
    "execution_time (seconds/batch)": 2.6039021064110917,
    "num_batches": 10,
    "batch_size": 512,
    "device": "cpu",
    "throughput_bps": 32278448.48431894,
    "sample_persec": 196.6279756598376,
    "result_path": "result/Batches/512/run 1",
    "data_path": "20.pt"
}