{
    "total_cpu_time (seconds)": 23.46463061200007,
    "total_cpu_memory (MB)": 71461.283356,
    "execution_time (seconds/batch)": 2.3496755081838523,
    "num_batches": 10,
    "batch_size": 512,
    "device": "cpu",
    "throughput_bps": 35770862.7030654,
    "sample_persec": 217.90242874674342,
    "result_path": "result/Batches/512/run 1",
    "data_path": "21.pt"
}