{
    "total_cpu_time (seconds)": 22.866618952000163,
    "total_cpu_memory (MB)": 71461.283364,
    "execution_time (seconds/batch)": 2.289792470843748,
    "num_batches": 10,
    "batch_size": 512,
    "device": "cpu",
    "throughput_bps": 36706348.3133164,
    "sample_persec": 223.6010496668884,
    "result_path": "result/Batches/512/run 1",
    "data_path": "22.pt"
}