{
    "total_cpu_time (seconds)": 24.734929476000044,
    "total_cpu_memory (MB)": 71461.283356,
    "execution_time (seconds/batch)": 2.476879306026212,
    "num_batches": 10,
    "batch_size": 512,
    "device": "cpu",
    "throughput_bps": 33933797.175949484,
    "sample_persec": 206.71172743633946,
    "result_path": "result/Batches/512/run 1",
    "data_path": "26.pt"
}