{
    "total_cpu_time (seconds)": 22.23917289900013,
    "total_cpu_memory (MB)": 71461.283356,
    "execution_time (seconds/batch)": 2.2269619644607994,
    "num_batches": 10,
    "batch_size": 512,
    "device": "cpu",
    "throughput_bps": 37741964.766942255,
    "sample_persec": 229.90962942825448,
    "result_path": "result/Batches/512/run 1",
    "data_path": "30.pt"
}