{
    "total_cpu_time (seconds)": 23.829025563999785,
    "total_cpu_memory (MB)": 71461.283364,
    "execution_time (seconds/batch)": 2.3861648912121827,
    "num_batches": 10,
    "batch_size": 512,
    "device": "cpu",
    "throughput_bps": 35223852.4292855,
    "sample_persec": 214.57025115305493,
    "result_path": "result/Batches/512/run 1",
    "data_path": "32.pt"
}