{
    "total_cpu_time (seconds)": 22.870597653999912,
    "total_cpu_memory (MB)": 71461.283356,
    "execution_time (seconds/batch)": 2.290190885751605,
    "num_batches": 10,
    "batch_size": 512,
    "device": "cpu",
    "throughput_bps": 36699962.66377426,
    "sample_persec": 223.56215072961905,
    "result_path": "result/Batches/512/run 1",
    "data_path": "34.pt"
}