{
    "total_cpu_time (seconds)": 45.37677365199974,
    "total_cpu_memory (MB)": 71461.283356,
    "execution_time (seconds/batch)": 4.543889714418906,
    "num_batches": 10,
    "batch_size": 512,
    "device": "cpu",
    "throughput_bps": 18497350.350139096,
    "sample_persec": 112.67879111926838,
    "result_path": "result/Batches/512/run 1",
    "data_path": "104.pt"
}