{
    "total_cpu_time (seconds)": 21.439907389999895,
    "total_cpu_memory (MB)": 71461.28334,
    "execution_time (seconds/batch)": 2.1469259893760895,
    "num_batches": 10,
    "batch_size": 512,
    "device": "cpu",
    "throughput_bps": 39148960.14856359,
    "sample_persec": 238.48050772760473,
    "result_path": "result/Batches/512/run 1",
    "data_path": "36.pt"
}