{
    "total_cpu_time (seconds)": 28.61673838400002,
    "total_cpu_memory (MB)": 71461.283356,
    "execution_time (seconds/batch)": 2.865591639469589,
    "num_batches": 10,
    "batch_size": 512,
    "device": "cpu",
    "throughput_bps": 29330738.840219863,
    "sample_persec": 178.67165472843485,
    "result_path": "result/Batches/512/run 1",
    "data_path": "4.pt"
}