{
    "total_cpu_time (seconds)": 23.99384073699993,
    "total_cpu_memory (MB)": 71461.283356,
    "execution_time (seconds/batch)": 2.402668972686087,
    "num_batches": 10,
    "batch_size": 512,
    "device": "cpu",
    "throughput_bps": 34981897.612818286,
    "sample_persec": 213.09635485391257,
    "result_path": "result/Batches/512/run 1",
    "data_path": "41.pt"
}