{
    "total_cpu_time (seconds)": 23.069583646999817,
    "total_cpu_memory (MB)": 71461.283356,
    "execution_time (seconds/batch)": 2.310116727413242,
    "num_batches": 10,
    "batch_size": 512,
    "device": "cpu",
    "throughput_bps": 36383408.250593066,
    "sample_persec": 221.63382218928524,
    "result_path": "result/Batches/512/run 1",
    "data_path": "42.pt"
}