{
    "total_cpu_time (seconds)": 23.7300798649999,
    "total_cpu_memory (MB)": 71461.283356,
    "execution_time (seconds/batch)": 2.376256775059642,
    "num_batches": 10,
    "batch_size": 512,
    "device": "cpu",
    "throughput_bps": 35370722.92950766,
    "sample_persec": 215.46493012614314,
    "result_path": "result/Batches/512/run 1",
    "data_path": "43.pt"
}