{
    "total_cpu_time (seconds)": 25.668475845999954,
    "total_cpu_memory (MB)": 71461.283356,
    "execution_time (seconds/batch)": 2.570361751056518,
    "num_batches": 10,
    "batch_size": 512,
    "device": "cpu",
    "throughput_bps": 32699646.252303682,
    "sample_persec": 199.19375153693764,
    "result_path": "result/Batches/512/run 1",
    "data_path": "105.pt"
}