{
    "total_cpu_time (seconds)": 20.614726711000085,
    "total_cpu_memory (MB)": 71461.281308,
    "execution_time (seconds/batch)": 2.0642949493510745,
    "num_batches": 10,
    "batch_size": 512,
    "device": "cpu",
    "throughput_bps": 40716042.0687081,
    "sample_persec": 248.02657205597038,
    "result_path": "result/Batches/512/run 1",
    "data_path": "47.pt"
}