{
    "total_cpu_time (seconds)": 21.692321213999943,
    "total_cpu_memory (MB)": 71461.283356,
    "execution_time (seconds/batch)": 2.172201928724422,
    "num_batches": 10,
    "batch_size": 512,
    "device": "cpu",
    "throughput_bps": 38693419.28508298,
    "sample_persec": 235.70552683408246,
    "result_path": "result/Batches/512/run 1",
    "data_path": "5.pt"
}