{
    "total_cpu_time (seconds)": 21.561470627000027,
    "total_cpu_memory (MB)": 71461.283332,
    "execution_time (seconds/batch)": 2.1590989558036404,
    "num_batches": 10,
    "batch_size": 512,
    "device": "cpu",
    "throughput_bps": 38928238.91840367,
    "sample_persec": 237.1359583236091,
    "result_path": "result/Batches/512/run 1",
    "data_path": "50.pt"
}