{
    "total_cpu_time (seconds)": 28.985259608000195,
    "total_cpu_memory (MB)": 71461.283364,
    "execution_time (seconds/batch)": 2.9024942146090553,
    "num_batches": 10,
    "batch_size": 512,
    "device": "cpu",
    "throughput_bps": 28957825.161874063,
    "sample_persec": 176.4000070776929,
    "result_path": "result/Batches/512/run 1",
    "data_path": "53.pt"
}