{
    "total_cpu_time (seconds)": 25.62831893199996,
    "total_cpu_memory (MB)": 71461.283356,
    "execution_time (seconds/batch)": 2.5663405619370194,
    "num_batches": 10,
    "batch_size": 512,
    "device": "cpu",
    "throughput_bps": 32750883.201783985,
    "sample_persec": 199.50586745726113,
    "result_path": "result/Batches/512/run 1",
    "data_path": "107.pt"
}