{"total_cpu_time (seconds)": 22.693043606999954, "total_cpu_memory (MB)": 71466.739564, "execution_time (seconds/batch)": 0.5681027932125942, "num_batches": 40, "batch_size": 128, "device": "cpu", "throughput_bps": 36987109.11308045, "sample_persec": 225.31133718981755, "result_path": "result/1GB/Batches/128/run 1", "data_path": "data/10.pt"}