{"total_cpu_time (seconds)": 23.467927692999957, "total_cpu_memory (MB)": 71466.748284, "execution_time (seconds/batch)": 0.5875014169184422, "num_batches": 40, "batch_size": 128, "device": "cpu", "throughput_bps": 35765837.14506511, "sample_persec": 217.87181496750188, "result_path": "result/1GB/Batches/128/run 1", "data_path": "data/107.pt"}