{"total_cpu_time (seconds)": 23.98594216800004, "total_cpu_memory (MB)": 71461.283356, "execution_time (seconds/batch)": 2.4018780344251947, "num_batches": 10, "batch_size": 512, "device": "cpu", "throughput_bps": 34993417.14914113, "sample_persec": 213.16652746796498, "result_path": "result/demo", "data_path": "data/1.pt"}