{"total_cpu_time (seconds)": 20.24946308400009, "total_cpu_memory (MB)": 71461.283356, "execution_time (seconds/batch)": 2.0277185798959607, "num_batches": 10, "batch_size": 512, "device": "cpu", "throughput_bps": 41450485.70019637, "sample_persec": 252.5005220528531, "result_path": "result/demo", "data_path": "data/10.pt"}