{
    "total_cpu_time (seconds)": 25.55984598200019,
    "total_cpu_memory (MB)": 71461.283364,
    "execution_time (seconds/batch)": 2.559483892584412,
    "num_batches": 10,
    "batch_size": 512,
    "device": "cpu",
    "throughput_bps": 32838620.41230956,
    "sample_persec": 200.04032902235357,
    "result_path": "result/4GB/run 3",
    "data_path": "11.pt"
}