{"total_cpu_time (seconds)": 24.089632518999846, "total_cpu_memory (MB)": 71461.283356, "execution_time (seconds/batch)": 2.4122612653487034, "num_batches": 10, "batch_size": 512, "device": "cpu", "throughput_bps": 34842793.0288265, "sample_persec": 212.2489828754051, "result_path": "result/demo", "data_path": "data/108.pt"}