{"total_cpu_time (seconds)": 25.429462020999956, "total_cpu_memory (MB)": 71461.28334, "execution_time (seconds/batch)": 2.546427646147463, "num_batches": 10, "batch_size": 512, "device": "cpu", "throughput_bps": 33006993.199732445, "sample_persec": 201.06599171376976, "result_path": "result/demo", "data_path": "data/109.pt"}