{
    "total_cpu_time (seconds)": 21.68060884299994,
    "total_cpu_memory (MB)": 71461.28334,
    "execution_time (seconds/batch)": 2.171029088131424,
    "num_batches": 10,
    "batch_size": 512,
    "device": "cpu",
    "throughput_bps": 38714322.37342368,
    "sample_persec": 235.8328604618889,
    "result_path": "result/4GB/run 3",
    "data_path": "12.pt"
}