{
    "total_cpu_time (seconds)": 22.45108015399989,
    "total_cpu_memory (MB)": 71461.283364,
    "execution_time (seconds/batch)": 2.248181701319762,
    "num_batches": 10,
    "batch_size": 512,
    "device": "cpu",
    "throughput_bps": 37385732.63480426,
    "sample_persec": 227.73959938355424,
    "result_path": "result/4GB/run 3",
    "data_path": "13.pt"
}