{"total_cpu_time (seconds)": 23.559297036999975, "total_cpu_memory (MB)": 71461.283356, "execution_time (seconds/batch)": 2.359155111078425, "num_batches": 10, "batch_size": 512, "device": "cpu", "throughput_bps": 35627127.527693085, "sample_persec": 217.02684897473858, "result_path": "result/demo", "data_path": "data/110.pt"}