{
    "total_cpu_time (seconds)": 25.610417916000028,
    "total_cpu_memory (MB)": 71461.283356,
    "execution_time (seconds/batch)": 2.564548009581853,
    "num_batches": 10,
    "batch_size": 512,
    "device": "cpu",
    "throughput_bps": 32773775.217296187,
    "sample_persec": 199.64531686949434,
    "result_path": "result/4GB/run 3",
    "data_path": "15.pt"
}