{
    "total_cpu_time (seconds)": 21.56093767100002,
    "total_cpu_memory (MB)": 71461.283356,
    "execution_time (seconds/batch)": 2.159045587238805,
    "num_batches": 10,
    "batch_size": 512,
    "device": "cpu",
    "throughput_bps": 38929201.1696201,
    "sample_persec": 237.14181999037584,
    "result_path": "result/4GB/run 3",
    "data_path": "16.pt"
}