{
    "total_cpu_time (seconds)": 23.417972185999936,
    "total_cpu_memory (MB)": 71461.283364,
    "execution_time (seconds/batch)": 2.3450032777688183,
    "num_batches": 10,
    "batch_size": 512,
    "device": "cpu",
    "throughput_bps": 35842133.26983932,
    "sample_persec": 218.33658180945002,
    "result_path": "result/4GB/run 3",
    "data_path": "17.pt"
}