{"total_cpu_time (seconds)": 24.252243126000007, "total_cpu_memory (MB)": 71461.283356, "execution_time (seconds/batch)": 2.42854458840446, "num_batches": 10, "batch_size": 512, "device": "cpu", "throughput_bps": 34609173.083052315, "sample_persec": 210.82585942405163, "result_path": "result/demo", "data_path": "data/114.pt"}