{
    "total_cpu_time (seconds)": 23.319394684000134,
    "total_cpu_memory (MB)": 71461.283356,
    "execution_time (seconds/batch)": 2.335132031724637,
    "num_batches": 10,
    "batch_size": 512,
    "device": "cpu",
    "throughput_bps": 35993647.835803114,
    "sample_persec": 219.25955065669535,
    "result_path": "result/4GB/run 3",
    "data_path": "18.pt"
}