{
    "total_cpu_time (seconds)": 25.682611246000082,
    "total_cpu_memory (MB)": 71461.283324,
    "execution_time (seconds/batch)": 2.5717772262765584,
    "num_batches": 10,
    "batch_size": 512,
    "device": "cpu",
    "throughput_bps": 32681648.7607242,
    "sample_persec": 199.08411769447002,
    "result_path": "result/4GB/run 3",
    "data_path": "20.pt"
}