{"total_cpu_time (seconds)": 26.717714379000018, "total_cpu_memory (MB)": 71461.283356, "execution_time (seconds/batch)": 2.675429251329554, "num_batches": 10, "batch_size": 512, "device": "cpu", "throughput_bps": 31415489.66702499, "sample_persec": 191.3711602523452, "result_path": "result/demo", "data_path": "data/116.pt"}