{"total_cpu_time (seconds)": 24.46899625500004, "total_cpu_memory (MB)": 71461.283356, "execution_time (seconds/batch)": 2.4502495760923177, "num_batches": 10, "batch_size": 512, "device": "cpu", "throughput_bps": 34302595.4662315, "sample_persec": 208.95830571534785, "result_path": "result/demo", "data_path": "data/100.pt"}