{"total_cpu_time (seconds)": 22.73162187199993, "total_cpu_memory (MB)": 71461.283356, "execution_time (seconds/batch)": 2.2762742809434706, "num_batches": 10, "batch_size": 512, "device": "cpu", "throughput_bps": 36924337.5913218, "sample_persec": 224.9289570621455, "result_path": "result/demo", "data_path": "data/117.pt"}