{
    "total_cpu_time (seconds)": 21.939022404000063,
    "total_cpu_memory (MB)": 71461.283356,
    "execution_time (seconds/batch)": 2.196905822579314,
    "num_batches": 10,
    "batch_size": 512,
    "device": "cpu",
    "throughput_bps": 38258317.28249497,
    "sample_persec": 233.05505167211848,
    "result_path": "result/4GB/run 3",
    "data_path": "22.pt"
}