{"total_cpu_time (seconds)": 27.586910870000203, "total_cpu_memory (MB)": 71461.283356, "execution_time (seconds/batch)": 2.7624678985801103, "num_batches": 10, "batch_size": 512, "device": "cpu", "throughput_bps": 30425663.966340058, "sample_persec": 185.34152026279276, "result_path": "result/demo", "data_path": "data/118.pt"}