{
    "total_cpu_time (seconds)": 24.981576641000053,
    "total_cpu_memory (MB)": 71461.283356,
    "execution_time (seconds/batch)": 2.50157778998475,
    "num_batches": 10,
    "batch_size": 512,
    "device": "cpu",
    "throughput_bps": 33598763.283116765,
    "sample_persec": 204.67082896635455,
    "result_path": "result/4GB/run 3",
    "data_path": "23.pt"
}