{"total_cpu_time (seconds)": 86.92560362199946, "total_cpu_memory (MB)": 71461.114836, "execution_time (seconds/batch)": 8.704460992463078, "num_batches": 10, "batch_size": 512, "device": "cpu", "throughput_bps": 9655959.176883692, "sample_persec": 58.82041408920378, "result_path": "result/demo", "data_path": "data/119.pt"}