{
    "total_cpu_time (seconds)": 20.505205422000028,
    "total_cpu_memory (MB)": 71461.283356,
    "execution_time (seconds/batch)": 2.053327826337574,
    "num_batches": 10,
    "batch_size": 512,
    "device": "cpu",
    "throughput_bps": 40933512.38020086,
    "sample_persec": 249.35131810551206,
    "result_path": "result/4GB/run 3",
    "data_path": "24.pt"
}