{"total_cpu_time (seconds)": 24.90819491499979, "total_cpu_memory (MB)": 71461.283356, "execution_time (seconds/batch)": 2.494229570991569, "num_batches": 10, "batch_size": 512, "device": "cpu", "throughput_bps": 33697748.18545927, "sample_persec": 205.27380717263202, "result_path": "result/demo", "data_path": "data/12.pt"}