{
    "total_cpu_time (seconds)": 23.184017610999994,
    "total_cpu_memory (MB)": 71461.283364,
    "execution_time (seconds/batch)": 2.321575790501075,
    "num_batches": 10,
    "batch_size": 512,
    "device": "cpu",
    "throughput_bps": 36203823.43057565,
    "sample_persec": 220.53986007904268,
    "result_path": "result/4GB/run 3",
    "data_path": "25.pt"
}