{
    "total_cpu_time (seconds)": 21.984333297999942,
    "total_cpu_memory (MB)": 71461.283356,
    "execution_time (seconds/batch)": 2.201443115309206,
    "num_batches": 10,
    "batch_size": 512,
    "device": "cpu",
    "throughput_bps": 38179464.83172911,
    "sample_persec": 232.57471266891514,
    "result_path": "result/4GB/run 3",
    "data_path": "26.pt"
}