{"total_cpu_time (seconds)": 22.88260404999994, "total_cpu_memory (MB)": 71461.283356, "execution_time (seconds/batch)": 2.2913931690983707, "num_batches": 10, "batch_size": 512, "device": "cpu", "throughput_bps": 36680706.363924615, "sample_persec": 223.44484870811777, "result_path": "result/demo", "data_path": "data/121.pt"}