{
    "total_cpu_time (seconds)": 21.348255751000163,
    "total_cpu_memory (MB)": 71461.283356,
    "execution_time (seconds/batch)": 2.1377482778236034,
    "num_batches": 10,
    "batch_size": 512,
    "device": "cpu",
    "throughput_bps": 39317033.19418386,
    "sample_persec": 239.50434450648066,
    "result_path": "result/4GB/run 3",
    "data_path": "28.pt"
}