{
    "total_cpu_time (seconds)": 21.503075089999964,
    "total_cpu_memory (MB)": 71461.283356,
    "execution_time (seconds/batch)": 2.153251407408563,
    "num_batches": 10,
    "batch_size": 512,
    "device": "cpu",
    "throughput_bps": 39033955.67782494,
    "sample_persec": 237.77994443119476,
    "result_path": "result/4GB/run 3",
    "data_path": "30.pt"
}