{"total_cpu_time (seconds)": 22.333360260999925, "total_cpu_memory (MB)": 71461.28334, "execution_time (seconds/batch)": 2.2363935954687975, "num_batches": 10, "batch_size": 512, "device": "cpu", "throughput_bps": 37582794.08879334, "sample_persec": 228.94002247071964, "result_path": "result/demo", "data_path": "data/125.pt"}