{"total_cpu_time (seconds)": 23.631016400999997, "total_cpu_memory (MB)": 71461.283356, "execution_time (seconds/batch)": 2.3663368662843727, "num_batches": 10, "batch_size": 512, "device": "cpu", "throughput_bps": 35519000.357702814, "sample_persec": 216.3681795669031, "result_path": "result/demo", "data_path": "data/101.pt"}