{
    "total_cpu_time (seconds)": 33.81903535900012,
    "total_cpu_memory (MB)": 71461.283356,
    "execution_time (seconds/batch)": 3.3865335622546566,
    "num_batches": 10,
    "batch_size": 512,
    "device": "cpu",
    "throughput_bps": 24818865.206828773,
    "sample_persec": 151.18704438857682,
    "result_path": "result/4GB/run 3",
    "data_path": "4.pt"
}