{
    "total_cpu_time (seconds)": 22.131123099000035,
    "total_cpu_memory (MB)": 71461.283356,
    "execution_time (seconds/batch)": 2.216142191802859,
    "num_batches": 10,
    "batch_size": 512,
    "device": "cpu",
    "throughput_bps": 37926230.686319076,
    "sample_persec": 231.0321070073043,
    "result_path": "result/4GB/run 3",
    "data_path": "32.pt"
}