{"total_cpu_time (seconds)": 24.470301439000227, "total_cpu_memory (MB)": 71461.283356, "execution_time (seconds/batch)": 2.4503802731797606, "num_batches": 10, "batch_size": 512, "device": "cpu", "throughput_bps": 34300765.85253103, "sample_persec": 208.9471604077183, "result_path": "result/demo", "data_path": "data/127.pt"}