{"total_cpu_time (seconds)": 23.195128971999978, "total_cpu_memory (MB)": 71461.283364, "execution_time (seconds/batch)": 2.322688447812241, "num_batches": 10, "batch_size": 512, "device": "cpu", "throughput_bps": 36186480.40341669, "sample_persec": 220.43421298377615, "result_path": "result/demo", "data_path": "data/129.pt"}