{
    "total_cpu_time (seconds)": 20.75439029600013,
    "total_cpu_memory (MB)": 71461.283364,
    "execution_time (seconds/batch)": 2.0782804286235215,
    "num_batches": 10,
    "batch_size": 512,
    "device": "cpu",
    "throughput_bps": 40442049.51478449,
    "sample_persec": 246.35751410078274,
    "result_path": "result/4GB/run 3",
    "data_path": "35.pt"
}