{
    "total_cpu_time (seconds)": 21.752970003999994,
    "total_cpu_memory (MB)": 71461.283364,
    "execution_time (seconds/batch)": 2.1782751109031873,
    "num_batches": 10,
    "batch_size": 512,
    "device": "cpu",
    "throughput_bps": 38585539.34684128,
    "sample_persec": 235.0483634676004,
    "result_path": "result/4GB/run 3",
    "data_path": "37.pt"
}