{"total_cpu_time (seconds)": 93.79210895300025, "total_cpu_memory (MB)": 71459.09374, "execution_time (seconds/batch)": 9.392051590834368, "num_batches": 10, "batch_size": 512, "device": "cpu", "throughput_bps": 8949047.946246767, "sample_persec": 54.51418095910555, "result_path": "result/demo", "data_path": "data/14.pt"}