{"total_cpu_time (seconds)": 24.970626022999813, "total_cpu_memory (MB)": 71461.283356, "execution_time (seconds/batch)": 2.500481228980228, "num_batches": 10, "batch_size": 512, "device": "cpu", "throughput_bps": 33613497.684314996, "sample_persec": 204.76058530893638, "result_path": "result/demo", "data_path": "data/16.pt"}