{"total_cpu_time (seconds)": 23.916439173000004, "total_cpu_memory (MB)": 71461.283356, "execution_time (seconds/batch)": 2.394918219553296, "num_batches": 10, "batch_size": 512, "device": "cpu", "throughput_bps": 35095110.68635869, "sample_persec": 213.7860056430232, "result_path": "result/demo", "data_path": "data/17.pt"}