{
    "total_cpu_time (seconds)": 29.491285931999837,
    "total_cpu_memory (MB)": 71459.806716,
    "execution_time (seconds/batch)": 2.953166125011523,
    "num_batches": 10,
    "batch_size": 512,
    "device": "cpu",
    "throughput_bps": 28460952.226205036,
    "sample_persec": 173.37324699198973,
    "result_path": "result/4GB/run 3",
    "data_path": "6.pt"
}