{"total_cpu_time (seconds)": 25.19389590799987, "total_cpu_memory (MB)": 71461.283356, "execution_time (seconds/batch)": 2.5228387844506033, "num_batches": 10, "batch_size": 512, "device": "cpu", "throughput_bps": 33315612.760529008, "sample_persec": 202.9459841650159, "result_path": "result/demo", "data_path": "data/103.pt"}