{"total_cpu_time (seconds)": 22.967678324000012, "total_cpu_memory (MB)": 71461.283356, "execution_time (seconds/batch)": 2.2999122436706445, "num_batches": 10, "batch_size": 512, "device": "cpu", "throughput_bps": 36544837.84383742, "sample_persec": 222.6171895945262, "result_path": "result/demo", "data_path": "data/104.pt"}