{"total_cpu_time (seconds)": 23.89673435299982, "total_cpu_memory (MB)": 71461.283292, "execution_time (seconds/batch)": 2.3929450398466474, "num_batches": 10, "batch_size": 512, "device": "cpu", "throughput_bps": 35124049.48731558, "sample_persec": 213.96228976191264, "result_path": "result/demo", "data_path": "data/105.pt"}