{"total_cpu_time (seconds)": 23.37141807599998, "total_cpu_memory (MB)": 71461.283356, "execution_time (seconds/batch)": 2.3403414932352806, "num_batches": 10, "batch_size": 512, "device": "cpu", "throughput_bps": 35913528.10816068, "sample_persec": 218.77149188694375, "result_path": "result/demo", "data_path": "data/106.pt"}