{
    "total_cpu_time (seconds)": 54.2832314310001,
    "total_cpu_memory (MB)": 71460.480316,
    "execution_time (seconds/batch)": 2.717877419584593,
    "num_batches": 20,
    "batch_size": 256,
    "device": "cpu",
    "throughput_bps": 15462419.201533819,
    "sample_persec": 94.19115010680932,
    "result_path": "result/Batches/256/run 2",
    "data_path": "1.pt"
}