{
    "total_cpu_time (seconds)": 22.646979348000073,
    "total_cpu_memory (MB)": 71460.480308,
    "execution_time (seconds/batch)": 1.1338992202401759,
    "num_batches": 20,
    "batch_size": 256,
    "device": "cpu",
    "throughput_bps": 37062341.38788677,
    "sample_persec": 225.76962346422252,
    "result_path": "result/Batches/256/run 2",
    "data_path": "108.pt"
}