{
    "total_cpu_time (seconds)": 92.90292146900008,
    "total_cpu_memory (MB)": 71460.445316,
    "execution_time (seconds/batch)": 4.651505553699202,
    "num_batches": 20,
    "batch_size": 256,
    "device": "cpu",
    "throughput_bps": 9034700.596364724,
    "sample_persec": 55.035944178635006,
    "result_path": "result/Batches/256/run 2",
    "data_path": "109.pt"
}