{
    "total_cpu_time (seconds)": 32.107840614999745,
    "total_cpu_memory (MB)": 71460.480284,
    "execution_time (seconds/batch)": 1.6075899075767524,
    "num_batches": 20,
    "batch_size": 256,
    "device": "cpu",
    "throughput_bps": 26141592.331434548,
    "sample_persec": 159.24459266224747,
    "result_path": "result/Batches/256/run 2",
    "data_path": "112.pt"
}