{
    "total_cpu_time (seconds)": 21.562263080999923,
    "total_cpu_memory (MB)": 71460.480316,
    "execution_time (seconds/batch)": 1.0795891548476395,
    "num_batches": 20,
    "batch_size": 256,
    "device": "cpu",
    "throughput_bps": 38926808.23190644,
    "sample_persec": 237.127243128085,
    "result_path": "result/Batches/256/run 2",
    "data_path": "118.pt"
}