{
    "total_cpu_time (seconds)": 22.312465637999967,
    "total_cpu_memory (MB)": 71460.480316,
    "execution_time (seconds/batch)": 1.117150636285545,
    "num_batches": 20,
    "batch_size": 256,
    "device": "cpu",
    "throughput_bps": 37617988.689269625,
    "sample_persec": 229.15441453015126,
    "result_path": "result/Batches/256/run 2",
    "data_path": "120.pt"
}