{
    "total_cpu_time (seconds)": 45.16204386499982,
    "total_cpu_memory (MB)": 71460.480308,
    "execution_time (seconds/batch)": 2.2611936689692853,
    "num_batches": 20,
    "batch_size": 256,
    "device": "cpu",
    "throughput_bps": 18585298.80775588,
    "sample_persec": 113.21453952093007,
    "result_path": "result/Batches/256/run 2",
    "data_path": "101.pt"
}