{
    "total_cpu_time (seconds)": 20.446771745000042,
    "total_cpu_memory (MB)": 71460.480316,
    "execution_time (seconds/batch)": 1.0237382293604558,
    "num_batches": 20,
    "batch_size": 256,
    "device": "cpu",
    "throughput_bps": 41050493.95904029,
    "sample_persec": 250.0639251890856,
    "result_path": "result/Batches/256/run 2",
    "data_path": "128.pt"
}