{
    "total_cpu_time (seconds)": 23.575407457000114,
    "total_cpu_memory (MB)": 71460.480316,
    "execution_time (seconds/batch)": 1.1803841793452043,
    "num_batches": 20,
    "batch_size": 256,
    "device": "cpu",
    "throughput_bps": 35602781.48027412,
    "sample_persec": 216.8785421556659,
    "result_path": "result/Batches/256/run 2",
    "data_path": "129.pt"
}