{
    "total_cpu_time (seconds)": 1.2966037399999988,
    "total_cpu_memory (MB)": 3359.010012,
    "execution_time (seconds/batch)": 1.383043989333332,
    "num_batches": 1,
    "batch_size": 256,
    "device": "cpu",
    "throughput_bps": 30385844.791717194,
    "sample_persec": 185.09895706455407,
    "result_path": "result/Batches/256/run 2",
    "data_path": "130.pt"
}