{
    "total_cpu_time (seconds)": 20.49708741500007,
    "total_cpu_memory (MB)": 71460.480324,
    "execution_time (seconds/batch)": 1.0262574571171559,
    "num_batches": 20,
    "batch_size": 256,
    "device": "cpu",
    "throughput_bps": 40949724.368436426,
    "sample_persec": 249.45007534378917,
    "result_path": "result/Batches/256/run 2",
    "data_path": "15.pt"
}