{
    "total_cpu_time (seconds)": 20.906392388999947,
    "total_cpu_memory (MB)": 71460.480292,
    "execution_time (seconds/batch)": 1.0467507239554052,
    "num_batches": 20,
    "batch_size": 256,
    "device": "cpu",
    "throughput_bps": 40148011.4016051,
    "sample_persec": 244.56634625734102,
    "result_path": "result/Batches/256/run 2",
    "data_path": "20.pt"
}