{
    "total_cpu_time (seconds)": 24.800231796999974,
    "total_cpu_memory (MB)": 71460.480316,
    "execution_time (seconds/batch)": 1.241709239200468,
    "num_batches": 20,
    "batch_size": 256,
    "device": "cpu",
    "throughput_bps": 33844444.958031975,
    "sample_persec": 206.1674278632552,
    "result_path": "result/Batches/256/run 2",
    "data_path": "21.pt"
}