{
    "total_cpu_time (seconds)": 32.58445767799998,
    "total_cpu_memory (MB)": 71460.480324,
    "execution_time (seconds/batch)": 1.6314533865769596,
    "num_batches": 20,
    "batch_size": 256,
    "device": "cpu",
    "throughput_bps": 25759215.89042445,
    "sample_persec": 156.91530147675712,
    "result_path": "result/Batches/256/run 2",
    "data_path": "22.pt"
}