{
    "total_cpu_time (seconds)": 19.920487495999918,
    "total_cpu_memory (MB)": 71460.480252,
    "execution_time (seconds/batch)": 0.9973879911942067,
    "num_batches": 20,
    "batch_size": 256,
    "device": "cpu",
    "throughput_bps": 42135017.035529055,
    "sample_persec": 256.6704254113612,
    "result_path": "result/Batches/256/run 2",
    "data_path": "23.pt"
}