{
    "total_cpu_time (seconds)": 22.686209325000107,
    "total_cpu_memory (MB)": 71460.480316,
    "execution_time (seconds/batch)": 1.1358634044983429,
    "num_batches": 20,
    "batch_size": 256,
    "device": "cpu",
    "throughput_bps": 36998251.57987235,
    "sample_persec": 225.379212840353,
    "result_path": "result/Batches/256/run 2",
    "data_path": "26.pt"
}