{
    "total_cpu_time (seconds)": 30.156237641000054,
    "total_cpu_memory (MB)": 71460.480324,
    "execution_time (seconds/batch)": 1.5098761658705289,
    "num_batches": 20,
    "batch_size": 256,
    "device": "cpu",
    "throughput_bps": 27833381.935511407,
    "sample_persec": 169.55032855452853,
    "result_path": "result/Batches/256/run 2",
    "data_path": "27.pt"
}