{
    "total_cpu_time (seconds)": 35.16956493799991,
    "total_cpu_memory (MB)": 71460.480316,
    "execution_time (seconds/batch)": 1.7608857078286675,
    "num_batches": 20,
    "batch_size": 256,
    "device": "cpu",
    "throughput_bps": 23865807.87904776,
    "sample_persec": 145.3813832787997,
    "result_path": "result/Batches/256/run 2",
    "data_path": "28.pt"
}