{
    "total_cpu_time (seconds)": 33.600461808000446,
    "total_cpu_memory (MB)": 71460.480316,
    "execution_time (seconds/batch)": 1.6823231415701376,
    "num_batches": 20,
    "batch_size": 256,
    "device": "cpu",
    "throughput_bps": 24980313.806286626,
    "sample_persec": 152.1705275724088,
    "result_path": "result/Batches/256/run 2",
    "data_path": "29.pt"
}