{
    "total_cpu_time (seconds)": 23.84616942499994,
    "total_cpu_memory (MB)": 71460.480316,
    "execution_time (seconds/batch)": 1.1939408122041824,
    "num_batches": 20,
    "batch_size": 256,
    "device": "cpu",
    "throughput_bps": 35198528.74650966,
    "sample_persec": 214.41598895290971,
    "result_path": "result/Batches/256/run 2",
    "data_path": "3.pt"
}