{
    "total_cpu_time (seconds)": 20.46175014899998,
    "total_cpu_memory (MB)": 71460.480324,
    "execution_time (seconds/batch)": 1.024488174876588,
    "num_batches": 20,
    "batch_size": 256,
    "device": "cpu",
    "throughput_bps": 41020444.18918004,
    "sample_persec": 249.88087347210063,
    "result_path": "result/Batches/256/run 2",
    "data_path": "31.pt"
}