{
    "total_cpu_time (seconds)": 23.055215115999893,
    "total_cpu_memory (MB)": 71460.480332,
    "execution_time (seconds/batch)": 1.1543389535881035,
    "num_batches": 20,
    "batch_size": 256,
    "device": "cpu",
    "throughput_bps": 36406083.21270907,
    "sample_persec": 221.77194939515758,
    "result_path": "result/Batches/256/run 2",
    "data_path": "32.pt"
}