{
    "total_cpu_time (seconds)": 25.571876091000245,
    "total_cpu_memory (MB)": 71460.480316,
    "execution_time (seconds/batch)": 1.2803442752388152,
    "num_batches": 20,
    "batch_size": 256,
    "device": "cpu",
    "throughput_bps": 32823171.71462443,
    "sample_persec": 199.94622145848214,
    "result_path": "result/Batches/256/run 2",
    "data_path": "104.pt"
}