{
    "total_cpu_time (seconds)": 20.586682146999927,
    "total_cpu_memory (MB)": 71460.480324,
    "execution_time (seconds/batch)": 1.0307433267420265,
    "num_batches": 20,
    "batch_size": 256,
    "device": "cpu",
    "throughput_bps": 40771508.201593205,
    "sample_persec": 248.3644505457676,
    "result_path": "result/Batches/256/run 2",
    "data_path": "37.pt"
}