{
    "total_cpu_time (seconds)": 20.68631670800003,
    "total_cpu_memory (MB)": 71460.480308,
    "execution_time (seconds/batch)": 1.035731875072953,
    "num_batches": 20,
    "batch_size": 256,
    "device": "cpu",
    "throughput_bps": 40575134.36770489,
    "sample_persec": 247.16821617753953,
    "result_path": "result/Batches/256/run 2",
    "data_path": "38.pt"
}