{
    "total_cpu_time (seconds)": 22.830761780000014,
    "total_cpu_memory (MB)": 71460.480316,
    "execution_time (seconds/batch)": 1.143100922292197,
    "num_batches": 20,
    "batch_size": 256,
    "device": "cpu",
    "throughput_bps": 36763997.981673986,
    "sample_persec": 223.95222942052865,
    "result_path": "result/Batches/256/run 2",
    "data_path": "4.pt"
}