{
    "total_cpu_time (seconds)": 20.408436207000243,
    "total_cpu_memory (MB)": 71460.480284,
    "execution_time (seconds/batch)": 1.0218188282793002,
    "num_batches": 20,
    "batch_size": 256,
    "device": "cpu",
    "throughput_bps": 41127603.87354406,
    "sample_persec": 250.53364932714462,
    "result_path": "result/Batches/256/run 2",
    "data_path": "40.pt"
}