{
    "total_cpu_time (seconds)": 20.673454742000192,
    "total_cpu_memory (MB)": 71460.480316,
    "execution_time (seconds/batch)": 1.0350878963332777,
    "num_batches": 20,
    "batch_size": 256,
    "device": "cpu",
    "throughput_bps": 40600378.14070699,
    "sample_persec": 247.321991597874,
    "result_path": "result/Batches/256/run 2",
    "data_path": "48.pt"
}