{
    "total_cpu_time (seconds)": 23.782870491000157,
    "total_cpu_memory (MB)": 71460.480324,
    "execution_time (seconds/batch)": 1.190771532504604,
    "num_batches": 20,
    "batch_size": 256,
    "device": "cpu",
    "throughput_bps": 35292210.850562565,
    "sample_persec": 214.98666453802733,
    "result_path": "result/Batches/256/run 2",
    "data_path": "49.pt"
}