{
    "total_cpu_time (seconds)": 22.019112245999928,
    "total_cpu_memory (MB)": 71460.480308,
    "execution_time (seconds/batch)": 1.102462885776644,
    "num_batches": 20,
    "batch_size": 256,
    "device": "cpu",
    "throughput_bps": 38119160.78280946,
    "sample_persec": 232.2073634430401,
    "result_path": "result/Batches/256/run 2",
    "data_path": "52.pt"
}