{
    "total_cpu_time (seconds)": 28.0987111270001,
    "total_cpu_memory (MB)": 71460.480324,
    "execution_time (seconds/batch)": 1.406858996384124,
    "num_batches": 20,
    "batch_size": 256,
    "device": "cpu",
    "throughput_bps": 29871479.73465114,
    "sample_persec": 181.96564165844993,
    "result_path": "result/Batches/256/run 2",
    "data_path": "53.pt"
}