{
    "total_cpu_time (seconds)": 32.4930884820008,
    "total_cpu_memory (MB)": 71518.228092,
    "execution_time (seconds/batch)": 0.20335983403560054,
    "num_batches": 160,
    "batch_size": 32,
    "device": "cpu",
    "throughput_bps": 25831649.720368966,
    "sample_persec": 157.3565406942554,
    "result_path": "result/Batches/32/run 2",
    "data_path": "108.pt"
}