{
    "total_cpu_time (seconds)": 44.80068322300188,
    "total_cpu_memory (MB)": 71518.211652,
    "execution_time (seconds/batch)": 0.2803876125828399,
    "num_batches": 160,
    "batch_size": 32,
    "device": "cpu",
    "throughput_bps": 18735207.13561473,
    "sample_persec": 114.1277237793295,
    "result_path": "result/Batches/32/run 2",
    "data_path": "11.pt"
}