{
    "total_cpu_time (seconds)": 28.72830570900054,
    "total_cpu_memory (MB)": 71518.207124,
    "execution_time (seconds/batch)": 0.17979772788734935,
    "num_batches": 160,
    "batch_size": 32,
    "device": "cpu",
    "throughput_bps": 29216831.946237355,
    "sample_persec": 177.97777745027628,
    "result_path": "result/Batches/32/run 2",
    "data_path": "114.pt"
}