{
    "total_cpu_time (seconds)": 34.751052344999856,
    "total_cpu_memory (MB)": 71518.20198,
    "execution_time (seconds/batch)": 0.2174914287189508,
    "num_batches": 160,
    "batch_size": 32,
    "device": "cpu",
    "throughput_bps": 24153227.697024535,
    "sample_persec": 147.1322349964945,
    "result_path": "result/Batches/32/run 2",
    "data_path": "115.pt"
}