{
    "total_cpu_time (seconds)": 50.089666782000535,
    "total_cpu_memory (MB)": 71518.211708,
    "execution_time (seconds/batch)": 0.31348901565108883,
    "num_batches": 160,
    "batch_size": 32,
    "device": "cpu",
    "throughput_bps": 16756950.762978846,
    "sample_persec": 102.07694178227854,
    "result_path": "result/Batches/32/run 2",
    "data_path": "116.pt"
}