{
    "total_cpu_time (seconds)": 35.10440481299866,
    "total_cpu_memory (MB)": 71518.207132,
    "execution_time (seconds/batch)": 0.2197029051468721,
    "num_batches": 160,
    "batch_size": 32,
    "device": "cpu",
    "throughput_bps": 23910107.13530744,
    "sample_persec": 145.65123742268176,
    "result_path": "result/Batches/32/run 2",
    "data_path": "100.pt"
}