{
    "total_cpu_time (seconds)": 49.93069541400073,
    "total_cpu_memory (MB)": 71518.209596,
    "execution_time (seconds/batch)": 0.3124940843434429,
    "num_batches": 160,
    "batch_size": 32,
    "device": "cpu",
    "throughput_bps": 16810302.22071859,
    "sample_persec": 102.40193847903625,
    "result_path": "result/Batches/32/run 2",
    "data_path": "118.pt"
}