{
    "total_cpu_time (seconds)": 36.096412176999,
    "total_cpu_memory (MB)": 71518.208916,
    "execution_time (seconds/batch)": 0.2259114394023016,
    "num_batches": 160,
    "batch_size": 32,
    "device": "cpu",
    "throughput_bps": 23253005.752600595,
    "sample_persec": 141.64842685551045,
    "result_path": "result/Batches/32/run 2",
    "data_path": "119.pt"
}