{
    "total_cpu_time (seconds)": 31.630999685000067,
    "total_cpu_memory (MB)": 71518.211316,
    "execution_time (seconds/batch)": 0.19796440248777666,
    "num_batches": 160,
    "batch_size": 32,
    "device": "cpu",
    "throughput_bps": 26535679.819124825,
    "sample_persec": 161.6452230697175,
    "result_path": "result/Batches/32/run 2",
    "data_path": "123.pt"
}