{
    "total_cpu_time (seconds)": 33.34938134299985,
    "total_cpu_memory (MB)": 71518.204156,
    "execution_time (seconds/batch)": 0.20871899138978978,
    "num_batches": 160,
    "batch_size": 32,
    "device": "cpu",
    "throughput_bps": 25168385.325270284,
    "sample_persec": 153.3161874102722,
    "result_path": "result/Batches/32/run 2",
    "data_path": "101.pt"
}