{
    "total_cpu_time (seconds)": 33.266990983000845,
    "total_cpu_memory (MB)": 71518.201308,
    "execution_time (seconds/batch)": 0.20820334665676257,
    "num_batches": 160,
    "batch_size": 32,
    "device": "cpu",
    "throughput_bps": 25230718.354686808,
    "sample_persec": 153.6958964101292,
    "result_path": "result/Batches/32/run 2",
    "data_path": "127.pt"
}