{
    "total_cpu_time (seconds)": 32.50629834199885,
    "total_cpu_memory (MB)": 71518.20722,
    "execution_time (seconds/batch)": 0.20344250869234562,
    "num_batches": 160,
    "batch_size": 32,
    "device": "cpu",
    "throughput_bps": 25821152.29390919,
    "sample_persec": 157.29259438297507,
    "result_path": "result/Batches/32/run 2",
    "data_path": "128.pt"
}