{
    "total_cpu_time (seconds)": 2.859246292999992,
    "total_cpu_memory (MB)": 3357.52824,
    "execution_time (seconds/batch)": 0.3812328390666656,
    "num_batches": 8,
    "batch_size": 32,
    "device": "cpu",
    "throughput_bps": 13779295.647407213,
    "sample_persec": 83.93820447981977,
    "result_path": "result/Batches/32/run 2",
    "data_path": "130.pt"
}