{
    "total_cpu_time (seconds)": 30.802517181999452,
    "total_cpu_memory (MB)": 71518.206924,
    "execution_time (seconds/batch)": 0.19277929783375367,
    "num_batches": 160,
    "batch_size": 32,
    "device": "cpu",
    "throughput_bps": 27249398.970890082,
    "sample_persec": 165.99292745425245,
    "result_path": "result/Batches/32/run 2",
    "data_path": "17.pt"
}