{
    "total_cpu_time (seconds)": 30.86246269700089,
    "total_cpu_memory (MB)": 71518.209604,
    "execution_time (seconds/batch)": 0.19315447023352797,
    "num_batches": 160,
    "batch_size": 32,
    "device": "cpu",
    "throughput_bps": 27196471.268041912,
    "sample_persec": 165.67051211039177,
    "result_path": "result/Batches/32/run 2",
    "data_path": "102.pt"
}