{
    "total_cpu_time (seconds)": 30.72019202299961,
    "total_cpu_memory (MB)": 71518.207156,
    "execution_time (seconds/batch)": 0.1922640611648714,
    "num_batches": 160,
    "batch_size": 32,
    "device": "cpu",
    "throughput_bps": 27322422.96440058,
    "sample_persec": 166.43776172271308,
    "result_path": "result/Batches/32/run 2",
    "data_path": "20.pt"
}