{
    "total_cpu_time (seconds)": 29.903178757998713,
    "total_cpu_memory (MB)": 71518.200436,
    "execution_time (seconds/batch)": 0.18715073738626223,
    "num_batches": 160,
    "batch_size": 32,
    "device": "cpu",
    "throughput_bps": 28068924.93914162,
    "sample_persec": 170.9851665396054,
    "result_path": "result/Batches/32/run 2",
    "data_path": "21.pt"
}