{
    "total_cpu_time (seconds)": 33.8882080889997,
    "total_cpu_memory (MB)": 71518.237084,
    "execution_time (seconds/batch)": 0.21209126908820464,
    "num_batches": 160,
    "batch_size": 32,
    "device": "cpu",
    "throughput_bps": 24768204.8515412,
    "sample_persec": 150.87844085977827,
    "result_path": "result/Batches/32/run 2",
    "data_path": "22.pt"
}