{
    "total_cpu_time (seconds)": 28.471823563999607,
    "total_cpu_memory (MB)": 71518.209164,
    "execution_time (seconds/batch)": 0.17819251986074466,
    "num_batches": 160,
    "batch_size": 32,
    "device": "cpu",
    "throughput_bps": 29480025.334987413,
    "sample_persec": 179.5810510172235,
    "result_path": "result/Batches/32/run 2",
    "data_path": "24.pt"
}