{
    "total_cpu_time (seconds)": 27.945339839000262,
    "total_cpu_memory (MB)": 71518.202644,
    "execution_time (seconds/batch)": 0.17489749165812798,
    "num_batches": 160,
    "batch_size": 32,
    "device": "cpu",
    "throughput_bps": 30035422.17899997,
    "sample_persec": 182.9643163925437,
    "result_path": "result/Batches/32/run 2",
    "data_path": "26.pt"
}