{
    "total_cpu_time (seconds)": 30.015956353000718,
    "total_cpu_memory (MB)": 71518.21154,
    "execution_time (seconds/batch)": 0.18785656235009252,
    "num_batches": 160,
    "batch_size": 32,
    "device": "cpu",
    "throughput_bps": 27963462.83719491,
    "sample_persec": 170.34273170805866,
    "result_path": "result/Batches/32/run 2",
    "data_path": "27.pt"
}