{
    "total_cpu_time (seconds)": 41.307384285999106,
    "total_cpu_memory (MB)": 71518.20854,
    "execution_time (seconds/batch)": 0.2585246033936967,
    "num_batches": 160,
    "batch_size": 32,
    "device": "cpu",
    "throughput_bps": 20319613.417993467,
    "sample_persec": 123.77932150337152,
    "result_path": "result/Batches/32/run 2",
    "data_path": "28.pt"
}