{
    "total_cpu_time (seconds)": 32.38121565399953,
    "total_cpu_memory (MB)": 71518.207284,
    "execution_time (seconds/batch)": 0.20265967160727263,
    "num_batches": 160,
    "batch_size": 32,
    "device": "cpu",
    "throughput_bps": 25920894.662159745,
    "sample_persec": 157.90018678216217,
    "result_path": "result/Batches/32/run 2",
    "data_path": "32.pt"
}