{
    "total_cpu_time (seconds)": 59.02944256799914,
    "total_cpu_memory (MB)": 71518.20922,
    "execution_time (seconds/batch)": 0.36943910858125806,
    "num_batches": 160,
    "batch_size": 32,
    "device": "cpu",
    "throughput_bps": 14219176.795259556,
    "sample_persec": 86.61779236878384,
    "result_path": "result/Batches/32/run 2",
    "data_path": "104.pt"
}