{
    "total_cpu_time (seconds)": 29.056347504999287,
    "total_cpu_memory (MB)": 71518.19606,
    "execution_time (seconds/batch)": 0.18185079604145848,
    "num_batches": 160,
    "batch_size": 32,
    "device": "cpu",
    "throughput_bps": 28886978.305018745,
    "sample_persec": 175.9684350939251,
    "result_path": "result/Batches/32/run 2",
    "data_path": "36.pt"
}