{
    "total_cpu_time (seconds)": 29.45407292500008,
    "total_cpu_memory (MB)": 71518.204916,
    "execution_time (seconds/batch)": 0.18433998310189761,
    "num_batches": 160,
    "batch_size": 32,
    "device": "cpu",
    "throughput_bps": 28496910.49985739,
    "sample_persec": 173.59229105663613,
    "result_path": "result/Batches/32/run 2",
    "data_path": "40.pt"
}