{
    "total_cpu_time (seconds)": 28.726449549999998,
    "total_cpu_memory (MB)": 71518.209628,
    "execution_time (seconds/batch)": 0.17978611101114805,
    "num_batches": 160,
    "batch_size": 32,
    "device": "cpu",
    "throughput_bps": 29218719.791287262,
    "sample_persec": 177.98927748103839,
    "result_path": "result/Batches/32/run 2",
    "data_path": "46.pt"
}