{
    "total_cpu_time (seconds)": 44.8602171990007,
    "total_cpu_memory (MB)": 71516.2186,
    "execution_time (seconds/batch)": 0.28076020934246476,
    "num_batches": 160,
    "batch_size": 32,
    "device": "cpu",
    "throughput_bps": 18710343.649845216,
    "sample_persec": 113.97626492352107,
    "result_path": "result/Batches/32/run 2",
    "data_path": "5.pt"
}