{
    "total_cpu_time (seconds)": 27.712954636999093,
    "total_cpu_memory (MB)": 71518.193476,
    "execution_time (seconds/batch)": 0.17344309571366537,
    "num_batches": 160,
    "batch_size": 32,
    "device": "cpu",
    "throughput_bps": 30287282.283477563,
    "sample_persec": 184.49855192176878,
    "result_path": "result/Batches/32/run 2",
    "data_path": "52.pt"
}