{
    "total_cpu_time (seconds)": 44.56059668700082,
    "total_cpu_memory (MB)": 71518.209572,
    "execution_time (seconds/batch)": 0.2788850174034864,
    "num_batches": 160,
    "batch_size": 32,
    "device": "cpu",
    "throughput_bps": 18836149.926261075,
    "sample_persec": 114.74262869311085,
    "result_path": "result/Batches/32/run 2",
    "data_path": "106.pt"
}