{
    "total_cpu_time (seconds)": 21.991839822999978,
    "total_cpu_memory (MB)": 71461.283356,
    "execution_time (seconds/batch)": 2.2021947954969665,
    "num_batches": 10,
    "batch_size": 512,
    "device": "cpu",
    "throughput_bps": 38166432.94765056,
    "sample_persec": 232.49532741015204,
    "result_path": "result/2GB/run 3",
    "data_path": "2.pt"
}