{
    "total_cpu_time (seconds)": 28.133460664999895,
    "total_cpu_memory (MB)": 71461.283356,
    "execution_time (seconds/batch)": 2.8171977039859075,
    "num_batches": 10,
    "batch_size": 512,
    "device": "cpu",
    "throughput_bps": 29834583.45187564,
    "sample_persec": 181.74088360060694,
    "result_path": "result/2GB/run 3",
    "data_path": "11.pt"
}