{
    "total_cpu_time (seconds)": 21.76271017700003,
    "total_cpu_memory (MB)": 71461.283356,
    "execution_time (seconds/batch)": 2.1792504616905957,
    "num_batches": 10,
    "batch_size": 512,
    "device": "cpu",
    "throughput_bps": 38568269.90634048,
    "sample_persec": 234.94316463414035,
    "result_path": "result/2GB/run 3",
    "data_path": "12.pt"
}