{
    "total_cpu_time (seconds)": 23.005234359000045,
    "total_cpu_memory (MB)": 71461.283356,
    "execution_time (seconds/batch)": 2.3036729888143994,
    "num_batches": 10,
    "batch_size": 512,
    "device": "cpu",
    "throughput_bps": 36485178.41208741,
    "sample_persec": 222.2537671301621,
    "result_path": "result/2GB/run 3",
    "data_path": "13.pt"
}