{
    "total_cpu_time (seconds)": 25.81598763999982,
    "total_cpu_memory (MB)": 71461.283348,
    "execution_time (seconds/batch)": 2.5851331256952683,
    "num_batches": 10,
    "batch_size": 512,
    "device": "cpu",
    "throughput_bps": 32512801.43547535,
    "sample_persec": 198.05556429992293,
    "result_path": "result/2GB/run 3",
    "data_path": "15.pt"
}