{
    "total_cpu_time (seconds)": 21.00104679500019,
    "total_cpu_memory (MB)": 71461.283364,
    "execution_time (seconds/batch)": 2.102979847259945,
    "num_batches": 10,
    "batch_size": 512,
    "device": "cpu",
    "throughput_bps": 39967059.17534681,
    "sample_persec": 243.46405443071887,
    "result_path": "result/2GB/run 3",
    "data_path": "16.pt"
}