{
    "total_cpu_time (seconds)": 20.30030633899997,
    "total_cpu_memory (MB)": 71461.28334,
    "execution_time (seconds/batch)": 2.0328098661388587,
    "num_batches": 10,
    "batch_size": 512,
    "device": "cpu",
    "throughput_bps": 41346670.63557958,
    "sample_persec": 251.86812034344283,
    "result_path": "result/2GB/run 3",
    "data_path": "19.pt"
}