{
    "total_cpu_time (seconds)": 20.54291528899999,
    "total_cpu_memory (MB)": 71461.283356,
    "execution_time (seconds/batch)": 2.0571039757418332,
    "num_batches": 10,
    "batch_size": 512,
    "device": "cpu",
    "throughput_bps": 40858372.25106227,
    "sample_persec": 248.89359314730916,
    "result_path": "result/2GB/run 3",
    "data_path": "20.pt"
}