{
    "total_cpu_time (seconds)": 22.947312514999865,
    "total_cpu_memory (MB)": 71461.283356,
    "execution_time (seconds/batch)": 2.2978728745706887,
    "num_batches": 10,
    "batch_size": 512,
    "device": "cpu",
    "throughput_bps": 36577271.49753793,
    "sample_persec": 222.81476302106438,
    "result_path": "result/2GB/run 3",
    "data_path": "3.pt"
}