{
    "total_cpu_time (seconds)": 24.578770639000105,
    "total_cpu_memory (MB)": 71461.283356,
    "execution_time (seconds/batch)": 2.4612420432560245,
    "num_batches": 10,
    "batch_size": 512,
    "device": "cpu",
    "throughput_bps": 34149392.26733212,
    "sample_persec": 208.0250503614286,
    "result_path": "result/2GB/run 3",
    "data_path": "5.pt"
}