{
    "total_cpu_time (seconds)": 20.72930875400015,
    "total_cpu_memory (MB)": 71461.283356,
    "execution_time (seconds/batch)": 2.075768840611789,
    "num_batches": 10,
    "batch_size": 512,
    "device": "cpu",
    "throughput_bps": 40490982.596707664,
    "sample_persec": 246.65559574017828,
    "result_path": "result/2GB/run 3",
    "data_path": "7.pt"
}