{
    "total_cpu_time (seconds)": 24.43736392099999,
    "total_cpu_memory (MB)": 71461.283356,
    "execution_time (seconds/batch)": 2.4470820120383325,
    "num_batches": 10,
    "batch_size": 512,
    "device": "cpu",
    "throughput_bps": 34346997.602254204,
    "sample_persec": 209.22878656343934,
    "result_path": "result/2GB/run 3",
    "data_path": "8.pt"
}