{
    "total_cpu_time (seconds)": 22.75244107099995,
    "total_cpu_memory (MB)": 71461.283356,
    "execution_time (seconds/batch)": 2.2783590511151917,
    "num_batches": 10,
    "batch_size": 512,
    "device": "cpu",
    "throughput_bps": 36890550.66138937,
    "sample_persec": 224.72313999384366,
    "result_path": "result/2GB/run 3",
    "data_path": "10.pt"
}