{"total_cpu_time (seconds)": 20.85582180199999, "total_cpu_memory (MB)": 71460.480284, "execution_time (seconds/batch)": 1.0442187328988848, "num_batches": 20, "batch_size": 256, "device": "cpu", "throughput_bps": 40245361.125952356, "sample_persec": 245.15936358401774, "result_path": "result/1GB/Batches/256/run 2", "data_path": "data/100.pt"}