{"total_cpu_time (seconds)": 20.61802908500011, "total_cpu_memory (MB)": 71460.480316, "execution_time (seconds/batch)": 1.0323128194328237, "num_batches": 20, "batch_size": 256, "device": "cpu", "throughput_bps": 40709520.61129055, "sample_persec": 247.98684582901163, "result_path": "result/1GB/Batches/256/run 2", "data_path": "data/101.pt"}