{"total_cpu_time (seconds)": 21.00719569199997, "total_cpu_memory (MB)": 71460.480332, "execution_time (seconds/batch)": 1.0517977893901804, "num_batches": 20, "batch_size": 256, "device": "cpu", "throughput_bps": 39955360.64433598, "sample_persec": 243.39279144941509, "result_path": "result/1GB/Batches/256/run 2", "data_path": "data/104.pt"}