{"total_cpu_time (seconds)": 28.193053259999118, "total_cpu_memory (MB)": 71518.20734, "execution_time (seconds/batch)": 0.1764478201290772, "num_batches": 160, "batch_size": 32, "device": "cpu", "throughput_bps": 29771521.0998763, "sample_persec": 181.35673184622502, "result_path": "result/1GB/Batches/32/run 2", "data_path": "data/10.pt"}