{"total_cpu_time (seconds)": 28.745919183998375, "total_cpu_memory (MB)": 71518.211692, "execution_time (seconds/batch)": 0.17990796281790494, "num_batches": 160, "batch_size": 32, "device": "cpu", "throughput_bps": 29198929.929060344, "sample_persec": 177.868725201391, "result_path": "result/1GB/Batches/32/run 2", "data_path": "data/107.pt"}