{
    "total_cpu_time (seconds)": 30.847464641999935,
    "total_cpu_memory (MB)": 71461.283356,
    "execution_time (seconds/batch)": 3.088969664913743,
    "num_batches": 10,
    "batch_size": 512,
    "device": "cpu",
    "throughput_bps": 27209694.207970485,
    "sample_persec": 165.7510612083972,
    "result_path": "result/2GB/Batches/512/run 2",
    "data_path": "1.pt"
}