{
    "total_cpu_time (seconds)": 33.53907243799996,
    "total_cpu_memory (MB)": 71461.283332,
    "execution_time (seconds/batch)": 3.358498941571676,
    "num_batches": 10,
    "batch_size": 512,
    "device": "cpu",
    "throughput_bps": 25026037.36437897,
    "sample_persec": 152.44905801887776,
    "result_path": "result/2GB/Batches/512/run 2",
    "data_path": "10.pt"
}