{
    "total_cpu_time (seconds)": 22.757203195000045,
    "total_cpu_memory (MB)": 71461.28334,
    "execution_time (seconds/batch)": 2.278835915478197,
    "num_batches": 10,
    "batch_size": 512,
    "device": "cpu",
    "throughput_bps": 36882831.0231203,
    "sample_persec": 224.6761149069219,
    "result_path": "result/2GB/Batches/512/run 2",
    "data_path": "108.pt"
}