{
    "total_cpu_time (seconds)": 20.937211381999912,
    "total_cpu_memory (MB)": 71461.283276,
    "execution_time (seconds/batch)": 2.096587566513584,
    "num_batches": 10,
    "batch_size": 512,
    "device": "cpu",
    "throughput_bps": 40088914.645128146,
    "sample_persec": 244.20635139576112,
    "result_path": "result/2GB/Batches/512/run 2",
    "data_path": "11.pt"
}