{
    "total_cpu_time (seconds)": 24.543053267999845,
    "total_cpu_memory (MB)": 71461.283356,
    "execution_time (seconds/batch)": 2.457665416236245,
    "num_batches": 10,
    "batch_size": 512,
    "device": "cpu",
    "throughput_bps": 34199089.69086484,
    "sample_persec": 208.32778807788034,
    "result_path": "result/2GB/Batches/512/run 2",
    "data_path": "110.pt"
}