{
    "total_cpu_time (seconds)": 27.01426435000022,
    "total_cpu_memory (MB)": 71461.283292,
    "execution_time (seconds/batch)": 2.7051248478779804,
    "num_batches": 10,
    "batch_size": 512,
    "device": "cpu",
    "throughput_bps": 31070625.10106788,
    "sample_persec": 189.2703770776552,
    "result_path": "result/2GB/Batches/512/run 2",
    "data_path": "111.pt"
}