{
    "total_cpu_time (seconds)": 23.373174795000022,
    "total_cpu_memory (MB)": 71461.283372,
    "execution_time (seconds/batch)": 2.3405174056405262,
    "num_batches": 10,
    "batch_size": 512,
    "device": "cpu",
    "throughput_bps": 35910828.860936485,
    "sample_persec": 218.75504910414526,
    "result_path": "result/2GB/Batches/512/run 2",
    "data_path": "112.pt"
}