{
    "total_cpu_time (seconds)": 24.53235783500012,
    "total_cpu_memory (MB)": 71461.283356,
    "execution_time (seconds/batch)": 2.456594408668113,
    "num_batches": 10,
    "batch_size": 512,
    "device": "cpu",
    "throughput_bps": 34213999.55297024,
    "sample_persec": 208.41861326127093,
    "result_path": "result/2GB/Batches/512/run 2",
    "data_path": "115.pt"
}