{
    "total_cpu_time (seconds)": 45.689742859999924,
    "total_cpu_memory (MB)": 71461.283356,
    "execution_time (seconds/batch)": 4.575229482558178,
    "num_batches": 10,
    "batch_size": 512,
    "device": "cpu",
    "throughput_bps": 18370645.739283144,
    "sample_persec": 111.90695503949283,
    "result_path": "result/2GB/Batches/512/run 2",
    "data_path": "116.pt"
}