{
    "total_cpu_time (seconds)": 20.84664026300013,
    "total_cpu_memory (MB)": 71461.283364,
    "execution_time (seconds/batch)": 2.0875180548906838,
    "num_batches": 10,
    "batch_size": 512,
    "device": "cpu",
    "throughput_bps": 40263086.49311367,
    "sample_persec": 245.2673397484994,
    "result_path": "result/2GB/Batches/512/run 2",
    "data_path": "100.pt"
}