{
    "total_cpu_time (seconds)": 38.93599674300005,
    "total_cpu_memory (MB)": 71461.283356,
    "execution_time (seconds/batch)": 3.898930242991595,
    "num_batches": 10,
    "batch_size": 512,
    "device": "cpu",
    "throughput_bps": 21557174.59964343,
    "sample_persec": 131.3180713915901,
    "result_path": "result/2GB/Batches/512/run 2",
    "data_path": "101.pt"
}