{
    "total_cpu_time (seconds)": 19.80832112899992,
    "total_cpu_memory (MB)": 71461.283332,
    "execution_time (seconds/batch)": 1.9835439894480658,
    "num_batches": 10,
    "batch_size": 512,
    "device": "cpu",
    "throughput_bps": 42373610.28901983,
    "sample_persec": 258.123844353191,
    "result_path": "result/2GB/Batches/512/run 2",
    "data_path": "103.pt"
}