{
    "total_cpu_time (seconds)": 29.74033087999989,
    "total_cpu_memory (MB)": 71461.283364,
    "execution_time (seconds/batch)": 2.978104715540767,
    "num_batches": 10,
    "batch_size": 512,
    "device": "cpu",
    "throughput_bps": 28222620.769981265,
    "sample_persec": 171.92142281908664,
    "result_path": "result/2GB/Batches/512/run 2",
    "data_path": "105.pt"
}