{
    "total_cpu_time (seconds)": 28.598062181999886,
    "total_cpu_memory (MB)": 71461.283356,
    "execution_time (seconds/batch)": 2.8637214623868457,
    "num_batches": 10,
    "batch_size": 512,
    "device": "cpu",
    "throughput_bps": 29349893.52279615,
    "sample_persec": 178.78833773633133,
    "result_path": "result/2GB/Batches/512/run 2",
    "data_path": "107.pt"
}