{
    "total_cpu_time (seconds)": 28.877355206999912,
    "total_cpu_memory (MB)": 71466.748284,
    "execution_time (seconds/batch)": 0.7229222504392703,
    "num_batches": 40,
    "batch_size": 128,
    "device": "cpu",
    "throughput_bps": 29066030.250462145,
    "sample_persec": 177.05915113585615,
    "result_path": "result/Batches/128/run 3",
    "data_path": "110.pt"
}