{
    "total_cpu_time (seconds)": 29.445544313999875,
    "total_cpu_memory (MB)": 71466.756964,
    "execution_time (seconds/batch)": 0.7371464252282386,
    "num_batches": 40,
    "batch_size": 128,
    "device": "cpu",
    "throughput_bps": 28505164.348445453,
    "sample_persec": 173.64257034871744,
    "result_path": "result/Batches/128/run 3",
    "data_path": "119.pt"
}