{
    "total_cpu_time (seconds)": 22.97618802000002,
    "total_cpu_memory (MB)": 71466.756972,
    "execution_time (seconds/batch)": 0.5751910945746143,
    "num_batches": 40,
    "batch_size": 128,
    "device": "cpu",
    "throughput_bps": 36531302.72390586,
    "sample_persec": 222.53473881521603,
    "result_path": "result/Batches/128/run 3",
    "data_path": "12.pt"
}