{
    "total_cpu_time (seconds)": 23.440586534999657,
    "total_cpu_memory (MB)": 71466.756972,
    "execution_time (seconds/batch)": 0.5868169521767956,
    "num_batches": 40,
    "batch_size": 128,
    "device": "cpu",
    "throughput_bps": 35807554.50580334,
    "sample_persec": 218.12594119032246,
    "result_path": "result/Batches/128/run 3",
    "data_path": "123.pt"
}