{
    "total_cpu_time (seconds)": 21.570482738000486,
    "total_cpu_memory (MB)": 71466.756964,
    "execution_time (seconds/batch)": 0.5400003501787722,
    "num_batches": 40,
    "batch_size": 128,
    "device": "cpu",
    "throughput_bps": 38911974.76639343,
    "sample_persec": 237.03688332354673,
    "result_path": "result/Batches/128/run 3",
    "data_path": "124.pt"
}