{
    "total_cpu_time (seconds)": 21.187290047999838,
    "total_cpu_memory (MB)": 71466.756884,
    "execution_time (seconds/batch)": 0.530407417591234,
    "num_batches": 40,
    "batch_size": 128,
    "device": "cpu",
    "throughput_bps": 39615735.570639335,
    "sample_persec": 241.32392525974254,
    "result_path": "result/Batches/128/run 3",
    "data_path": "127.pt"
}