{
    "total_cpu_time (seconds)": 21.303657489999875,
    "total_cpu_memory (MB)": 71466.75694,
    "execution_time (seconds/batch)": 0.5333205864893378,
    "num_batches": 40,
    "batch_size": 128,
    "device": "cpu",
    "throughput_bps": 39399341.65736557,
    "sample_persec": 240.00573621689549,
    "result_path": "result/Batches/128/run 3",
    "data_path": "129.pt"
}