{
    "total_cpu_time (seconds)": 21.957980663999855,
    "total_cpu_memory (MB)": 71466.756964,
    "execution_time (seconds/batch)": 0.5497010610193588,
    "num_batches": 40,
    "batch_size": 128,
    "device": "cpu",
    "throughput_bps": 38225285.50524301,
    "sample_persec": 232.85383470542772,
    "result_path": "result/Batches/128/run 3",
    "data_path": "102.pt"
}