{
    "total_cpu_time (seconds)": 21.78474224600007,
    "total_cpu_memory (MB)": 71466.756988,
    "execution_time (seconds/batch)": 0.5453641712278524,
    "num_batches": 40,
    "batch_size": 128,
    "device": "cpu",
    "throughput_bps": 38529263.76276562,
    "sample_persec": 234.7055541104144,
    "result_path": "result/Batches/128/run 3",
    "data_path": "2.pt"
}