{
    "total_cpu_time (seconds)": 21.003735711999763,
    "total_cpu_memory (MB)": 71466.756972,
    "execution_time (seconds/batch)": 0.5258122767721435,
    "num_batches": 40,
    "batch_size": 128,
    "device": "cpu",
    "throughput_bps": 39961942.55674557,
    "sample_persec": 243.43288594508752,
    "result_path": "result/Batches/128/run 3",
    "data_path": "24.pt"
}