{
    "total_cpu_time (seconds)": 21.520866925000135,
    "total_cpu_memory (MB)": 71466.756964,
    "execution_time (seconds/batch)": 0.5387582566790567,
    "num_batches": 40,
    "batch_size": 128,
    "device": "cpu",
    "throughput_bps": 39001685.337543376,
    "sample_persec": 237.5833658476083,
    "result_path": "result/Batches/128/run 3",
    "data_path": "26.pt"
}