{
    "total_cpu_time (seconds)": 20.545390474000047,
    "total_cpu_memory (MB)": 71466.739516,
    "execution_time (seconds/batch)": 0.5143379582773335,
    "num_batches": 40,
    "batch_size": 128,
    "device": "cpu",
    "throughput_bps": 40853449.8802633,
    "sample_persec": 248.8636079450737,
    "result_path": "result/Batches/128/run 3",
    "data_path": "28.pt"
}