{
    "total_cpu_time (seconds)": 24.11185962999946,
    "total_cpu_memory (MB)": 71466.75698,
    "execution_time (seconds/batch)": 0.6036217548679701,
    "num_batches": 40,
    "batch_size": 128,
    "device": "cpu",
    "throughput_bps": 34810673.78791881,
    "sample_persec": 212.05332473147425,
    "result_path": "result/Batches/128/run 3",
    "data_path": "30.pt"
}