{
    "total_cpu_time (seconds)": 20.744344162000207,
    "total_cpu_memory (MB)": 71466.756972,
    "execution_time (seconds/batch)": 0.5193186099620627,
    "num_batches": 40,
    "batch_size": 128,
    "device": "cpu",
    "throughput_bps": 40461634.913362734,
    "sample_persec": 246.47682086600108,
    "result_path": "result/Batches/128/run 3",
    "data_path": "31.pt"
}