{
    "total_cpu_time (seconds)": 21.786079391999557,
    "total_cpu_memory (MB)": 71466.74826,
    "execution_time (seconds/batch)": 0.5453976456436423,
    "num_batches": 40,
    "batch_size": 128,
    "device": "cpu",
    "throughput_bps": 38526898.98432263,
    "sample_persec": 234.69114878364178,
    "result_path": "result/Batches/128/run 3",
    "data_path": "32.pt"
}