{
    "total_cpu_time (seconds)": 24.469636847000388,
    "total_cpu_memory (MB)": 71466.756988,
    "execution_time (seconds/batch)": 0.6125784307482984,
    "num_batches": 40,
    "batch_size": 128,
    "device": "cpu",
    "throughput_bps": 34301697.45665399,
    "sample_persec": 208.95283538410084,
    "result_path": "result/Batches/128/run 3",
    "data_path": "33.pt"
}