{
    "total_cpu_time (seconds)": 22.68163671899972,
    "total_cpu_memory (MB)": 71466.756972,
    "execution_time (seconds/batch)": 0.567817230594947,
    "num_batches": 40,
    "batch_size": 128,
    "device": "cpu",
    "throughput_bps": 37005710.40787819,
    "sample_persec": 225.42464917079792,
    "result_path": "result/Batches/128/run 3",
    "data_path": "104.pt"
}