{
    "total_cpu_time (seconds)": 23.136350031999548,
    "total_cpu_memory (MB)": 71466.756916,
    "execution_time (seconds/batch)": 0.579200626656746,
    "num_batches": 40,
    "batch_size": 128,
    "device": "cpu",
    "throughput_bps": 36278413.787788786,
    "sample_persec": 220.99423603672508,
    "result_path": "result/Batches/128/run 3",
    "data_path": "38.pt"
}