{
    "total_cpu_time (seconds)": 21.96379165400002,
    "total_cpu_memory (MB)": 71466.756916,
    "execution_time (seconds/batch)": 0.5498465346591047,
    "num_batches": 40,
    "batch_size": 128,
    "device": "cpu",
    "throughput_bps": 38215172.18986817,
    "sample_persec": 232.79222825212088,
    "result_path": "result/Batches/128/run 3",
    "data_path": "39.pt"
}