{
    "total_cpu_time (seconds)": 23.724475182000074,
    "total_cpu_memory (MB)": 71466.756988,
    "execution_time (seconds/batch)": 0.5939238848613357,
    "num_batches": 40,
    "batch_size": 128,
    "device": "cpu",
    "throughput_bps": 35379078.92844857,
    "sample_persec": 215.5158316791458,
    "result_path": "result/Batches/128/run 3",
    "data_path": "4.pt"
}