{
    "total_cpu_time (seconds)": 21.59853805600014,
    "total_cpu_memory (MB)": 71466.748252,
    "execution_time (seconds/batch)": 0.5407026933635866,
    "num_batches": 40,
    "batch_size": 128,
    "device": "cpu",
    "throughput_bps": 38861430.24235041,
    "sample_persec": 236.72898539443472,
    "result_path": "result/Batches/128/run 3",
    "data_path": "42.pt"
}