{
    "total_cpu_time (seconds)": 21.3659825100001,
    "total_cpu_memory (MB)": 71466.75698,
    "execution_time (seconds/batch)": 0.5348808451554885,
    "num_batches": 40,
    "batch_size": 128,
    "device": "cpu",
    "throughput_bps": 39284412.94975094,
    "sample_persec": 239.3056344404906,
    "result_path": "result/Batches/128/run 3",
    "data_path": "49.pt"
}