{
    "total_cpu_time (seconds)": 28.429765402000097,
    "total_cpu_memory (MB)": 71466.75698,
    "execution_time (seconds/batch)": 0.7117171858900865,
    "num_batches": 40,
    "batch_size": 128,
    "device": "cpu",
    "throughput_bps": 29523637.220761232,
    "sample_persec": 179.8467179627268,
    "result_path": "result/Batches/128/run 3",
    "data_path": "106.pt"
}