{"total_cpu_time (seconds)": 27.420931368999952, "total_cpu_memory (MB)": 71461.283356, "execution_time (seconds/batch)": 2.745847224902792, "num_batches": 10, "batch_size": 512, "device": "cpu", "throughput_bps": 30609831.179874007, "sample_persec": 186.46339656356, "result_path": "result/demo", "data_path": "data/1.pt"}