{"total_cpu_time (seconds)": 23.25863721999992, "total_cpu_memory (MB)": 71461.283364, "execution_time (seconds/batch)": 2.3290479672677407, "num_batches": 10, "batch_size": 512, "device": "cpu", "throughput_bps": 36087672.37997287, "sample_persec": 219.83231225617, "result_path": "result/demo", "data_path": "data/100.pt"}