{"total_cpu_time (seconds)": 25.59924878000007, "total_cpu_memory (MB)": 71461.283364, "execution_time (seconds/batch)": 2.56342956686095, "num_batches": 10, "batch_size": 512, "device": "cpu", "throughput_bps": 32788074.650681123, "sample_persec": 199.73242355434408, "result_path": "result/demo", "data_path": "data/101.pt"}