{"total_cpu_time (seconds)": 29.678031155999648, "total_cpu_memory (MB)": 71461.283356, "execution_time (seconds/batch)": 2.971866213939335, "num_batches": 10, "batch_size": 512, "device": "cpu", "throughput_bps": 28281865.31606625, "sample_persec": 172.28231795849325, "result_path": "result/demo", "data_path": "data/102.pt"}