{"total_cpu_time (seconds)": 24.544147493999912, "total_cpu_memory (MB)": 71461.283356, "execution_time (seconds/batch)": 2.4577749886422757, "num_batches": 10, "batch_size": 512, "device": "cpu", "throughput_bps": 34197565.028697304, "sample_persec": 208.31850041847775, "result_path": "result/demo", "data_path": "data/103.pt"}