{"total_cpu_time (seconds)": 27.29832348699987, "total_cpu_memory (MB)": 71461.283356, "execution_time (seconds/batch)": 2.733569650957155, "num_batches": 10, "batch_size": 512, "device": "cpu", "throughput_bps": 30747312.390803747, "sample_persec": 187.30087957360956, "result_path": "result/demo", "data_path": "data/104.pt"}