{"total_cpu_time (seconds)": 22.469719329999936, "total_cpu_memory (MB)": 71461.283364, "execution_time (seconds/batch)": 2.250048170733418, "num_batches": 10, "batch_size": 512, "device": "cpu", "throughput_bps": 37354720.264768094, "sample_persec": 227.55068387407465, "result_path": "result/demo", "data_path": "data/107.pt"}