{
    "total_cpu_time (seconds)": 78.23537756899951,
    "total_cpu_memory (MB)": 71461.080228,
    "execution_time (seconds/batch)": 7.834248643717533,
    "num_batches": 10,
    "batch_size": 512,
    "device": "cpu",
    "throughput_bps": 10728523.413333528,
    "sample_persec": 65.35406562703173,
    "result_path": "result/6GB/run 2",
    "data_path": "1.pt"
}