{
    "total_cpu_time (seconds)": 25.049189428000115,
    "total_cpu_memory (MB)": 71461.283356,
    "execution_time (seconds/batch)": 2.508348325275975,
    "num_batches": 10,
    "batch_size": 512,
    "device": "cpu",
    "throughput_bps": 33508073.481282793,
    "sample_persec": 204.11838134309696,
    "result_path": "result/6GB/run 2",
    "data_path": "2.pt"
}