{
    "total_cpu_time (seconds)": 21.62930583300005,
    "total_cpu_memory (MB)": 71461.283356,
    "execution_time (seconds/batch)": 2.1658917634453405,
    "num_batches": 10,
    "batch_size": 512,
    "device": "cpu",
    "throughput_bps": 38806149.69711118,
    "sample_persec": 236.3922374336695,
    "result_path": "result/6GB/run 2",
    "data_path": "11.pt"
}