{
    "total_cpu_time (seconds)": 20.488842725999955,
    "total_cpu_memory (MB)": 71461.283364,
    "execution_time (seconds/batch)": 2.0516893165875176,
    "num_batches": 10,
    "batch_size": 512,
    "device": "cpu",
    "throughput_bps": 40966202.494925715,
    "sample_persec": 249.55045379462547,
    "result_path": "result/6GB/run 2",
    "data_path": "12.pt"
}