{
    "total_cpu_time (seconds)": 24.70857146399991,
    "total_cpu_memory (MB)": 71461.283356,
    "execution_time (seconds/batch)": 2.4742398962581564,
    "num_batches": 10,
    "batch_size": 512,
    "device": "cpu",
    "throughput_bps": 33969996.25101447,
    "sample_persec": 206.9322383711895,
    "result_path": "result/6GB/run 2",
    "data_path": "13.pt"
}