{
    "total_cpu_time (seconds)": 20.93876304899998,
    "total_cpu_memory (MB)": 71461.283356,
    "execution_time (seconds/batch)": 2.0967429456459983,
    "num_batches": 10,
    "batch_size": 512,
    "device": "cpu",
    "throughput_bps": 40085943.856176674,
    "sample_persec": 244.18825448450704,
    "result_path": "result/6GB/run 2",
    "data_path": "14.pt"
}