{
    "total_cpu_time (seconds)": 27.96204477200011,
    "total_cpu_memory (MB)": 71461.283268,
    "execution_time (seconds/batch)": 2.800032646834355,
    "num_batches": 10,
    "batch_size": 512,
    "device": "cpu",
    "throughput_bps": 30017478.58012466,
    "sample_persec": 182.8550108438393,
    "result_path": "result/6GB/run 2",
    "data_path": "15.pt"
}