{
    "total_cpu_time (seconds)": 21.57051715699992,
    "total_cpu_memory (MB)": 71461.283364,
    "execution_time (seconds/batch)": 2.160004847327197,
    "num_batches": 10,
    "batch_size": 512,
    "device": "cpu",
    "throughput_bps": 38911912.676494166,
    "sample_persec": 237.03650509560285,
    "result_path": "result/6GB/run 2",
    "data_path": "16.pt"
}