{
    "total_cpu_time (seconds)": 21.000534280000128,
    "total_cpu_memory (MB)": 71461.283356,
    "execution_time (seconds/batch)": 2.102928525593598,
    "num_batches": 10,
    "batch_size": 512,
    "device": "cpu",
    "throughput_bps": 39968034.565642245,
    "sample_persec": 243.46999613573493,
    "result_path": "result/6GB/run 2",
    "data_path": "18.pt"
}