{
    "total_cpu_time (seconds)": 22.481185282000016,
    "total_cpu_memory (MB)": 71461.283356,
    "execution_time (seconds/batch)": 2.251196335690203,
    "num_batches": 10,
    "batch_size": 512,
    "device": "cpu",
    "throughput_bps": 37335668.44769708,
    "sample_persec": 227.43462748353485,
    "result_path": "result/6GB/run 2",
    "data_path": "19.pt"
}