{
    "total_cpu_time (seconds)": 24.04794195400001,
    "total_cpu_memory (MB)": 71461.283348,
    "execution_time (seconds/batch)": 2.4080865011633104,
    "num_batches": 10,
    "batch_size": 512,
    "device": "cpu",
    "throughput_bps": 34903198.020252496,
    "sample_persec": 212.61694700446208,
    "result_path": "result/6GB/run 2",
    "data_path": "20.pt"
}