{
    "total_cpu_time (seconds)": 79.94424301699958,
    "total_cpu_memory (MB)": 71460.164956,
    "execution_time (seconds/batch)": 8.005369142324229,
    "num_batches": 10,
    "batch_size": 512,
    "device": "cpu",
    "throughput_bps": 10499193.541947957,
    "sample_persec": 63.95707566976095,
    "result_path": "result/6GB/run 2",
    "data_path": "3.pt"
}