{
    "total_cpu_time (seconds)": 35.03283330200008,
    "total_cpu_memory (MB)": 71461.2833,
    "execution_time (seconds/batch)": 3.5080795326861023,
    "num_batches": 10,
    "batch_size": 512,
    "device": "cpu",
    "throughput_bps": 23958955.096905626,
    "sample_persec": 145.94880054157912,
    "result_path": "result/6GB/run 2",
    "data_path": "22.pt"
}