{
    "total_cpu_time (seconds)": 22.840442504000002,
    "total_cpu_memory (MB)": 71461.283364,
    "execution_time (seconds/batch)": 2.287171242332877,
    "num_batches": 10,
    "batch_size": 512,
    "device": "cpu",
    "throughput_bps": 36748415.8791147,
    "sample_persec": 223.85730920513342,
    "result_path": "result/6GB/run 2",
    "data_path": "24.pt"
}