{
    "total_cpu_time (seconds)": 23.630425427999892,
    "total_cpu_memory (MB)": 71461.283356,
    "execution_time (seconds/batch)": 2.3662776880766567,
    "num_batches": 10,
    "batch_size": 512,
    "device": "cpu",
    "throughput_bps": 35519888.651917666,
    "sample_persec": 216.37359071587272,
    "result_path": "result/6GB/run 2",
    "data_path": "26.pt"
}