{
    "total_cpu_time (seconds)": 20.97358346800008,
    "total_cpu_memory (MB)": 71461.283356,
    "execution_time (seconds/batch)": 2.1002297546677178,
    "num_batches": 10,
    "batch_size": 512,
    "device": "cpu",
    "throughput_bps": 40019393.027453676,
    "sample_persec": 243.78285226275386,
    "result_path": "result/6GB/run 2",
    "data_path": "27.pt"
}