{
    "total_cpu_time (seconds)": 23.306653889999964,
    "total_cpu_memory (MB)": 71461.283356,
    "execution_time (seconds/batch)": 2.3338562080344185,
    "num_batches": 10,
    "batch_size": 512,
    "device": "cpu",
    "throughput_bps": 36013324.09025624,
    "sample_persec": 219.37941088119055,
    "result_path": "result/6GB/run 2",
    "data_path": "28.pt"
}