{
    "total_cpu_time (seconds)": 25.92508174199995,
    "total_cpu_memory (MB)": 71461.283356,
    "execution_time (seconds/batch)": 2.5960574715243445,
    "num_batches": 10,
    "batch_size": 512,
    "device": "cpu",
    "throughput_bps": 32375985.86392151,
    "sample_persec": 197.222136110633,
    "result_path": "result/6GB/run 2",
    "data_path": "29.pt"
}