{
    "total_cpu_time (seconds)": 24.506385550000086,
    "total_cpu_memory (MB)": 71461.28334,
    "execution_time (seconds/batch)": 2.4539936244083793,
    "num_batches": 10,
    "batch_size": 512,
    "device": "cpu",
    "throughput_bps": 34250260.13271047,
    "sample_persec": 208.63949885910375,
    "result_path": "result/6GB/run 2",
    "data_path": "30.pt"
}