{
    "total_cpu_time (seconds)": 82.05743166000002,
    "total_cpu_memory (MB)": 71452.4579,
    "execution_time (seconds/batch)": 8.216977314672405,
    "num_batches": 10,
    "batch_size": 512,
    "device": "cpu",
    "throughput_bps": 10228812.467319183,
    "sample_persec": 62.310017466612955,
    "result_path": "result/6GB/run 2",
    "data_path": "4.pt"
}