{
    "total_cpu_time (seconds)": 23.26815993199985,
    "total_cpu_memory (MB)": 71461.283356,
    "execution_time (seconds/batch)": 2.330001542183439,
    "num_batches": 10,
    "batch_size": 512,
    "device": "cpu",
    "throughput_bps": 36072903.16264641,
    "sample_persec": 219.74234382703713,
    "result_path": "result/6GB/run 2",
    "data_path": "31.pt"
}