{
    "total_cpu_time (seconds)": 26.055398663000002,
    "total_cpu_memory (MB)": 71461.283356,
    "execution_time (seconds/batch)": 2.609107004783102,
    "num_batches": 10,
    "batch_size": 512,
    "device": "cpu",
    "throughput_bps": 32214056.321153898,
    "sample_persec": 196.2357232039102,
    "result_path": "result/6GB/run 2",
    "data_path": "33.pt"
}