{
    "total_cpu_time (seconds)": 27.205966135999944,
    "total_cpu_memory (MB)": 71461.283364,
    "execution_time (seconds/batch)": 2.724321271588494,
    "num_batches": 10,
    "batch_size": 512,
    "device": "cpu",
    "throughput_bps": 30851691.713654704,
    "sample_persec": 187.93671852859836,
    "result_path": "result/6GB/run 2",
    "data_path": "34.pt"
}