{
    "total_cpu_time (seconds)": 23.469278596999686,
    "total_cpu_memory (MB)": 71461.283356,
    "execution_time (seconds/batch)": 2.3501409430205045,
    "num_batches": 10,
    "batch_size": 512,
    "device": "cpu",
    "throughput_bps": 35763778.444698445,
    "sample_persec": 217.85927415142817,
    "result_path": "result/6GB/run 2",
    "data_path": "35.pt"
}