{
    "total_cpu_time (seconds)": 26.74555021600001,
    "total_cpu_memory (MB)": 71461.283364,
    "execution_time (seconds/batch)": 2.6782166459205956,
    "num_batches": 10,
    "batch_size": 512,
    "device": "cpu",
    "throughput_bps": 31382793.519718844,
    "sample_persec": 191.17198781505144,
    "result_path": "result/6GB/run 2",
    "data_path": "36.pt"
}