{
    "total_cpu_time (seconds)": 27.156318224000085,
    "total_cpu_memory (MB)": 71461.283364,
    "execution_time (seconds/batch)": 2.7193496832951385,
    "num_batches": 10,
    "batch_size": 512,
    "device": "cpu",
    "throughput_bps": 30908095.606944356,
    "sample_persec": 188.2803094964934,
    "result_path": "result/6GB/run 2",
    "data_path": "37.pt"
}