{
    "total_cpu_time (seconds)": 30.527678498000125,
    "total_cpu_memory (MB)": 71461.283364,
    "execution_time (seconds/batch)": 3.0569472698955726,
    "num_batches": 10,
    "batch_size": 512,
    "device": "cpu",
    "throughput_bps": 27494723.519673664,
    "sample_persec": 167.48735087520507,
    "result_path": "result/6GB/run 2",
    "data_path": "39.pt"
}