{
    "total_cpu_time (seconds)": 24.904572913,
    "total_cpu_memory (MB)": 71461.283364,
    "execution_time (seconds/batch)": 2.493866874918052,
    "num_batches": 10,
    "batch_size": 512,
    "device": "cpu",
    "throughput_bps": 33702649.024824895,
    "sample_persec": 205.30366121360197,
    "result_path": "result/6GB/run 2",
    "data_path": "40.pt"
}