{
    "total_cpu_time (seconds)": 25.531885817999978,
    "total_cpu_memory (MB)": 71461.283364,
    "execution_time (seconds/batch)": 2.556684048272245,
    "num_batches": 10,
    "batch_size": 512,
    "device": "cpu",
    "throughput_bps": 32874582.23740991,
    "sample_persec": 200.25939472106424,
    "result_path": "result/6GB/run 2",
    "data_path": "5.pt"
}