{
    "total_cpu_time (seconds)": 22.295108841000157,
    "total_cpu_memory (MB)": 71461.283356,
    "execution_time (seconds/batch)": 2.2325632166227423,
    "num_batches": 10,
    "batch_size": 512,
    "device": "cpu",
    "throughput_bps": 37647274.38587139,
    "sample_persec": 229.33281180477212,
    "result_path": "result/6GB/run 2",
    "data_path": "41.pt"
}