{
    "total_cpu_time (seconds)": 24.627626794,
    "total_cpu_memory (MB)": 71461.283372,
    "execution_time (seconds/batch)": 2.4661343474531585,
    "num_batches": 10,
    "batch_size": 512,
    "device": "cpu",
    "throughput_bps": 34081646.884647846,
    "sample_persec": 207.61237137334214,
    "result_path": "result/6GB/run 2",
    "data_path": "42.pt"
}