{
    "total_cpu_time (seconds)": 26.514191567999916,
    "total_cpu_memory (MB)": 71461.281308,
    "execution_time (seconds/batch)": 2.655049106750627,
    "num_batches": 10,
    "batch_size": 512,
    "device": "cpu",
    "throughput_bps": 31656634.819407996,
    "sample_persec": 192.84012438723195,
    "result_path": "result/6GB/run 2",
    "data_path": "43.pt"
}