{
    "total_cpu_time (seconds)": 25.358824513999867,
    "total_cpu_memory (MB)": 71461.283356,
    "execution_time (seconds/batch)": 2.5393542247541427,
    "num_batches": 10,
    "batch_size": 512,
    "device": "cpu",
    "throughput_bps": 33098934.831802607,
    "sample_persec": 201.62606500854415,
    "result_path": "result/6GB/run 2",
    "data_path": "44.pt"
}