{
    "total_cpu_time (seconds)": 23.88343238400007,
    "total_cpu_memory (MB)": 71461.283364,
    "execution_time (seconds/batch)": 2.391613021828288,
    "num_batches": 10,
    "batch_size": 512,
    "device": "cpu",
    "throughput_bps": 35143611.960996665,
    "sample_persec": 214.08145687741634,
    "result_path": "result/6GB/run 2",
    "data_path": "45.pt"
}