{
    "total_cpu_time (seconds)": 25.006026194999873,
    "total_cpu_memory (MB)": 71461.283364,
    "execution_time (seconds/batch)": 2.5040260926735645,
    "num_batches": 10,
    "batch_size": 512,
    "device": "cpu",
    "throughput_bps": 33565912.210706785,
    "sample_persec": 204.4707127845199,
    "result_path": "result/6GB/run 2",
    "data_path": "46.pt"
}