{
    "total_cpu_time (seconds)": 88.41871871299993,
    "total_cpu_memory (MB)": 71461.143804,
    "execution_time (seconds/batch)": 8.85397691786739,
    "num_batches": 10,
    "batch_size": 512,
    "device": "cpu",
    "throughput_bps": 9492900.284208631,
    "sample_persec": 57.827121614331325,
    "result_path": "result/6GB/run 2",
    "data_path": "47.pt"
}