{
    "total_cpu_time (seconds)": 23.694537804000113,
    "total_cpu_memory (MB)": 71461.283356,
    "execution_time (seconds/batch)": 2.3726977030408873,
    "num_batches": 10,
    "batch_size": 512,
    "device": "cpu",
    "throughput_bps": 35423779.393506505,
    "sample_persec": 215.78812983373842,
    "result_path": "result/6GB/run 2",
    "data_path": "48.pt"
}