{
    "total_cpu_time (seconds)": 24.18759740499993,
    "total_cpu_memory (MB)": 71461.283356,
    "execution_time (seconds/batch)": 2.4220711659221523,
    "num_batches": 10,
    "batch_size": 512,
    "device": "cpu",
    "throughput_bps": 34701672.34660909,
    "sample_persec": 211.3893295967903,
    "result_path": "result/6GB/run 2",
    "data_path": "49.pt"
}