{
    "total_cpu_time (seconds)": 24.85423856300012,
    "total_cpu_memory (MB)": 71461.283356,
    "execution_time (seconds/batch)": 2.488826548847264,
    "num_batches": 10,
    "batch_size": 512,
    "device": "cpu",
    "throughput_bps": 33770903.01408466,
    "sample_persec": 205.7194384386249,
    "result_path": "result/6GB/run 2",
    "data_path": "50.pt"
}