{
    "total_cpu_time (seconds)": 21.145420997000116,
    "total_cpu_memory (MB)": 71461.283356,
    "execution_time (seconds/batch)": 2.1174370331437626,
    "num_batches": 10,
    "batch_size": 512,
    "device": "cpu",
    "throughput_bps": 39694176.820555046,
    "sample_persec": 241.80175938447275,
    "result_path": "result/6GB/run 2",
    "data_path": "6.pt"
}