{
    "total_cpu_time (seconds)": 24.479197468000063,
    "total_cpu_memory (MB)": 71461.283356,
    "execution_time (seconds/batch)": 2.451271093998833,
    "num_batches": 10,
    "batch_size": 512,
    "device": "cpu",
    "throughput_bps": 34288300.54977184,
    "sample_persec": 208.8712265458811,
    "result_path": "result/6GB/run 2",
    "data_path": "51.pt"
}