{
    "total_cpu_time (seconds)": 27.40967367599983,
    "total_cpu_memory (MB)": 71461.283356,
    "execution_time (seconds/batch)": 2.744719914357894,
    "num_batches": 10,
    "batch_size": 512,
    "device": "cpu",
    "throughput_bps": 30622403.240610007,
    "sample_persec": 186.53998075420327,
    "result_path": "result/6GB/run 2",
    "data_path": "52.pt"
}