{
    "total_cpu_time (seconds)": 26.096408054999884,
    "total_cpu_memory (MB)": 71461.283356,
    "execution_time (seconds/batch)": 2.61321355841188,
    "num_batches": 10,
    "batch_size": 512,
    "device": "cpu",
    "throughput_bps": 32163433.305879295,
    "sample_persec": 195.92734713620428,
    "result_path": "result/6GB/run 2",
    "data_path": "53.pt"
}