{
    "total_cpu_time (seconds)": 23.950585909999955,
    "total_cpu_memory (MB)": 71461.283356,
    "execution_time (seconds/batch)": 2.3983375681439423,
    "num_batches": 10,
    "batch_size": 512,
    "device": "cpu",
    "throughput_bps": 35045075.02046331,
    "sample_persec": 213.48120748332914,
    "result_path": "result/6GB/run 2",
    "data_path": "54.pt"
}