{
    "total_cpu_time (seconds)": 25.45378413400007,
    "total_cpu_memory (MB)": 71461.283356,
    "execution_time (seconds/batch)": 2.5488631872888785,
    "num_batches": 10,
    "batch_size": 512,
    "device": "cpu",
    "throughput_bps": 32975453.692122433,
    "sample_persec": 200.87386508359182,
    "result_path": "result/6GB/run 2",
    "data_path": "55.pt"
}