{
    "total_cpu_time (seconds)": 24.46151667599998,
    "total_cpu_memory (MB)": 71461.283356,
    "execution_time (seconds/batch)": 2.4495005941936223,
    "num_batches": 10,
    "batch_size": 512,
    "device": "cpu",
    "throughput_bps": 34313084.14426791,
    "sample_persec": 209.02219873457548,
    "result_path": "result/6GB/run 2",
    "data_path": "56.pt"
}