{
    "total_cpu_time (seconds)": 24.774004730999987,
    "total_cpu_memory (MB)": 71461.283364,
    "execution_time (seconds/batch)": 2.4807921811601785,
    "num_batches": 10,
    "batch_size": 512,
    "device": "cpu",
    "throughput_bps": 33880274.46970299,
    "sample_persec": 206.3856875591069,
    "result_path": "result/6GB/run 2",
    "data_path": "57.pt"
}