{
    "total_cpu_time (seconds)": 27.113400904000077,
    "total_cpu_memory (MB)": 71461.283356,
    "execution_time (seconds/batch)": 2.7150520756596985,
    "num_batches": 10,
    "batch_size": 512,
    "device": "cpu",
    "throughput_bps": 30957019.48168994,
    "sample_persec": 188.5783350492808,
    "result_path": "result/6GB/run 2",
    "data_path": "59.pt"
}