{
    "total_cpu_time (seconds)": 26.146681101,
    "total_cpu_memory (MB)": 71461.283356,
    "execution_time (seconds/batch)": 2.61824774568981,
    "num_batches": 10,
    "batch_size": 512,
    "device": "cpu",
    "throughput_bps": 32101591.66120317,
    "sample_persec": 195.55063146444425,
    "result_path": "result/6GB/run 2",
    "data_path": "60.pt"
}