{
    "total_cpu_time (seconds)": 20.708097268000028,
    "total_cpu_memory (MB)": 71461.283356,
    "execution_time (seconds/batch)": 2.0736447880336426,
    "num_batches": 10,
    "batch_size": 512,
    "device": "cpu",
    "throughput_bps": 40532457.86598837,
    "sample_persec": 246.90824723433462,
    "result_path": "result/6GB/run 2",
    "data_path": "8.pt"
}