{
    "total_cpu_time (seconds)": 20.039169798000053,
    "total_cpu_memory (MB)": 71461.283356,
    "execution_time (seconds/batch)": 2.0066604608988903,
    "num_batches": 10,
    "batch_size": 512,
    "device": "cpu",
    "throughput_bps": 41885471.72666648,
    "sample_persec": 255.15029073261744,
    "result_path": "result/6GB/run 2",
    "data_path": "10.pt"
}