{
    "total_cpu_time (seconds)": 75.6579090889998,
    "total_cpu_memory (MB)": 71452.728476,
    "execution_time (seconds/batch)": 7.57614892500839,
    "num_batches": 10,
    "batch_size": 512,
    "device": "cpu",
    "throughput_bps": 11094016.344182003,
    "sample_persec": 67.58050891923736,
    "result_path": "result/10GB/run 2",
    "data_path": "12.pt"
}