{
    "total_cpu_time (seconds)": 78.87593135999948,
    "total_cpu_memory (MB)": 71460.164956,
    "execution_time (seconds/batch)": 7.898391718427486,
    "num_batches": 10,
    "batch_size": 512,
    "device": "cpu",
    "throughput_bps": 10641396.754722333,
    "sample_persec": 64.82332331093039,
    "result_path": "result/10GB/run 2",
    "data_path": "13.pt"
}