{
    "total_cpu_time (seconds)": 20.995165661000073,
    "total_cpu_memory (MB)": 71461.283364,
    "execution_time (seconds/batch)": 2.102390928697836,
    "num_batches": 10,
    "batch_size": 512,
    "device": "cpu",
    "throughput_bps": 39978254.687418304,
    "sample_persec": 243.5322532128308,
    "result_path": "result/10GB/run 2",
    "data_path": "15.pt"
}