{
    "total_cpu_time (seconds)": 21.79160586400013,
    "total_cpu_memory (MB)": 71461.283356,
    "execution_time (seconds/batch)": 2.182143986381394,
    "num_batches": 10,
    "batch_size": 512,
    "device": "cpu",
    "throughput_bps": 38517128.34925175,
    "sample_persec": 234.6316298078201,
    "result_path": "result/10GB/run 2",
    "data_path": "16.pt"
}