{
    "total_cpu_time (seconds)": 31.03193846100006,
    "total_cpu_memory (MB)": 71461.28322,
    "execution_time (seconds/batch)": 3.1074423023727813,
    "num_batches": 10,
    "batch_size": 512,
    "device": "cpu",
    "throughput_bps": 27047942.269377343,
    "sample_persec": 164.76573019844872,
    "result_path": "result/10GB/run 2",
    "data_path": "17.pt"
}