{
    "total_cpu_time (seconds)": 22.170037503999957,
    "total_cpu_memory (MB)": 71461.283356,
    "execution_time (seconds/batch)": 2.220038959915505,
    "num_batches": 10,
    "batch_size": 512,
    "device": "cpu",
    "throughput_bps": 37859659.90578785,
    "sample_persec": 230.62658324675832,
    "result_path": "result/10GB/run 2",
    "data_path": "18.pt"
}