{
    "total_cpu_time (seconds)": 21.97316179199985,
    "total_cpu_memory (MB)": 71461.283356,
    "execution_time (seconds/batch)": 2.200324435263822,
    "num_batches": 10,
    "batch_size": 512,
    "device": "cpu",
    "throughput_bps": 38198875.880739056,
    "sample_persec": 232.6929573631765,
    "result_path": "result/10GB/run 2",
    "data_path": "19.pt"
}