{
    "total_cpu_time (seconds)": 35.13970359799995,
    "total_cpu_memory (MB)": 71461.281284,
    "execution_time (seconds/batch)": 3.5187811934629325,
    "num_batches": 10,
    "batch_size": 512,
    "device": "cpu",
    "throughput_bps": 23886088.784419157,
    "sample_persec": 145.50492680567226,
    "result_path": "result/10GB/run 2",
    "data_path": "20.pt"
}