{
    "total_cpu_time (seconds)": 21.117252077999904,
    "total_cpu_memory (MB)": 71461.283356,
    "execution_time (seconds/batch)": 2.1146162847517993,
    "num_batches": 10,
    "batch_size": 512,
    "device": "cpu",
    "throughput_bps": 39747126.04176566,
    "sample_persec": 242.124305809976,
    "result_path": "result/10GB/run 2",
    "data_path": "3.pt"
}