{
    "total_cpu_time (seconds)": 22.69313183799994,
    "total_cpu_memory (MB)": 71461.283356,
    "execution_time (seconds/batch)": 2.272420008029722,
    "num_batches": 10,
    "batch_size": 512,
    "device": "cpu",
    "throughput_bps": 36986965.30703169,
    "sample_persec": 225.31046117831195,
    "result_path": "result/10GB/run 2",
    "data_path": "21.pt"
}