{
    "total_cpu_time (seconds)": 31.21073749399987,
    "total_cpu_memory (MB)": 71460.103596,
    "execution_time (seconds/batch)": 3.1253466843199553,
    "num_batches": 10,
    "batch_size": 512,
    "device": "cpu",
    "throughput_bps": 26892990.91895414,
    "sample_persec": 163.82182577335612,
    "result_path": "result/10GB/run 2",
    "data_path": "22.pt"
}