{
    "total_cpu_time (seconds)": 22.26763098900007,
    "total_cpu_memory (MB)": 71461.283356,
    "execution_time (seconds/batch)": 2.229811669541959,
    "num_batches": 10,
    "batch_size": 512,
    "device": "cpu",
    "throughput_bps": 37693730.4383492,
    "sample_persec": 229.61580432717597,
    "result_path": "result/10GB/run 2",
    "data_path": "24.pt"
}