{
    "total_cpu_time (seconds)": 20.897951083000013,
    "total_cpu_memory (MB)": 71461.283356,
    "execution_time (seconds/batch)": 2.0926561616460018,
    "num_batches": 10,
    "batch_size": 512,
    "device": "cpu",
    "throughput_bps": 40164228.381355114,
    "sample_persec": 244.66513390201703,
    "result_path": "result/10GB/run 2",
    "data_path": "25.pt"
}