{
    "total_cpu_time (seconds)": 20.837726689000192,
    "total_cpu_memory (MB)": 71461.283356,
    "execution_time (seconds/batch)": 2.086625477169587,
    "num_batches": 10,
    "batch_size": 512,
    "device": "cpu",
    "throughput_bps": 40280309.485154904,
    "sample_persec": 245.37225563569024,
    "result_path": "result/10GB/run 2",
    "data_path": "26.pt"
}