{
    "total_cpu_time (seconds)": 22.322205694999887,
    "total_cpu_memory (MB)": 71461.283356,
    "execution_time (seconds/batch)": 2.2352766117426057,
    "num_batches": 10,
    "batch_size": 512,
    "device": "cpu",
    "throughput_bps": 37601574.48007085,
    "sample_persec": 229.0544254390281,
    "result_path": "result/10GB/run 2",
    "data_path": "29.pt"
}