{
    "total_cpu_time (seconds)": 25.954423506999802,
    "total_cpu_memory (MB)": 71461.283356,
    "execution_time (seconds/batch)": 2.5989956650858397,
    "num_batches": 10,
    "batch_size": 512,
    "device": "cpu",
    "throughput_bps": 32339384.451117966,
    "sample_persec": 196.9991742879993,
    "result_path": "result/10GB/run 2",
    "data_path": "30.pt"
}