{
    "total_cpu_time (seconds)": 73.97897317899961,
    "total_cpu_memory (MB)": 71451.706984,
    "execution_time (seconds/batch)": 7.4080254777327985,
    "num_batches": 10,
    "batch_size": 512,
    "device": "cpu",
    "throughput_bps": 11345792.51281452,
    "sample_persec": 69.11423314336331,
    "result_path": "result/10GB/run 2",
    "data_path": "4.pt"
}