{
    "total_cpu_time (seconds)": 21.573889484999913,
    "total_cpu_memory (MB)": 71461.283332,
    "execution_time (seconds/batch)": 2.1603425418188844,
    "num_batches": 10,
    "batch_size": 512,
    "device": "cpu",
    "throughput_bps": 38905830.151006885,
    "sample_persec": 236.99945267426222,
    "result_path": "result/10GB/run 2",
    "data_path": "31.pt"
}