{
    "total_cpu_time (seconds)": 23.089076221000067,
    "total_cpu_memory (MB)": 71461.248548,
    "execution_time (seconds/batch)": 2.312068653462162,
    "num_batches": 10,
    "batch_size": 512,
    "device": "cpu",
    "throughput_bps": 36352692.15476845,
    "sample_persec": 221.44671146910608,
    "result_path": "result/10GB/run 2",
    "data_path": "32.pt"
}