{
    "total_cpu_time (seconds)": 20.916573910000082,
    "total_cpu_memory (MB)": 71461.283356,
    "execution_time (seconds/batch)": 2.094520993921385,
    "num_batches": 10,
    "batch_size": 512,
    "device": "cpu",
    "throughput_bps": 40128468.63026225,
    "sample_persec": 244.44729916095423,
    "result_path": "result/10GB/run 2",
    "data_path": "35.pt"
}