{
    "total_cpu_time (seconds)": 20.335037534999934,
    "total_cpu_memory (MB)": 71461.283356,
    "execution_time (seconds/batch)": 2.036287740645407,
    "num_batches": 10,
    "batch_size": 512,
    "device": "cpu",
    "throughput_bps": 41276052.65322677,
    "sample_persec": 251.43794257569914,
    "result_path": "result/10GB/run 2",
    "data_path": "36.pt"
}