{
    "total_cpu_time (seconds)": 20.51163349200012,
    "total_cpu_memory (MB)": 71461.283356,
    "execution_time (seconds/batch)": 2.053971513378459,
    "num_batches": 10,
    "batch_size": 512,
    "device": "cpu",
    "throughput_bps": 40920684.36808607,
    "sample_persec": 249.27317475685962,
    "result_path": "result/10GB/run 2",
    "data_path": "39.pt"
}