{
    "total_cpu_time (seconds)": 20.744829602999992,
    "total_cpu_memory (MB)": 71461.283364,
    "execution_time (seconds/batch)": 2.077323050407979,
    "num_batches": 10,
    "batch_size": 512,
    "device": "cpu",
    "throughput_bps": 40460688.08772564,
    "sample_persec": 246.47105316597003,
    "result_path": "result/10GB/run 2",
    "data_path": "40.pt"
}