{
    "total_cpu_time (seconds)": 80.38770049500023,
    "total_cpu_memory (MB)": 71461.012668,
    "execution_time (seconds/batch)": 8.049775602080993,
    "num_batches": 10,
    "batch_size": 512,
    "device": "cpu",
    "throughput_bps": 10441274.906877128,
    "sample_persec": 63.60425747366671,
    "result_path": "result/10GB/run 2",
    "data_path": "5.pt"
}