{
    "total_cpu_time (seconds)": 25.91218212400007,
    "total_cpu_memory (MB)": 71461.283372,
    "execution_time (seconds/batch)": 2.5947657436902083,
    "num_batches": 10,
    "batch_size": 512,
    "device": "cpu",
    "throughput_bps": 32392103.29656441,
    "sample_persec": 197.32031735236606,
    "result_path": "result/10GB/run 2",
    "data_path": "41.pt"
}