{
    "total_cpu_time (seconds)": 23.678763252999953,
    "total_cpu_memory (MB)": 71461.283356,
    "execution_time (seconds/batch)": 2.3711180883113587,
    "num_batches": 10,
    "batch_size": 512,
    "device": "cpu",
    "throughput_bps": 35447378.35468073,
    "sample_persec": 215.9318856888446,
    "result_path": "result/10GB/run 2",
    "data_path": "42.pt"
}