{
    "total_cpu_time (seconds)": 25.196920472000077,
    "total_cpu_memory (MB)": 71461.283356,
    "execution_time (seconds/batch)": 2.5231416549313592,
    "num_batches": 10,
    "batch_size": 512,
    "device": "cpu",
    "throughput_bps": 33311613.65265738,
    "sample_persec": 202.92162312778618,
    "result_path": "result/10GB/run 2",
    "data_path": "43.pt"
}