{
    "total_cpu_time (seconds)": 25.60757490899989,
    "total_cpu_memory (MB)": 71461.283372,
    "execution_time (seconds/batch)": 2.564263319657333,
    "num_batches": 10,
    "batch_size": 512,
    "device": "cpu",
    "throughput_bps": 32777413.830975726,
    "sample_persec": 199.6674819138385,
    "result_path": "result/10GB/run 2",
    "data_path": "44.pt"
}