{
    "total_cpu_time (seconds)": 24.217957505000033,
    "total_cpu_memory (MB)": 71461.283356,
    "execution_time (seconds/batch)": 2.425111332399769,
    "num_batches": 10,
    "batch_size": 512,
    "device": "cpu",
    "throughput_bps": 34658169.658886716,
    "sample_persec": 211.1243278440955,
    "result_path": "result/10GB/run 2",
    "data_path": "45.pt"
}