{
    "total_cpu_time (seconds)": 20.181942876999834,
    "total_cpu_memory (MB)": 71461.283364,
    "execution_time (seconds/batch)": 2.020957315279467,
    "num_batches": 10,
    "batch_size": 512,
    "device": "cpu",
    "throughput_bps": 41589161.41599814,
    "sample_persec": 253.3452815302031,
    "result_path": "result/10GB/run 2",
    "data_path": "46.pt"
}