{
    "total_cpu_time (seconds)": 23.609088557000113,
    "total_cpu_memory (MB)": 71461.283356,
    "execution_time (seconds/batch)": 2.364141079832595,
    "num_batches": 10,
    "batch_size": 512,
    "device": "cpu",
    "throughput_bps": 35551989.98781899,
    "sample_persec": 216.5691397893457,
    "result_path": "result/10GB/run 2",
    "data_path": "48.pt"
}