{
    "total_cpu_time (seconds)": 39.94514657099972,
    "total_cpu_memory (MB)": 71461.283356,
    "execution_time (seconds/batch)": 3.999983384383308,
    "num_batches": 10,
    "batch_size": 512,
    "device": "cpu",
    "throughput_bps": 21012567.284190927,
    "sample_persec": 128.00053170194278,
    "result_path": "result/10GB/run 2",
    "data_path": "49.pt"
}