{
    "total_cpu_time (seconds)": 24.959013358999808,
    "total_cpu_memory (MB)": 71461.283364,
    "execution_time (seconds/batch)": 2.499318372737708,
    "num_batches": 10,
    "batch_size": 512,
    "device": "cpu",
    "throughput_bps": 33629137.01463861,
    "sample_persec": 204.85585413400713,
    "result_path": "result/10GB/run 2",
    "data_path": "50.pt"
}