{
    "total_cpu_time (seconds)": 24.201533745999992,
    "total_cpu_memory (MB)": 71461.283356,
    "execution_time (seconds/batch)": 2.423466707989829,
    "num_batches": 10,
    "batch_size": 512,
    "device": "cpu",
    "throughput_bps": 34681689.54947853,
    "sample_persec": 211.26760203142382,
    "result_path": "result/10GB/run 2",
    "data_path": "56.pt"
}