{
    "total_cpu_time (seconds)": 23.356198310000305,
    "total_cpu_memory (MB)": 71461.283364,
    "execution_time (seconds/batch)": 2.3388174329591545,
    "num_batches": 10,
    "batch_size": 512,
    "device": "cpu",
    "throughput_bps": 35936930.69649181,
    "sample_persec": 218.91405151371714,
    "result_path": "result/10GB/run 2",
    "data_path": "57.pt"
}