{
    "total_cpu_time (seconds)": 21.94673968200013,
    "total_cpu_memory (MB)": 71461.283356,
    "execution_time (seconds/batch)": 2.197678606920412,
    "num_batches": 10,
    "batch_size": 512,
    "device": "cpu",
    "throughput_bps": 38244864.25600622,
    "sample_persec": 232.97310097469676,
    "result_path": "result/10GB/run 2",
    "data_path": "58.pt"
}