{
    "total_cpu_time (seconds)": 25.222483977999886,
    "total_cpu_memory (MB)": 71461.283356,
    "execution_time (seconds/batch)": 2.5257015053268024,
    "num_batches": 10,
    "batch_size": 512,
    "device": "cpu",
    "throughput_bps": 33277851.647447433,
    "sample_persec": 202.7159578913708,
    "result_path": "result/10GB/run 2",
    "data_path": "59.pt"
}