{
    "total_cpu_time (seconds)": 26.7764805519999,
    "total_cpu_memory (MB)": 71461.283372,
    "execution_time (seconds/batch)": 2.6813139140668785,
    "num_batches": 10,
    "batch_size": 512,
    "device": "cpu",
    "throughput_bps": 31346542.28997657,
    "sample_persec": 190.95115917383387,
    "result_path": "result/10GB/run 2",
    "data_path": "60.pt"
}