{
    "total_cpu_time (seconds)": 21.37696880600013,
    "total_cpu_memory (MB)": 71461.283356,
    "execution_time (seconds/batch)": 2.140623514310985,
    "num_batches": 10,
    "batch_size": 512,
    "device": "cpu",
    "throughput_bps": 39264223.45549803,
    "sample_persec": 239.1826477552268,
    "result_path": "result/10GB/run 2",
    "data_path": "7.pt"
}