{
    "total_cpu_time (seconds)": 24.054684250000115,
    "total_cpu_memory (MB)": 71461.283364,
    "execution_time (seconds/batch)": 2.4087616538235985,
    "num_batches": 10,
    "batch_size": 512,
    "device": "cpu",
    "throughput_bps": 34893414.990470976,
    "sample_persec": 212.5573525247988,
    "result_path": "result/10GB/run 2",
    "data_path": "61.pt"
}