{
    "total_cpu_time (seconds)": 25.10444787399983,
    "total_cpu_memory (MB)": 71461.283364,
    "execution_time (seconds/batch)": 2.513881735084669,
    "num_batches": 10,
    "batch_size": 512,
    "device": "cpu",
    "throughput_bps": 33434317.46488629,
    "sample_persec": 203.669087870896,
    "result_path": "result/10GB/run 2",
    "data_path": "63.pt"
}