{
    "total_cpu_time (seconds)": 24.130045999999957,
    "total_cpu_memory (MB)": 71461.283356,
    "execution_time (seconds/batch)": 2.4163081462937566,
    "num_batches": 10,
    "batch_size": 512,
    "device": "cpu",
    "throughput_bps": 34784437.626020335,
    "sample_persec": 211.89350405714143,
    "result_path": "result/10GB/run 2",
    "data_path": "64.pt"
}