{
    "total_cpu_time (seconds)": 23.851991931999944,
    "total_cpu_memory (MB)": 71461.283364,
    "execution_time (seconds/batch)": 2.388464672244078,
    "num_batches": 10,
    "batch_size": 512,
    "device": "cpu",
    "throughput_bps": 35189936.4377163,
    "sample_persec": 214.363647890572,
    "result_path": "result/10GB/run 2",
    "data_path": "65.pt"
}