{
    "total_cpu_time (seconds)": 25.627466449000163,
    "total_cpu_memory (MB)": 71461.283364,
    "execution_time (seconds/batch)": 2.5662551969270653,
    "num_batches": 10,
    "batch_size": 512,
    "device": "cpu",
    "throughput_bps": 32751972.641163934,
    "sample_persec": 199.5125039057257,
    "result_path": "result/10GB/run 2",
    "data_path": "66.pt"
}