{
    "total_cpu_time (seconds)": 23.856566355000076,
    "total_cpu_memory (MB)": 71461.283364,
    "execution_time (seconds/batch)": 2.3889227408097082,
    "num_batches": 10,
    "batch_size": 512,
    "device": "cpu",
    "throughput_bps": 35183188.8759667,
    "sample_persec": 214.32254432240921,
    "result_path": "result/10GB/run 2",
    "data_path": "69.pt"
}