{
    "total_cpu_time (seconds)": 22.83525148700002,
    "total_cpu_memory (MB)": 71461.283356,
    "execution_time (seconds/batch)": 2.286651429951889,
    "num_batches": 10,
    "batch_size": 512,
    "device": "cpu",
    "throughput_bps": 36756769.70222278,
    "sample_persec": 223.90819750379376,
    "result_path": "result/10GB/run 2",
    "data_path": "70.pt"
}