{
    "total_cpu_time (seconds)": 24.885009467000142,
    "total_cpu_memory (MB)": 71461.281308,
    "execution_time (seconds/batch)": 2.4919078519663747,
    "num_batches": 10,
    "batch_size": 512,
    "device": "cpu",
    "throughput_bps": 33729144.49211109,
    "sample_persec": 205.46506147728488,
    "result_path": "result/10GB/run 2",
    "data_path": "72.pt"
}