{
    "total_cpu_time (seconds)": 25.93407049000018,
    "total_cpu_memory (MB)": 71461.283356,
    "execution_time (seconds/batch)": 2.596957576937237,
    "num_batches": 10,
    "batch_size": 512,
    "device": "cpu",
    "throughput_bps": 32364764.348259244,
    "sample_persec": 197.15377892458116,
    "result_path": "result/10GB/run 2",
    "data_path": "73.pt"
}