{
    "total_cpu_time (seconds)": 26.162447276000076,
    "total_cpu_memory (MB)": 71461.283356,
    "execution_time (seconds/batch)": 2.619826521672607,
    "num_batches": 10,
    "batch_size": 512,
    "device": "cpu",
    "throughput_bps": 32082246.40245989,
    "sample_persec": 195.43278753935118,
    "result_path": "result/10GB/run 2",
    "data_path": "75.pt"
}