{
    "total_cpu_time (seconds)": 24.990990148999998,
    "total_cpu_memory (MB)": 71461.283364,
    "execution_time (seconds/batch)": 2.502520429549775,
    "num_batches": 10,
    "batch_size": 512,
    "device": "cpu",
    "throughput_bps": 33586107.43294564,
    "sample_persec": 204.5937343624856,
    "result_path": "result/10GB/run 2",
    "data_path": "76.pt"
}