{
    "total_cpu_time (seconds)": 25.65274701199991,
    "total_cpu_memory (MB)": 71461.283356,
    "execution_time (seconds/batch)": 2.568786714285929,
    "num_batches": 10,
    "batch_size": 512,
    "device": "cpu",
    "throughput_bps": 32719695.8519634,
    "sample_persec": 199.31588603778874,
    "result_path": "result/10GB/run 2",
    "data_path": "77.pt"
}