{
    "total_cpu_time (seconds)": 23.794969232999897,
    "total_cpu_memory (MB)": 71461.283356,
    "execution_time (seconds/batch)": 2.3827545955986595,
    "num_batches": 10,
    "batch_size": 512,
    "device": "cpu",
    "throughput_bps": 35274266.244309865,
    "sample_persec": 214.87735285276474,
    "result_path": "result/10GB/run 2",
    "data_path": "78.pt"
}