{
    "total_cpu_time (seconds)": 21.69379459799988,
    "total_cpu_memory (MB)": 71461.283364,
    "execution_time (seconds/batch)": 2.1723494688394167,
    "num_batches": 10,
    "batch_size": 512,
    "device": "cpu",
    "throughput_bps": 38690791.33243874,
    "sample_persec": 235.68951835062583,
    "result_path": "result/10GB/run 2",
    "data_path": "79.pt"
}