{
    "total_cpu_time (seconds)": 28.680172634000108,
    "total_cpu_memory (MB)": 71459.151172,
    "execution_time (seconds/batch)": 2.871943748994339,
    "num_batches": 10,
    "batch_size": 512,
    "device": "cpu",
    "throughput_bps": 29265865.68049306,
    "sample_persec": 178.27647222522575,
    "result_path": "result/10GB/run 2",
    "data_path": "9.pt"
}