{
    "total_cpu_time (seconds)": 29.70194890800004,
    "total_cpu_memory (MB)": 71461.283356,
    "execution_time (seconds/batch)": 2.9742612636213615,
    "num_batches": 10,
    "batch_size": 512,
    "device": "cpu",
    "throughput_bps": 28259091.098696426,
    "sample_persec": 172.1435861275367,
    "result_path": "result/10GB/run 2",
    "data_path": "83.pt"
}