{
    "total_cpu_time (seconds)": 24.38373191800019,
    "total_cpu_memory (MB)": 71461.283356,
    "execution_time (seconds/batch)": 2.441711469199315,
    "num_batches": 10,
    "batch_size": 512,
    "device": "cpu",
    "throughput_bps": 34422543.80185289,
    "sample_persec": 209.68898514773934,
    "result_path": "result/10GB/run 2",
    "data_path": "84.pt"
}