{
    "total_cpu_time (seconds)": 23.285399103,
    "total_cpu_memory (MB)": 71461.283324,
    "execution_time (seconds/batch)": 2.3317278194281243,
    "num_batches": 10,
    "batch_size": 512,
    "device": "cpu",
    "throughput_bps": 36046196.858694226,
    "sample_persec": 219.57965922693853,
    "result_path": "result/10GB/run 2",
    "data_path": "85.pt"
}