{
    "total_cpu_time (seconds)": 23.710463692999884,
    "total_cpu_memory (MB)": 71461.283356,
    "execution_time (seconds/batch)": 2.3742924722894467,
    "num_batches": 10,
    "batch_size": 512,
    "device": "cpu",
    "throughput_bps": 35399985.88251161,
    "sample_persec": 215.64318885545572,
    "result_path": "result/10GB/run 2",
    "data_path": "88.pt"
}