{
    "total_cpu_time (seconds)": 23.60359273900008,
    "total_cpu_memory (MB)": 71460.234764,
    "execution_time (seconds/batch)": 2.363590745622539,
    "num_batches": 10,
    "batch_size": 512,
    "device": "cpu",
    "throughput_bps": 35560267.84910361,
    "sample_persec": 216.61956535759995,
    "result_path": "result/10GB/run 2",
    "data_path": "89.pt"
}