{
    "total_cpu_time (seconds)": 24.17492748200015,
    "total_cpu_memory (MB)": 71461.283356,
    "execution_time (seconds/batch)": 2.4208024390346328,
    "num_batches": 10,
    "batch_size": 512,
    "device": "cpu",
    "throughput_bps": 34719859.26844878,
    "sample_persec": 211.50011737602813,
    "result_path": "result/10GB/run 2",
    "data_path": "90.pt"
}