{
    "total_cpu_time (seconds)": 87.0399590319998,
    "total_cpu_memory (MB)": 71461.15206,
    "execution_time (seconds/batch)": 8.71591218939642,
    "num_batches": 10,
    "batch_size": 512,
    "device": "cpu",
    "throughput_bps": 9643272.92125008,
    "sample_persec": 58.74313426687427,
    "result_path": "result/10GB/run 2",
    "data_path": "10.pt"
}