{
    "total_cpu_time (seconds)": 27.001469045999865,
    "total_cpu_memory (MB)": 71461.28334,
    "execution_time (seconds/batch)": 2.703843565725001,
    "num_batches": 10,
    "batch_size": 512,
    "device": "cpu",
    "throughput_bps": 31085348.673810232,
    "sample_persec": 189.36006745742102,
    "result_path": "result/10GB/run 2",
    "data_path": "91.pt"
}