{
    "total_cpu_time (seconds)": 24.72486515499991,
    "total_cpu_memory (MB)": 71461.283356,
    "execution_time (seconds/batch)": 2.475871496061012,
    "num_batches": 10,
    "batch_size": 512,
    "device": "cpu",
    "throughput_bps": 33947610.016803876,
    "sample_persec": 206.7958699854037,
    "result_path": "result/10GB/run 2",
    "data_path": "93.pt"
}