{
    "total_cpu_time (seconds)": 24.353839067000226,
    "total_cpu_memory (MB)": 71461.283372,
    "execution_time (seconds/batch)": 2.4387180915908697,
    "num_batches": 10,
    "batch_size": 512,
    "device": "cpu",
    "throughput_bps": 34464795.373363964,
    "sample_persec": 209.9463655784842,
    "result_path": "result/10GB/run 2",
    "data_path": "94.pt"
}