{
    "total_cpu_time (seconds)": 25.56793103699996,
    "total_cpu_memory (MB)": 71461.283356,
    "execution_time (seconds/batch)": 2.5602935049763307,
    "num_batches": 10,
    "batch_size": 512,
    "device": "cpu",
    "throughput_bps": 32828236.230196204,
    "sample_persec": 199.97707255236477,
    "result_path": "result/10GB/run 2",
    "data_path": "95.pt"
}