{
    "total_cpu_time (seconds)": 23.883857095999886,
    "total_cpu_memory (MB)": 71461.283356,
    "execution_time (seconds/batch)": 2.391655551173859,
    "num_batches": 10,
    "batch_size": 512,
    "device": "cpu",
    "throughput_bps": 35142987.02367366,
    "sample_persec": 214.07764999801205,
    "result_path": "result/10GB/run 2",
    "data_path": "96.pt"
}