{
    "total_cpu_time (seconds)": 26.00635614099988,
    "total_cpu_memory (MB)": 71461.283364,
    "execution_time (seconds/batch)": 2.6041960383711986,
    "num_batches": 10,
    "batch_size": 512,
    "device": "cpu",
    "throughput_bps": 32274805.261039123,
    "sample_persec": 196.6057825355697,
    "result_path": "result/10GB/run 2",
    "data_path": "97.pt"
}