{
    "total_cpu_time (seconds)": 23.616453179999954,
    "total_cpu_memory (MB)": 71461.283364,
    "execution_time (seconds/batch)": 2.364878550393111,
    "num_batches": 10,
    "batch_size": 512,
    "device": "cpu",
    "throughput_bps": 35540903.35253304,
    "sample_persec": 216.50160424301316,
    "result_path": "result/10GB/run 2",
    "data_path": "98.pt"
}