{
    "total_cpu_time (seconds)": 24.560793012999994,
    "total_cpu_memory (MB)": 71461.283356,
    "execution_time (seconds/batch)": 2.4594418194124774,
    "num_batches": 10,
    "batch_size": 512,
    "device": "cpu",
    "throughput_bps": 34174388.40658496,
    "sample_persec": 208.17731729157506,
    "result_path": "result/10GB/run 2",
    "data_path": "99.pt"
}