{
    "total_cpu_time (seconds)": 26.079634367999777,
    "total_cpu_memory (MB)": 71461.283356,
    "execution_time (seconds/batch)": 2.6115338932947165,
    "num_batches": 10,
    "batch_size": 512,
    "device": "cpu",
    "throughput_bps": 32184119.921171095,
    "sample_persec": 196.05336209290385,
    "result_path": "result/10GB/run 2",
    "data_path": "100.pt"
}