{
    "total_cpu_time (seconds)": 34.483767167000046,
    "total_cpu_memory (MB)": 71518.209292,
    "execution_time (seconds/batch)": 0.2158186092986508,
    "num_batches": 160,
    "batch_size": 32,
    "device": "cpu",
    "throughput_bps": 24340440.41462017,
    "sample_persec": 148.27266334442112,
    "result_path": "result/Batches/32/run 2",
    "data_path": "10.pt"
}