{
    "total_cpu_time (seconds)": 32.302317248000556,
    "total_cpu_memory (MB)": 71518.2049,
    "execution_time (seconds/batch)": 0.20216588146607037,
    "num_batches": 160,
    "batch_size": 32,
    "device": "cpu",
    "throughput_bps": 25984206.444259163,
    "sample_persec": 158.285857969415,
    "result_path": "result/Batches/32/run 2",
    "data_path": "12.pt"
}