{
    "total_cpu_time (seconds)": 35.498488809999806,
    "total_cpu_memory (MB)": 71518.207324,
    "execution_time (seconds/batch)": 0.2221693021552892,
    "num_batches": 160,
    "batch_size": 32,
    "device": "cpu",
    "throughput_bps": 23644670.74901391,
    "sample_persec": 144.03430037167342,
    "result_path": "result/Batches/32/run 2",
    "data_path": "120.pt"
}