{
    "total_cpu_time (seconds)": 37.63206677500114,
    "total_cpu_memory (MB)": 71518.214028,
    "execution_time (seconds/batch)": 0.235522420653244,
    "num_batches": 160,
    "batch_size": 32,
    "device": "cpu",
    "throughput_bps": 22304118.586374786,
    "sample_persec": 135.86816877664953,
    "result_path": "result/Batches/32/run 2",
    "data_path": "122.pt"
}