{
    "total_cpu_time (seconds)": 36.03226852999799,
    "total_cpu_memory (MB)": 71518.207212,
    "execution_time (seconds/batch)": 0.22550999275570816,
    "num_batches": 160,
    "batch_size": 32,
    "device": "cpu",
    "throughput_bps": 23294400.109757584,
    "sample_persec": 141.9005854639229,
    "result_path": "result/Batches/32/run 2",
    "data_path": "126.pt"
}