{
    "total_cpu_time (seconds)": 32.81999246700064,
    "total_cpu_memory (MB)": 71518.211476,
    "execution_time (seconds/batch)": 0.2054057811351497,
    "num_batches": 160,
    "batch_size": 32,
    "device": "cpu",
    "throughput_bps": 25574353.219122075,
    "sample_persec": 155.7891887129756,
    "result_path": "result/Batches/32/run 2",
    "data_path": "129.pt"
}