{
    "total_cpu_time (seconds)": 35.55015985200125,
    "total_cpu_memory (MB)": 71518.209532,
    "execution_time (seconds/batch)": 0.22249268829728927,
    "num_batches": 160,
    "batch_size": 32,
    "device": "cpu",
    "throughput_bps": 23610303.961903278,
    "sample_persec": 143.82495103498587,
    "result_path": "result/Batches/32/run 2",
    "data_path": "13.pt"
}