{
    "total_cpu_time (seconds)": 28.610927223001315,
    "total_cpu_memory (MB)": 71518.209508,
    "execution_time (seconds/batch)": 0.1790631079867088,
    "num_batches": 160,
    "batch_size": 32,
    "device": "cpu",
    "throughput_bps": 29336696.2020447,
    "sample_persec": 178.7079447005647,
    "result_path": "result/Batches/32/run 2",
    "data_path": "15.pt"
}