{
    "total_cpu_time (seconds)": 27.68145326600007,
    "total_cpu_memory (MB)": 71518.2095,
    "execution_time (seconds/batch)": 0.1732459425996484,
    "num_batches": 160,
    "batch_size": 32,
    "device": "cpu",
    "throughput_bps": 30321749.076336876,
    "sample_persec": 184.70851045526848,
    "result_path": "result/Batches/32/run 2",
    "data_path": "2.pt"
}