{
    "total_cpu_time (seconds)": 29.51357776499926,
    "total_cpu_memory (MB)": 71518.207284,
    "execution_time (seconds/batch)": 0.1847123975122191,
    "num_batches": 160,
    "batch_size": 32,
    "device": "cpu",
    "throughput_bps": 28439455.44939665,
    "sample_persec": 173.24229684086654,
    "result_path": "result/Batches/32/run 2",
    "data_path": "25.pt"
}