{
    "total_cpu_time (seconds)": 32.434720157999365,
    "total_cpu_memory (MB)": 71518.230428,
    "execution_time (seconds/batch)": 0.2029945325750009,
    "num_batches": 160,
    "batch_size": 32,
    "device": "cpu",
    "throughput_bps": 25878135.402780447,
    "sample_persec": 157.63971371089454,
    "result_path": "result/Batches/32/run 2",
    "data_path": "29.pt"
}