{
    "total_cpu_time (seconds)": 29.533255860000757,
    "total_cpu_memory (MB)": 71518.204796,
    "execution_time (seconds/batch)": 0.1848355539839672,
    "num_batches": 160,
    "batch_size": 32,
    "device": "cpu",
    "throughput_bps": 28420506.15681689,
    "sample_persec": 173.1268649903563,
    "result_path": "result/Batches/32/run 2",
    "data_path": "3.pt"
}