{
    "total_cpu_time (seconds)": 35.61017396799853,
    "total_cpu_memory (MB)": 71518.20714,
    "execution_time (seconds/batch)": 0.22286829004028025,
    "num_batches": 160,
    "batch_size": 32,
    "device": "cpu",
    "throughput_bps": 23570513.324486736,
    "sample_persec": 143.58256167450497,
    "result_path": "result/Batches/32/run 2",
    "data_path": "31.pt"
}