{
    "total_cpu_time (seconds)": 28.15778383500096,
    "total_cpu_memory (MB)": 71518.207236,
    "execution_time (seconds/batch)": 0.17622708443575802,
    "num_batches": 160,
    "batch_size": 32,
    "device": "cpu",
    "throughput_bps": 29808811.834000338,
    "sample_persec": 181.5838927509767,
    "result_path": "result/Batches/32/run 2",
    "data_path": "35.pt"
}