{
    "total_cpu_time (seconds)": 29.30018305400018,
    "total_cpu_memory (MB)": 71518.2117,
    "execution_time (seconds/batch)": 0.18337685463094186,
    "num_batches": 160,
    "batch_size": 32,
    "device": "cpu",
    "throughput_bps": 28646581.43783878,
    "sample_persec": 174.50402922660078,
    "result_path": "result/Batches/32/run 2",
    "data_path": "38.pt"
}