{
    "total_cpu_time (seconds)": 27.87414979400185,
    "total_cpu_memory (MB)": 71518.209372,
    "execution_time (seconds/batch)": 0.17445194473069806,
    "num_batches": 160,
    "batch_size": 32,
    "device": "cpu",
    "throughput_bps": 30112132.07229794,
    "sample_persec": 183.43160375425157,
    "result_path": "result/Batches/32/run 2",
    "data_path": "39.pt"
}