{
    "total_cpu_time (seconds)": 29.24272907799913,
    "total_cpu_memory (MB)": 71518.206996,
    "execution_time (seconds/batch)": 0.18301727566907336,
    "num_batches": 160,
    "batch_size": 32,
    "device": "cpu",
    "throughput_bps": 28702864.14654397,
    "sample_persec": 174.8468819843078,
    "result_path": "result/Batches/32/run 2",
    "data_path": "4.pt"
}