{
    "total_cpu_time (seconds)": 28.10754717599895,
    "total_cpu_memory (MB)": 71518.211676,
    "execution_time (seconds/batch)": 0.17591267546097522,
    "num_batches": 160,
    "batch_size": 32,
    "device": "cpu",
    "throughput_bps": 29862089.1657427,
    "sample_persec": 181.9084379004794,
    "result_path": "result/Batches/32/run 2",
    "data_path": "48.pt"
}