{
    "total_cpu_time (seconds)": 27.90471060599885,
    "total_cpu_memory (MB)": 71518.20722,
    "execution_time (seconds/batch)": 0.17464321130294608,
    "num_batches": 160,
    "batch_size": 32,
    "device": "cpu",
    "throughput_bps": 30079153.726093818,
    "sample_persec": 183.23071226909002,
    "result_path": "result/Batches/32/run 2",
    "data_path": "49.pt"
}