{
    "total_cpu_time (seconds)": 85.60201773099983,
    "total_cpu_memory (MB)": 71461.281228,
    "execution_time (seconds/batch)": 8.571921196610974,
    "num_batches": 10,
    "batch_size": 512,
    "device": "cpu",
    "throughput_bps": 9805260.462873863,
    "sample_persec": 59.72990048046943,
    "result_path": "result/10GB/run 3",
    "data_path": "2.pt"
}