{
    "total_cpu_time (seconds)": 21.686975885000063,
    "total_cpu_memory (MB)": 71461.283364,
    "execution_time (seconds/batch)": 2.1716666640172173,
    "num_batches": 10,
    "batch_size": 512,
    "device": "cpu",
    "throughput_bps": 38702956.302014515,
    "sample_persec": 235.76362269745684,
    "result_path": "result/10GB/run 3",
    "data_path": "12.pt"
}