{
    "total_cpu_time (seconds)": 24.104626181000103,
    "total_cpu_memory (MB)": 71461.283364,
    "execution_time (seconds/batch)": 2.4137626842699107,
    "num_batches": 10,
    "batch_size": 512,
    "device": "cpu",
    "throughput_bps": 34821119.96665593,
    "sample_persec": 212.11695886120816,
    "result_path": "result/10GB/run 3",
    "data_path": "13.pt"
}