{
    "total_cpu_time (seconds)": 24.37983228899994,
    "total_cpu_memory (MB)": 71461.283364,
    "execution_time (seconds/batch)": 2.44132097241697,
    "num_batches": 10,
    "batch_size": 512,
    "device": "cpu",
    "throughput_bps": 34428049.793382324,
    "sample_persec": 209.72252554448295,
    "result_path": "result/10GB/run 3",
    "data_path": "15.pt"
}