{
    "total_cpu_time (seconds)": 22.72596243400016,
    "total_cpu_memory (MB)": 71461.283356,
    "execution_time (seconds/batch)": 2.275707562332893,
    "num_batches": 10,
    "batch_size": 512,
    "device": "cpu",
    "throughput_bps": 36933532.84542326,
    "sample_persec": 224.98497103693506,
    "result_path": "result/10GB/run 3",
    "data_path": "16.pt"
}