{
    "total_cpu_time (seconds)": 35.22192932900005,
    "total_cpu_memory (MB)": 71461.283356,
    "execution_time (seconds/batch)": 3.5270150237527917,
    "num_batches": 10,
    "batch_size": 512,
    "device": "cpu",
    "throughput_bps": 23830326.617256578,
    "sample_persec": 145.16524498816142,
    "result_path": "result/10GB/run 3",
    "data_path": "18.pt"
}