{
    "total_cpu_time (seconds)": 23.07796244599983,
    "total_cpu_memory (MB)": 71461.283356,
    "execution_time (seconds/batch)": 2.3109557544204797,
    "num_batches": 10,
    "batch_size": 512,
    "device": "cpu",
    "throughput_bps": 36370198.710739605,
    "sample_persec": 221.55335471941765,
    "result_path": "result/10GB/run 3",
    "data_path": "19.pt"
}