{
    "total_cpu_time (seconds)": 22.355666277000005,
    "total_cpu_memory (MB)": 71461.283356,
    "execution_time (seconds/batch)": 2.238627250894583,
    "num_batches": 10,
    "batch_size": 512,
    "device": "cpu",
    "throughput_bps": 37545294.7633031,
    "sample_persec": 228.7115909070608,
    "result_path": "result/10GB/run 3",
    "data_path": "20.pt"
}