{
    "total_cpu_time (seconds)": 23.057733257999796,
    "total_cpu_memory (MB)": 71461.283356,
    "execution_time (seconds/batch)": 2.3089300661247596,
    "num_batches": 10,
    "batch_size": 512,
    "device": "cpu",
    "throughput_bps": 36402107.29338672,
    "sample_persec": 221.74772961371053,
    "result_path": "result/10GB/run 3",
    "data_path": "21.pt"
}