{
    "total_cpu_time (seconds)": 22.04335134000012,
    "total_cpu_memory (MB)": 71461.283364,
    "execution_time (seconds/batch)": 2.207352999428919,
    "num_batches": 10,
    "batch_size": 512,
    "device": "cpu",
    "throughput_bps": 38077244.5647548,
    "sample_persec": 231.95202585742445,
    "result_path": "result/10GB/run 3",
    "data_path": "22.pt"
}