{
    "total_cpu_time (seconds)": 22.418806207000237,
    "total_cpu_memory (MB)": 71461.283356,
    "execution_time (seconds/batch)": 2.244949888125195,
    "num_batches": 10,
    "batch_size": 512,
    "device": "cpu",
    "throughput_bps": 37439552.857989125,
    "sample_persec": 228.0674516203041,
    "result_path": "result/10GB/run 3",
    "data_path": "23.pt"
}