{
    "total_cpu_time (seconds)": 22.382946307999894,
    "total_cpu_memory (MB)": 71461.283356,
    "execution_time (seconds/batch)": 2.241358988792479,
    "num_batches": 10,
    "batch_size": 512,
    "device": "cpu",
    "throughput_bps": 37499535.06791051,
    "sample_persec": 228.43284032596554,
    "result_path": "result/10GB/run 3",
    "data_path": "25.pt"
}