{
    "total_cpu_time (seconds)": 21.443783080999985,
    "total_cpu_memory (MB)": 71461.283372,
    "execution_time (seconds/batch)": 2.1473140890811644,
    "num_batches": 10,
    "batch_size": 512,
    "device": "cpu",
    "throughput_bps": 39141884.472040586,
    "sample_persec": 238.43740540960397,
    "result_path": "result/10GB/run 3",
    "data_path": "26.pt"
}