{
    "total_cpu_time (seconds)": 20.826893344999778,
    "total_cpu_memory (MB)": 71461.283356,
    "execution_time (seconds/batch)": 2.085540659620553,
    "num_batches": 10,
    "batch_size": 512,
    "device": "cpu",
    "throughput_bps": 40301261.74346186,
    "sample_persec": 245.49988878814486,
    "result_path": "result/10GB/run 3",
    "data_path": "27.pt"
}