{
    "total_cpu_time (seconds)": 22.622690619999823,
    "total_cpu_memory (MB)": 71461.283324,
    "execution_time (seconds/batch)": 2.2653662424095264,
    "num_batches": 10,
    "batch_size": 512,
    "device": "cpu",
    "throughput_bps": 37102133.16792495,
    "sample_persec": 226.01201978511784,
    "result_path": "result/10GB/run 3",
    "data_path": "28.pt"
}