{
    "total_cpu_time (seconds)": 22.703714862000027,
    "total_cpu_memory (MB)": 71461.283356,
    "execution_time (seconds/batch)": 2.273479759308432,
    "num_batches": 10,
    "batch_size": 512,
    "device": "cpu",
    "throughput_bps": 36969724.34255015,
    "sample_persec": 225.20543580988152,
    "result_path": "result/10GB/run 3",
    "data_path": "29.pt"
}