{
    "total_cpu_time (seconds)": 23.1828214830002,
    "total_cpu_memory (MB)": 71461.283356,
    "execution_time (seconds/batch)": 2.321456013944084,
    "num_batches": 10,
    "batch_size": 512,
    "device": "cpu",
    "throughput_bps": 36205691.38297034,
    "sample_persec": 220.55123893134953,
    "result_path": "result/10GB/run 3",
    "data_path": "30.pt"
}