{
    "total_cpu_time (seconds)": 79.51921315099983,
    "total_cpu_memory (MB)": 71461.109004,
    "execution_time (seconds/batch)": 7.962807966616842,
    "num_batches": 10,
    "batch_size": 512,
    "device": "cpu",
    "throughput_bps": 10555311.688084107,
    "sample_persec": 64.29892597517122,
    "result_path": "result/10GB/run 3",
    "data_path": "4.pt"
}