{
    "total_cpu_time (seconds)": 21.14767395799971,
    "total_cpu_memory (MB)": 71461.283356,
    "execution_time (seconds/batch)": 2.1176626376874346,
    "num_batches": 10,
    "batch_size": 512,
    "device": "cpu",
    "throughput_bps": 39689948.01352571,
    "sample_persec": 241.77599910773458,
    "result_path": "result/10GB/run 3",
    "data_path": "32.pt"
}