{
    "total_cpu_time (seconds)": 22.99597022000002,
    "total_cpu_memory (MB)": 71461.283356,
    "execution_time (seconds/batch)": 2.302745306598868,
    "num_batches": 10,
    "batch_size": 512,
    "device": "cpu",
    "throughput_bps": 36499876.80319753,
    "sample_persec": 222.34330411304538,
    "result_path": "result/10GB/run 3",
    "data_path": "33.pt"
}