{
    "total_cpu_time (seconds)": 20.76176213699996,
    "total_cpu_memory (MB)": 71461.283356,
    "execution_time (seconds/batch)": 2.0790186219722235,
    "num_batches": 10,
    "batch_size": 512,
    "device": "cpu",
    "throughput_bps": 40427689.83005431,
    "sample_persec": 246.27004038775777,
    "result_path": "result/10GB/run 3",
    "data_path": "34.pt"
}