{
    "total_cpu_time (seconds)": 21.78393678299996,
    "total_cpu_memory (MB)": 71461.283348,
    "execution_time (seconds/batch)": 2.1813760283387404,
    "num_batches": 10,
    "batch_size": 512,
    "device": "cpu",
    "throughput_bps": 38530688.38572022,
    "sample_persec": 234.7142323691534,
    "result_path": "result/10GB/run 3",
    "data_path": "35.pt"
}