{
    "total_cpu_time (seconds)": 23.792848708999937,
    "total_cpu_memory (MB)": 71461.283356,
    "execution_time (seconds/batch)": 2.382542252886362,
    "num_batches": 10,
    "batch_size": 512,
    "device": "cpu",
    "throughput_bps": 35277410.04306498,
    "sample_persec": 214.89650367364143,
    "result_path": "result/10GB/run 3",
    "data_path": "36.pt"
}