{
    "total_cpu_time (seconds)": 21.532793408999964,
    "total_cpu_memory (MB)": 71461.283356,
    "execution_time (seconds/batch)": 2.156227307922547,
    "num_batches": 10,
    "batch_size": 512,
    "device": "cpu",
    "throughput_bps": 38980083.26449557,
    "sample_persec": 237.45177427202466,
    "result_path": "result/10GB/run 3",
    "data_path": "38.pt"
}