{
    "total_cpu_time (seconds)": 24.96854562700005,
    "total_cpu_memory (MB)": 71461.283364,
    "execution_time (seconds/batch)": 2.5002729045617107,
    "num_batches": 10,
    "batch_size": 512,
    "device": "cpu",
    "throughput_bps": 33616298.38352933,
    "sample_persec": 204.77764609849734,
    "result_path": "result/10GB/run 3",
    "data_path": "39.pt"
}