{
    "total_cpu_time (seconds)": 21.76441860599994,
    "total_cpu_memory (MB)": 71461.283364,
    "execution_time (seconds/batch)": 2.179421538484641,
    "num_batches": 10,
    "batch_size": 512,
    "device": "cpu",
    "throughput_bps": 38565242.43512808,
    "sample_persec": 234.92472243620907,
    "result_path": "result/10GB/run 3",
    "data_path": "40.pt"
}