{
    "total_cpu_time (seconds)": 26.895594881999802,
    "total_cpu_memory (MB)": 71461.283356,
    "execution_time (seconds/batch)": 2.6932416545245252,
    "num_batches": 10,
    "batch_size": 512,
    "device": "cpu",
    "throughput_bps": 31207715.749828797,
    "sample_persec": 190.10548093219296,
    "result_path": "result/10GB/run 3",
    "data_path": "41.pt"
}