{
    "total_cpu_time (seconds)": 21.614683796999746,
    "total_cpu_memory (MB)": 71461.283356,
    "execution_time (seconds/batch)": 2.1644275580019303,
    "num_batches": 10,
    "batch_size": 512,
    "device": "cpu",
    "throughput_bps": 38832401.52310288,
    "sample_persec": 236.55215352767348,
    "result_path": "result/10GB/run 3",
    "data_path": "42.pt"
}