{
    "total_cpu_time (seconds)": 20.84906451500019,
    "total_cpu_memory (MB)": 71461.283364,
    "execution_time (seconds/batch)": 2.087760811985155,
    "num_batches": 10,
    "batch_size": 512,
    "device": "cpu",
    "throughput_bps": 40258404.85054456,
    "sample_persec": 245.23882097066615,
    "result_path": "result/10GB/run 3",
    "data_path": "43.pt"
}