{
    "total_cpu_time (seconds)": 22.450531285999972,
    "total_cpu_memory (MB)": 71461.283356,
    "execution_time (seconds/batch)": 2.2481267393764885,
    "num_batches": 10,
    "batch_size": 512,
    "device": "cpu",
    "throughput_bps": 37386646.63688445,
    "sample_persec": 227.74516713501737,
    "result_path": "result/10GB/run 3",
    "data_path": "44.pt"
}