{
    "total_cpu_time (seconds)": 20.14406509999989,
    "total_cpu_memory (MB)": 71461.283356,
    "execution_time (seconds/batch)": 2.017164351887335,
    "num_batches": 10,
    "batch_size": 512,
    "device": "cpu",
    "throughput_bps": 41667363.35656524,
    "sample_persec": 253.82165787381356,
    "result_path": "result/10GB/run 3",
    "data_path": "45.pt"
}