{
    "total_cpu_time (seconds)": 21.721357367000028,
    "total_cpu_memory (MB)": 71461.283364,
    "execution_time (seconds/batch)": 2.1751095192458467,
    "num_batches": 10,
    "batch_size": 512,
    "device": "cpu",
    "throughput_bps": 38641695.6278789,
    "sample_persec": 235.39044607626033,
    "result_path": "result/10GB/run 3",
    "data_path": "47.pt"
}