{
    "total_cpu_time (seconds)": 21.014262529000074,
    "total_cpu_memory (MB)": 71461.283356,
    "execution_time (seconds/batch)": 2.1043032299722353,
    "num_batches": 10,
    "batch_size": 512,
    "device": "cpu",
    "throughput_bps": 39941924.149928235,
    "sample_persec": 243.31094145911447,
    "result_path": "result/10GB/run 3",
    "data_path": "48.pt"
}