{
    "total_cpu_time (seconds)": 33.48419089299999,
    "total_cpu_memory (MB)": 71461.283324,
    "execution_time (seconds/batch)": 3.3530032734629365,
    "num_batches": 10,
    "batch_size": 512,
    "device": "cpu",
    "throughput_bps": 25067055.75422668,
    "sample_persec": 152.6989263780865,
    "result_path": "result/10GB/run 3",
    "data_path": "49.pt"
}