{
    "total_cpu_time (seconds)": 21.48705969499993,
    "total_cpu_memory (MB)": 71461.281308,
    "execution_time (seconds/batch)": 2.1516476753060756,
    "num_batches": 10,
    "batch_size": 512,
    "device": "cpu",
    "throughput_bps": 39063049.664041184,
    "sample_persec": 237.9571738793932,
    "result_path": "result/10GB/run 3",
    "data_path": "6.pt"
}