{
    "total_cpu_time (seconds)": 21.25324244199997,
    "total_cpu_memory (MB)": 71461.283356,
    "execution_time (seconds/batch)": 2.1282339390385263,
    "num_batches": 10,
    "batch_size": 512,
    "device": "cpu",
    "throughput_bps": 39492801.265057966,
    "sample_persec": 240.57505643919325,
    "result_path": "result/10GB/run 3",
    "data_path": "53.pt"
}