{
    "total_cpu_time (seconds)": 20.864781920000183,
    "total_cpu_memory (MB)": 71461.283364,
    "execution_time (seconds/batch)": 2.089334704291041,
    "num_batches": 10,
    "batch_size": 512,
    "device": "cpu",
    "throughput_bps": 40228078.262127966,
    "sample_persec": 245.05408298079902,
    "result_path": "result/10GB/run 3",
    "data_path": "54.pt"
}