{
    "total_cpu_time (seconds)": 21.90207556600003,
    "total_cpu_memory (MB)": 71461.283356,
    "execution_time (seconds/batch)": 2.1932060805382387,
    "num_batches": 10,
    "batch_size": 512,
    "device": "cpu",
    "throughput_bps": 38322855.63396448,
    "sample_persec": 233.44819465134307,
    "result_path": "result/10GB/run 3",
    "data_path": "55.pt"
}