{
    "total_cpu_time (seconds)": 20.440766423999982,
    "total_cpu_memory (MB)": 71461.283356,
    "execution_time (seconds/batch)": 2.046875104456873,
    "num_batches": 10,
    "batch_size": 512,
    "device": "cpu",
    "throughput_bps": 41062554.24035859,
    "sample_persec": 250.1373918150499,
    "result_path": "result/10GB/run 3",
    "data_path": "56.pt"
}