{
    "total_cpu_time (seconds)": 22.203501556999928,
    "total_cpu_memory (MB)": 71461.283364,
    "execution_time (seconds/batch)": 2.2233899466426683,
    "num_batches": 10,
    "batch_size": 512,
    "device": "cpu",
    "throughput_bps": 37802599.64155899,
    "sample_persec": 230.27899391787884,
    "result_path": "result/10GB/run 3",
    "data_path": "58.pt"
}