{
    "total_cpu_time (seconds)": 34.69195522499996,
    "total_cpu_memory (MB)": 71461.283356,
    "execution_time (seconds/batch)": 3.473945056757281,
    "num_batches": 10,
    "batch_size": 512,
    "device": "cpu",
    "throughput_bps": 24194372.284763634,
    "sample_persec": 147.38287210504166,
    "result_path": "result/10GB/run 3",
    "data_path": "59.pt"
}