{
    "total_cpu_time (seconds)": 75.81575958299986,
    "total_cpu_memory (MB)": 71459.081564,
    "execution_time (seconds/batch)": 7.591955585076458,
    "num_batches": 10,
    "batch_size": 512,
    "device": "cpu",
    "throughput_bps": 11070918.297416981,
    "sample_persec": 67.43980444332956,
    "result_path": "result/10GB/run 3",
    "data_path": "7.pt"
}