{
    "total_cpu_time (seconds)": 21.879505998999925,
    "total_cpu_memory (MB)": 71461.283356,
    "execution_time (seconds/batch)": 2.190946033930757,
    "num_batches": 10,
    "batch_size": 512,
    "device": "cpu",
    "throughput_bps": 38362387.15985476,
    "sample_persec": 233.68900560340379,
    "result_path": "result/10GB/run 3",
    "data_path": "62.pt"
}