{
    "total_cpu_time (seconds)": 21.78222255999992,
    "total_cpu_memory (MB)": 71461.283356,
    "execution_time (seconds/batch)": 2.181204371351449,
    "num_batches": 10,
    "batch_size": 512,
    "device": "cpu",
    "throughput_bps": 38533720.68382737,
    "sample_persec": 234.73270397068327,
    "result_path": "result/10GB/run 3",
    "data_path": "64.pt"
}