{
    "total_cpu_time (seconds)": 20.77969546500009,
    "total_cpu_memory (MB)": 71461.283372,
    "execution_time (seconds/batch)": 2.0808144099511137,
    "num_batches": 10,
    "batch_size": 512,
    "device": "cpu",
    "throughput_bps": 40392799.85665548,
    "sample_persec": 246.05750400009427,
    "result_path": "result/10GB/run 3",
    "data_path": "65.pt"
}