{
    "total_cpu_time (seconds)": 22.42276250699994,
    "total_cpu_memory (MB)": 71461.283364,
    "execution_time (seconds/batch)": 2.2453460597660806,
    "num_batches": 10,
    "batch_size": 512,
    "device": "cpu",
    "throughput_bps": 37432946.976893306,
    "sample_persec": 228.0272111165528,
    "result_path": "result/10GB/run 3",
    "data_path": "67.pt"
}