{
    "total_cpu_time (seconds)": 25.21013343300006,
    "total_cpu_memory (MB)": 71461.283356,
    "execution_time (seconds/batch)": 2.5244647599640193,
    "num_batches": 10,
    "batch_size": 512,
    "device": "cpu",
    "throughput_bps": 33294154.599804334,
    "sample_persec": 202.81526924832076,
    "result_path": "result/10GB/run 3",
    "data_path": "68.pt"
}