{
    "total_cpu_time (seconds)": 20.43755147999994,
    "total_cpu_memory (MB)": 71461.283356,
    "execution_time (seconds/batch)": 2.046553169911983,
    "num_batches": 10,
    "batch_size": 512,
    "device": "cpu",
    "throughput_bps": 41069013.61551959,
    "sample_persec": 250.17673986062127,
    "result_path": "result/10GB/run 3",
    "data_path": "69.pt"
}