{
    "total_cpu_time (seconds)": 32.61694529200011,
    "total_cpu_memory (MB)": 71461.281284,
    "execution_time (seconds/batch)": 3.266159982300813,
    "num_batches": 10,
    "batch_size": 512,
    "device": "cpu",
    "throughput_bps": 25733558.81385574,
    "sample_persec": 156.75900836900428,
    "result_path": "result/10GB/run 3",
    "data_path": "70.pt"
}