{
    "total_cpu_time (seconds)": 22.449029060000047,
    "total_cpu_memory (MB)": 71461.28338,
    "execution_time (seconds/batch)": 2.247976311112854,
    "num_batches": 10,
    "batch_size": 512,
    "device": "cpu",
    "throughput_bps": 37389148.44631585,
    "sample_persec": 227.7604072022164,
    "result_path": "result/10GB/run 3",
    "data_path": "8.pt"
}