{
    "total_cpu_time (seconds)": 24.22774906000002,
    "total_cpu_memory (MB)": 71461.283356,
    "execution_time (seconds/batch)": 2.426091828421672,
    "num_batches": 10,
    "batch_size": 512,
    "device": "cpu",
    "throughput_bps": 34644162.688054495,
    "sample_persec": 211.0390027293768,
    "result_path": "result/10GB/run 3",
    "data_path": "72.pt"
}