{
    "total_cpu_time (seconds)": 29.686913814999915,
    "total_cpu_memory (MB)": 71461.283204,
    "execution_time (seconds/batch)": 2.972755695928018,
    "num_batches": 10,
    "batch_size": 512,
    "device": "cpu",
    "throughput_bps": 28273403.063403018,
    "sample_persec": 172.2307691484102,
    "result_path": "result/10GB/run 3",
    "data_path": "76.pt"
}