{
    "total_cpu_time (seconds)": 22.306635904000014,
    "total_cpu_memory (MB)": 71461.283364,
    "execution_time (seconds/batch)": 2.233717501045963,
    "num_batches": 10,
    "batch_size": 512,
    "device": "cpu",
    "throughput_bps": 37627819.97304615,
    "sample_persec": 229.2143029547158,
    "result_path": "result/10GB/run 3",
    "data_path": "77.pt"
}