{
    "total_cpu_time (seconds)": 21.7259211179998,
    "total_cpu_memory (MB)": 71461.283356,
    "execution_time (seconds/batch)": 2.175566519150381,
    "num_batches": 10,
    "batch_size": 512,
    "device": "cpu",
    "throughput_bps": 38633578.54616361,
    "sample_persec": 235.340999915714,
    "result_path": "result/10GB/run 3",
    "data_path": "78.pt"
}