{
    "total_cpu_time (seconds)": 23.950141663999982,
    "total_cpu_memory (MB)": 71461.283364,
    "execution_time (seconds/batch)": 2.398293082724035,
    "num_batches": 10,
    "batch_size": 512,
    "device": "cpu",
    "throughput_bps": 35045725.063983515,
    "sample_persec": 213.4851673000945,
    "result_path": "result/10GB/run 3",
    "data_path": "79.pt"
}