{
    "total_cpu_time (seconds)": 22.586060544000055,
    "total_cpu_memory (MB)": 71461.283356,
    "execution_time (seconds/batch)": 2.2616982199350733,
    "num_batches": 10,
    "batch_size": 512,
    "device": "cpu",
    "throughput_bps": 37162305.412440404,
    "sample_persec": 226.3785661089206,
    "result_path": "result/10GB/run 3",
    "data_path": "81.pt"
}