{
    "total_cpu_time (seconds)": 29.04154018599994,
    "total_cpu_memory (MB)": 71461.283268,
    "execution_time (seconds/batch)": 2.9081299775536804,
    "num_batches": 10,
    "batch_size": 512,
    "device": "cpu",
    "throughput_bps": 28901706.818036657,
    "sample_persec": 176.0581555679621,
    "result_path": "result/10GB/run 3",
    "data_path": "83.pt"
}