{
    "total_cpu_time (seconds)": 22.17298915800005,
    "total_cpu_memory (MB)": 71461.283356,
    "execution_time (seconds/batch)": 2.2203345294144388,
    "num_batches": 10,
    "batch_size": 512,
    "device": "cpu",
    "throughput_bps": 37854620.052306354,
    "sample_persec": 230.5958823849071,
    "result_path": "result/10GB/run 3",
    "data_path": "84.pt"
}