{
    "total_cpu_time (seconds)": 20.791504828000306,
    "total_cpu_memory (MB)": 71461.283356,
    "execution_time (seconds/batch)": 2.0819969630229136,
    "num_batches": 10,
    "batch_size": 512,
    "device": "cpu",
    "throughput_bps": 40369857.15769989,
    "sample_persec": 245.9177458436884,
    "result_path": "result/10GB/run 3",
    "data_path": "86.pt"
}