{
    "total_cpu_time (seconds)": 23.838095237000154,
    "total_cpu_memory (MB)": 71461.283356,
    "execution_time (seconds/batch)": 2.387073100204201,
    "num_batches": 10,
    "batch_size": 512,
    "device": "cpu",
    "throughput_bps": 35210450.82063469,
    "sample_persec": 214.48861367345694,
    "result_path": "result/10GB/run 3",
    "data_path": "87.pt"
}