{
    "total_cpu_time (seconds)": 21.784001863999997,
    "total_cpu_memory (MB)": 71461.283356,
    "execution_time (seconds/batch)": 2.181382545348719,
    "num_batches": 10,
    "batch_size": 512,
    "device": "cpu",
    "throughput_bps": 38530573.27299906,
    "sample_persec": 234.71353114643676,
    "result_path": "result/10GB/run 3",
    "data_path": "88.pt"
}