{
    "total_cpu_time (seconds)": 21.15292505600014,
    "total_cpu_memory (MB)": 71461.283356,
    "execution_time (seconds/batch)": 2.118188466393912,
    "num_batches": 10,
    "batch_size": 512,
    "device": "cpu",
    "throughput_bps": 39680095.20091946,
    "sample_persec": 241.7159795377647,
    "result_path": "result/10GB/run 3",
    "data_path": "90.pt"
}