{
    "total_cpu_time (seconds)": 22.043523725999695,
    "total_cpu_memory (MB)": 71461.283356,
    "execution_time (seconds/batch)": 2.207370261629541,
    "num_batches": 10,
    "batch_size": 512,
    "device": "cpu",
    "throughput_bps": 38076946.79095298,
    "sample_persec": 231.95021193319312,
    "result_path": "result/10GB/run 3",
    "data_path": "91.pt"
}