{
    "total_cpu_time (seconds)": 21.17555230799992,
    "total_cpu_memory (MB)": 71461.283356,
    "execution_time (seconds/batch)": 2.1204542893987792,
    "num_batches": 10,
    "batch_size": 512,
    "device": "cpu",
    "throughput_bps": 39637694.818609364,
    "sample_persec": 241.45769260848786,
    "result_path": "result/10GB/run 3",
    "data_path": "92.pt"
}