{
    "total_cpu_time (seconds)": 21.04767482100001,
    "total_cpu_memory (MB)": 71461.283356,
    "execution_time (seconds/batch)": 2.1076490335130074,
    "num_batches": 10,
    "batch_size": 512,
    "device": "cpu",
    "throughput_bps": 39878518.03765757,
    "sample_persec": 242.92469564849884,
    "result_path": "result/10GB/run 3",
    "data_path": "94.pt"
}