{
    "total_cpu_time (seconds)": 21.21378289999999,
    "total_cpu_memory (MB)": 71461.28338,
    "execution_time (seconds/batch)": 2.1242825825933886,
    "num_batches": 10,
    "batch_size": 512,
    "device": "cpu",
    "throughput_bps": 39566261.42336925,
    "sample_persec": 241.02254765697646,
    "result_path": "result/10GB/run 3",
    "data_path": "97.pt"
}