{
    "total_cpu_time (seconds)": 25.114619103000017,
    "total_cpu_memory (MB)": 71461.283356,
    "execution_time (seconds/batch)": 2.5149002504862135,
    "num_batches": 10,
    "batch_size": 512,
    "device": "cpu",
    "throughput_bps": 33420776.821565934,
    "sample_persec": 203.58660344521158,
    "result_path": "result/10GB/run 3",
    "data_path": "98.pt"
}