{
    "total_cpu_time (seconds)": 20.402981338000036,
    "total_cpu_memory (MB)": 71461.283356,
    "execution_time (seconds/batch)": 2.0430914228546877,
    "num_batches": 10,
    "batch_size": 512,
    "device": "cpu",
    "throughput_bps": 41138599.604398586,
    "sample_persec": 250.60063111841245,
    "result_path": "result/10GB/run 3",
    "data_path": "100.pt"
}