{"total_cpu_time (seconds)": 22.452033332000315, "total_cpu_memory (MB)": 71466.756916, "execution_time (seconds/batch)": 0.5620692874038804, "num_batches": 40, "batch_size": 128, "device": "cpu", "throughput_bps": 37384145.461947784, "sample_persec": 227.7299309329178, "result_path": "result/1GB/Batches/128/run 2", "data_path": "data/10.pt"}