{"total_cpu_time (seconds)": 21.58301300600022, "total_cpu_memory (MB)": 71466.756932, "execution_time (seconds/batch)": 0.5403140357457517, "num_batches": 40, "batch_size": 128, "device": "cpu", "throughput_bps": 38889383.96908046, "sample_persec": 236.89926881749793, "result_path": "result/1GB/Batches/128/run 2", "data_path": "data/103.pt"}