{"total_cpu_time (seconds)": 25.001705781999824, "total_cpu_memory (MB)": 71466.756988, "execution_time (seconds/batch)": 0.6258983649708542, "num_batches": 40, "batch_size": 128, "device": "cpu", "throughput_bps": 33571712.55908054, "sample_persec": 204.50604629069528, "result_path": "result/1GB/Batches/128/run 2", "data_path": "data/106.pt"}