{
    "total_cpu_time (seconds)": 27.57936528500034,
    "total_cpu_memory (MB)": 71483.251692,
    "execution_time (seconds/batch)": 0.3452140383806027,
    "num_batches": 80,
    "batch_size": 64,
    "device": "cpu",
    "throughput_bps": 30433988.28531052,
    "sample_persec": 185.39222883351925,
    "result_path": "result/2GB/Batches/64/run 1",
    "data_path": "1.pt"
}