{
    "total_cpu_time (seconds)": 26.01711793599989,
    "total_cpu_memory (MB)": 71483.251588,
    "execution_time (seconds/batch)": 0.3256592114030888,
    "num_batches": 80,
    "batch_size": 64,
    "device": "cpu",
    "throughput_bps": 32261455.018374313,
    "sample_persec": 196.52445795793318,
    "result_path": "result/2GB/Batches/64/run 1",
    "data_path": "10.pt"
}