{
    "total_cpu_time (seconds)": 24.73249247899964,
    "total_cpu_memory (MB)": 71483.251396,
    "execution_time (seconds/batch)": 0.3095794090858551,
    "num_batches": 80,
    "batch_size": 64,
    "device": "cpu",
    "throughput_bps": 33937140.816385254,
    "sample_persec": 206.7320956163819,
    "result_path": "result/2GB/Batches/64/run 1",
    "data_path": "108.pt"
}