{
    "total_cpu_time (seconds)": 28.293609069000116,
    "total_cpu_memory (MB)": 71483.251684,
    "execution_time (seconds/batch)": 0.35415430870643605,
    "num_batches": 80,
    "batch_size": 64,
    "device": "cpu",
    "throughput_bps": 29665712.774678633,
    "sample_persec": 180.7121879549137,
    "result_path": "result/2GB/Batches/64/run 1",
    "data_path": "109.pt"
}