{
    "total_cpu_time (seconds)": 37.472989558000535,
    "total_cpu_memory (MB)": 71483.251668,
    "execution_time (seconds/batch)": 0.4690536537672666,
    "num_batches": 80,
    "batch_size": 64,
    "device": "cpu",
    "throughput_bps": 22398802.174586512,
    "sample_persec": 136.44494502062932,
    "result_path": "result/2GB/Batches/64/run 1",
    "data_path": "110.pt"
}