{
    "total_cpu_time (seconds)": 21.448343761999954,
    "total_cpu_memory (MB)": 71483.238572,
    "execution_time (seconds/batch)": 0.2684713476956771,
    "num_batches": 80,
    "batch_size": 64,
    "device": "cpu",
    "throughput_bps": 39133561.5147626,
    "sample_persec": 238.38670513378779,
    "result_path": "result/2GB/Batches/64/run 1",
    "data_path": "111.pt"
}