{
    "total_cpu_time (seconds)": 26.85094341899878,
    "total_cpu_memory (MB)": 71483.247332,
    "execution_time (seconds/batch)": 0.33609629939681634,
    "num_batches": 80,
    "batch_size": 64,
    "device": "cpu",
    "throughput_bps": 31259612.256532688,
    "sample_persec": 190.42161462312797,
    "result_path": "result/2GB/Batches/64/run 1",
    "data_path": "112.pt"
}