{
    "total_cpu_time (seconds)": 27.117376143999515,
    "total_cpu_memory (MB)": 71483.247188,
    "execution_time (seconds/batch)": 0.3394312679866945,
    "num_batches": 80,
    "batch_size": 64,
    "device": "cpu",
    "throughput_bps": 30952481.37367191,
    "sample_persec": 188.55069062909303,
    "result_path": "result/2GB/Batches/64/run 1",
    "data_path": "113.pt"
}