{
    "total_cpu_time (seconds)": 23.896266041999954,
    "total_cpu_memory (MB)": 71483.242468,
    "execution_time (seconds/batch)": 0.2991122680790137,
    "num_batches": 80,
    "batch_size": 64,
    "device": "cpu",
    "throughput_bps": 35124737.83664622,
    "sample_persec": 213.96648292303985,
    "result_path": "result/2GB/Batches/64/run 1",
    "data_path": "114.pt"
}