{
    "total_cpu_time (seconds)": 21.389711383000055,
    "total_cpu_memory (MB)": 71483.229196,
    "execution_time (seconds/batch)": 0.26773743956816026,
    "num_batches": 80,
    "batch_size": 64,
    "device": "cpu",
    "throughput_bps": 39240832.42502711,
    "sample_persec": 239.04015853452185,
    "result_path": "result/2GB/Batches/64/run 1",
    "data_path": "115.pt"
}