{
    "total_cpu_time (seconds)": 33.5042102160004,
    "total_cpu_memory (MB)": 71483.185816,
    "execution_time (seconds/batch)": 0.41937599331586656,
    "num_batches": 80,
    "batch_size": 64,
    "device": "cpu",
    "throughput_bps": 25052077.771382794,
    "sample_persec": 152.60768622918368,
    "result_path": "result/2GB/Batches/64/run 1",
    "data_path": "116.pt"
}