{
    "total_cpu_time (seconds)": 25.65496715999971,
    "total_cpu_memory (MB)": 71483.251692,
    "execution_time (seconds/batch)": 0.32112612912966587,
    "num_batches": 80,
    "batch_size": 64,
    "device": "cpu",
    "throughput_bps": 32716864.33139092,
    "sample_persec": 199.29863749628973,
    "result_path": "result/2GB/Batches/64/run 1",
    "data_path": "100.pt"
}