{
    "total_cpu_time (seconds)": 38.81882085300038,
    "total_cpu_memory (MB)": 71483.251644,
    "execution_time (seconds/batch)": 0.48589957648973686,
    "num_batches": 80,
    "batch_size": 64,
    "device": "cpu",
    "throughput_bps": 21622245.641578395,
    "sample_persec": 131.71445931760718,
    "result_path": "result/2GB/Batches/64/run 1",
    "data_path": "102.pt"
}