{
    "total_cpu_time (seconds)": 31.20112594500038,
    "total_cpu_memory (MB)": 71483.251612,
    "execution_time (seconds/batch)": 0.39054802669274874,
    "num_batches": 80,
    "batch_size": 64,
    "device": "cpu",
    "throughput_bps": 26901275.341138646,
    "sample_persec": 163.8722913081058,
    "result_path": "result/2GB/Batches/64/run 1",
    "data_path": "103.pt"
}