{
    "total_cpu_time (seconds)": 21.687825797000407,
    "total_cpu_memory (MB)": 71483.18538,
    "execution_time (seconds/batch)": 0.2714689714469051,
    "num_batches": 80,
    "batch_size": 64,
    "device": "cpu",
    "throughput_bps": 38701439.59364007,
    "sample_persec": 235.75438348952284,
    "result_path": "result/2GB/Batches/64/run 1",
    "data_path": "104.pt"
}