{
    "total_cpu_time (seconds)": 25.916546335000525,
    "total_cpu_memory (MB)": 71483.24726,
    "execution_time (seconds/batch)": 0.32440034528457534,
    "num_batches": 80,
    "batch_size": 64,
    "device": "cpu",
    "throughput_bps": 32386648.635603514,
    "sample_persec": 197.28708964183426,
    "result_path": "result/2GB/Batches/64/run 1",
    "data_path": "106.pt"
}