{
    "total_cpu_time (seconds)": 25.040078805999944,
    "total_cpu_memory (MB)": 71466.74826,
    "execution_time (seconds/batch)": 0.6268590039444539,
    "num_batches": 40,
    "batch_size": 128,
    "device": "cpu",
    "throughput_bps": 33520265.11190054,
    "sample_persec": 204.19264809880931,
    "result_path": "result/Batches/128/run 3",
    "data_path": "108.pt"
}