{
    "total_cpu_time (seconds)": 22.66627381100024,
    "total_cpu_memory (MB)": 71466.756972,
    "execution_time (seconds/batch)": 0.5674326320766734,
    "num_batches": 40,
    "batch_size": 128,
    "device": "cpu",
    "throughput_bps": 37030792.40102766,
    "sample_persec": 225.5774390900808,
    "result_path": "result/Batches/128/run 3",
    "data_path": "109.pt"
}