{
    "total_cpu_time (seconds)": 24.719768975999994,
    "total_cpu_memory (MB)": 71466.756988,
    "execution_time (seconds/batch)": 0.6188402951159787,
    "num_batches": 40,
    "batch_size": 128,
    "device": "cpu",
    "throughput_bps": 33954608.58938087,
    "sample_persec": 206.83850261562418,
    "result_path": "result/Batches/128/run 3",
    "data_path": "113.pt"
}