{
    "total_cpu_time (seconds)": 22.243168060000144,
    "total_cpu_memory (MB)": 71466.756964,
    "execution_time (seconds/batch)": 0.5568405068805043,
    "num_batches": 40,
    "batch_size": 128,
    "device": "cpu",
    "throughput_bps": 37735185.821366966,
    "sample_persec": 229.86833468181632,
    "result_path": "result/Batches/128/run 3",
    "data_path": "100.pt"
}