{
    "total_cpu_time (seconds)": 22.319647773000344,
    "total_cpu_memory (MB)": 71466.756972,
    "execution_time (seconds/batch)": 0.5587551173369928,
    "num_batches": 40,
    "batch_size": 128,
    "device": "cpu",
    "throughput_bps": 37605883.77274241,
    "sample_persec": 229.08067600354784,
    "result_path": "result/Batches/128/run 3",
    "data_path": "117.pt"
}