{
    "total_cpu_time (seconds)": 22.075074573999874,
    "total_cpu_memory (MB)": 71466.75694,
    "execution_time (seconds/batch)": 0.5526324164819058,
    "num_batches": 40,
    "batch_size": 128,
    "device": "cpu",
    "throughput_bps": 38022525.23253491,
    "sample_persec": 231.6186965919524,
    "result_path": "result/Batches/128/run 3",
    "data_path": "126.pt"
}