{
    "total_cpu_time (seconds)": 21.376739794000365,
    "total_cpu_memory (MB)": 71466.756964,
    "execution_time (seconds/batch)": 0.5351501454394771,
    "num_batches": 40,
    "batch_size": 128,
    "device": "cpu",
    "throughput_bps": 39264644.09860916,
    "sample_persec": 239.18521015234626,
    "result_path": "result/Batches/128/run 3",
    "data_path": "128.pt"
}