{
    "total_cpu_time (seconds)": 26.226069149999937,
    "total_cpu_memory (MB)": 71466.756948,
    "execution_time (seconds/batch)": 0.6565493548210428,
    "num_batches": 40,
    "batch_size": 128,
    "device": "cpu",
    "throughput_bps": 32004418.01626234,
    "sample_persec": 194.95868674623748,
    "result_path": "result/Batches/128/run 3",
    "data_path": "13.pt"
}