{
    "total_cpu_time (seconds)": 22.0263626979997,
    "total_cpu_memory (MB)": 71466.756972,
    "execution_time (seconds/batch)": 0.5514129523457778,
    "num_batches": 40,
    "batch_size": 128,
    "device": "cpu",
    "throughput_bps": 38106613.039484024,
    "sample_persec": 232.13092738477113,
    "result_path": "result/Batches/128/run 3",
    "data_path": "14.pt"
}