{
    "total_cpu_time (seconds)": 23.243207569999814,
    "total_cpu_memory (MB)": 71466.756972,
    "execution_time (seconds/batch)": 0.581875722464302,
    "num_batches": 40,
    "batch_size": 128,
    "device": "cpu",
    "throughput_bps": 36111628.63267441,
    "sample_persec": 219.97824459475154,
    "result_path": "result/Batches/128/run 3",
    "data_path": "17.pt"
}