{
    "total_cpu_time (seconds)": 20.873602456999887,
    "total_cpu_memory (MB)": 71466.748204,
    "execution_time (seconds/batch)": 0.5225544913936995,
    "num_batches": 40,
    "batch_size": 128,
    "device": "cpu",
    "throughput_bps": 40211079.12393565,
    "sample_persec": 244.95053072572884,
    "result_path": "result/Batches/128/run 3",
    "data_path": "22.pt"
}