{
    "total_cpu_time (seconds)": 20.823492591000207,
    "total_cpu_memory (MB)": 71466.756956,
    "execution_time (seconds/batch)": 0.521300029659305,
    "num_batches": 40,
    "batch_size": 128,
    "device": "cpu",
    "throughput_bps": 40307843.47687968,
    "sample_persec": 245.53998219346784,
    "result_path": "result/Batches/128/run 3",
    "data_path": "23.pt"
}