{
    "total_cpu_time (seconds)": 21.837378201999698,
    "total_cpu_memory (MB)": 71466.75698,
    "execution_time (seconds/batch)": 0.5466818716714182,
    "num_batches": 40,
    "batch_size": 128,
    "device": "cpu",
    "throughput_bps": 38436394.34349032,
    "sample_persec": 234.13982909046248,
    "result_path": "result/Batches/128/run 3",
    "data_path": "34.pt"
}