{
    "total_cpu_time (seconds)": 22.87841021800018,
    "total_cpu_memory (MB)": 71466.75694,
    "execution_time (seconds/batch)": 0.5727433029344853,
    "num_batches": 40,
    "batch_size": 128,
    "device": "cpu",
    "throughput_bps": 36687430.28917366,
    "sample_persec": 223.4858082917499,
    "result_path": "result/Batches/128/run 3",
    "data_path": "40.pt"
}