{
    "total_cpu_time (seconds)": 20.991124259999978,
    "total_cpu_memory (MB)": 71466.75698,
    "execution_time (seconds/batch)": 0.5254965588265201,
    "num_batches": 40,
    "batch_size": 128,
    "device": "cpu",
    "throughput_bps": 39985951.662409954,
    "sample_persec": 243.57914024372533,
    "result_path": "result/Batches/128/run 3",
    "data_path": "41.pt"
}