{
    "total_cpu_time (seconds)": 25.341582841999884,
    "total_cpu_memory (MB)": 71466.756948,
    "execution_time (seconds/batch)": 0.634406924266768,
    "num_batches": 40,
    "batch_size": 128,
    "device": "cpu",
    "throughput_bps": 33121454.379278265,
    "sample_persec": 201.7632454878062,
    "result_path": "result/Batches/128/run 3",
    "data_path": "105.pt"
}