{
    "total_cpu_time (seconds)": 22.06423811599993,
    "total_cpu_memory (MB)": 71466.756964,
    "execution_time (seconds/batch)": 0.5523611341380776,
    "num_batches": 40,
    "batch_size": 128,
    "device": "cpu",
    "throughput_bps": 38041199.31933401,
    "sample_persec": 231.7324519939937,
    "result_path": "result/Batches/128/run 3",
    "data_path": "46.pt"
}