{
    "total_cpu_time (seconds)": 23.375900832999545,
    "total_cpu_memory (MB)": 71466.756988,
    "execution_time (seconds/batch)": 0.5851975956628088,
    "num_batches": 40,
    "batch_size": 128,
    "device": "cpu",
    "throughput_bps": 35906641.03156603,
    "sample_persec": 218.72953844764882,
    "result_path": "result/Batches/128/run 3",
    "data_path": "47.pt"
}