{
    "total_cpu_time (seconds)": 20.87338646400035,
    "total_cpu_memory (MB)": 71466.756972,
    "execution_time (seconds/batch)": 0.5225490841760307,
    "num_batches": 40,
    "batch_size": 128,
    "device": "cpu",
    "throughput_bps": 40211495.21892864,
    "sample_persec": 244.95306541745032,
    "result_path": "result/Batches/128/run 3",
    "data_path": "50.pt"
}