{
    "total_cpu_time (seconds)": 21.1854667740001,
    "total_cpu_memory (MB)": 71466.756988,
    "execution_time (seconds/batch)": 0.5303617733369866,
    "num_batches": 40,
    "batch_size": 128,
    "device": "cpu",
    "throughput_bps": 39619144.99944338,
    "sample_persec": 241.344694197389,
    "result_path": "result/Batches/128/run 3",
    "data_path": "51.pt"
}