{
    "total_cpu_time (seconds)": 20.7406766619997,
    "total_cpu_memory (MB)": 71466.748196,
    "execution_time (seconds/batch)": 0.519226796936429,
    "num_batches": 40,
    "batch_size": 128,
    "device": "cpu",
    "throughput_bps": 40468789.60018822,
    "sample_persec": 246.52040448457737,
    "result_path": "result/Batches/128/run 3",
    "data_path": "52.pt"
}