{
    "total_cpu_time (seconds)": 20.334385280000223,
    "total_cpu_memory (MB)": 71466.756948,
    "execution_time (seconds/batch)": 0.5090556064619653,
    "num_batches": 40,
    "batch_size": 128,
    "device": "cpu",
    "throughput_bps": 41277376.64268309,
    "sample_persec": 251.4460078136153,
    "result_path": "result/Batches/128/run 3",
    "data_path": "53.pt"
}