{
    "total_cpu_time (seconds)": 28.376051332999836,
    "total_cpu_memory (MB)": 71460.480316,
    "execution_time (seconds/batch)": 1.4207449914429802,
    "num_batches": 20,
    "batch_size": 256,
    "device": "cpu",
    "throughput_bps": 29579523.59720609,
    "sample_persec": 180.1871564157291,
    "result_path": "result/2GB/Batches/256/run 3",
    "data_path": "1.pt"
}