{
    "total_cpu_time (seconds)": 21.46857262799988,
    "total_cpu_memory (MB)": 71460.480308,
    "execution_time (seconds/batch)": 1.0748982188085212,
    "num_batches": 20,
    "batch_size": 256,
    "device": "cpu",
    "throughput_bps": 39096687.72786959,
    "sample_persec": 238.16208411226606,
    "result_path": "result/2GB/Batches/256/run 3",
    "data_path": "11.pt"
}