{
    "total_cpu_time (seconds)": 20.792753008999927,
    "total_cpu_memory (MB)": 71460.480276,
    "execution_time (seconds/batch)": 1.0410609760031257,
    "num_batches": 20,
    "batch_size": 256,
    "device": "cpu",
    "throughput_bps": 40367433.77063615,
    "sample_persec": 245.90298349559055,
    "result_path": "result/2GB/Batches/256/run 3",
    "data_path": "112.pt"
}