{
    "total_cpu_time (seconds)": 28.273761008000182,
    "total_cpu_memory (MB)": 71460.445388,
    "execution_time (seconds/batch)": 1.4156234731171615,
    "num_batches": 20,
    "batch_size": 256,
    "device": "cpu",
    "throughput_bps": 29686537.979949053,
    "sample_persec": 180.83904714881245,
    "result_path": "result/2GB/Batches/256/run 3",
    "data_path": "115.pt"
}