{
    "total_cpu_time (seconds)": 19.652955055999982,
    "total_cpu_memory (MB)": 71460.480308,
    "execution_time (seconds/batch)": 0.9839930558059838,
    "num_batches": 20,
    "batch_size": 256,
    "device": "cpu",
    "throughput_bps": 42708594.08207669,
    "sample_persec": 260.16443763448274,
    "result_path": "result/2GB/Batches/256/run 3",
    "data_path": "116.pt"
}