{
    "total_cpu_time (seconds)": 25.338461364000157,
    "total_cpu_memory (MB)": 71460.480308,
    "execution_time (seconds/batch)": 1.2686575609591317,
    "num_batches": 20,
    "batch_size": 256,
    "device": "cpu",
    "throughput_bps": 33125534.654306754,
    "sample_persec": 201.78810096434427,
    "result_path": "result/2GB/Batches/256/run 3",
    "data_path": "101.pt"
}