{
    "total_cpu_time (seconds)": 44.3235983170003,
    "total_cpu_memory (MB)": 71460.480308,
    "execution_time (seconds/batch)": 2.2192139974872043,
    "num_batches": 20,
    "batch_size": 256,
    "device": "cpu",
    "throughput_bps": 18936866.858078796,
    "sample_persec": 115.35615776120125,
    "result_path": "result/2GB/Batches/256/run 3",
    "data_path": "102.pt"
}