{
    "total_cpu_time (seconds)": 33.28780905200002,
    "total_cpu_memory (MB)": 71460.480276,
    "execution_time (seconds/batch)": 1.666669101762567,
    "num_batches": 20,
    "batch_size": 256,
    "device": "cpu",
    "throughput_bps": 25214939.159523014,
    "sample_persec": 153.5997755818897,
    "result_path": "result/2GB/Batches/256/run 3",
    "data_path": "103.pt"
}