{
    "total_cpu_time (seconds)": 21.25254852399992,
    "total_cpu_memory (MB)": 71460.480316,
    "execution_time (seconds/batch)": 1.0640822261185174,
    "num_batches": 20,
    "batch_size": 256,
    "device": "cpu",
    "throughput_bps": 39494090.746441305,
    "sample_persec": 240.5829114671132,
    "result_path": "result/2GB/Batches/256/run 3",
    "data_path": "104.pt"
}