{
    "total_cpu_time (seconds)": 19.47787814900015,
    "total_cpu_memory (MB)": 71460.480308,
    "execution_time (seconds/batch)": 0.9752272259229491,
    "num_batches": 20,
    "batch_size": 256,
    "device": "cpu",
    "throughput_bps": 43092480.27835547,
    "sample_persec": 262.50292567224335,
    "result_path": "result/2GB/Batches/256/run 3",
    "data_path": "107.pt"
}