{
    "total_cpu_time (seconds)": 25.91516382200011,
    "total_cpu_memory (MB)": 71461.283356,
    "execution_time (seconds/batch)": 2.5950643217023384,
    "num_batches": 10,
    "batch_size": 512,
    "device": "cpu",
    "throughput_bps": 32388376.387088556,
    "sample_persec": 197.29761444376558,
    "result_path": "result/4GB/run 2",
    "data_path": "11.pt"
}