{
    "total_cpu_time (seconds)": 22.088260680999987,
    "total_cpu_memory (MB)": 71461.283356,
    "execution_time (seconds/batch)": 2.2118500818838243,
    "num_batches": 10,
    "batch_size": 512,
    "device": "cpu",
    "throughput_bps": 37999826.79134157,
    "sample_persec": 231.48042636051153,
    "result_path": "result/4GB/run 2",
    "data_path": "12.pt"
}