{
    "total_cpu_time (seconds)": 24.01808737399981,
    "total_cpu_memory (MB)": 71461.283356,
    "execution_time (seconds/batch)": 2.4050969558943676,
    "num_batches": 10,
    "batch_size": 512,
    "device": "cpu",
    "throughput_bps": 34946582.83692555,
    "sample_persec": 212.88123073175896,
    "result_path": "result/4GB/run 2",
    "data_path": "14.pt"
}