{
    "total_cpu_time (seconds)": 23.513480618999886,
    "total_cpu_memory (MB)": 71461.283364,
    "execution_time (seconds/batch)": 2.3545671967392807,
    "num_batches": 10,
    "batch_size": 512,
    "device": "cpu",
    "throughput_bps": 35696547.59328866,
    "sample_persec": 217.44972949128083,
    "result_path": "result/4GB/run 2",
    "data_path": "15.pt"
}