{
    "total_cpu_time (seconds)": 27.35370081400012,
    "total_cpu_memory (MB)": 71461.283356,
    "execution_time (seconds/batch)": 2.7391149651414164,
    "num_batches": 10,
    "batch_size": 512,
    "device": "cpu",
    "throughput_bps": 30685064.726978566,
    "sample_persec": 186.92169058831973,
    "result_path": "result/4GB/run 2",
    "data_path": "16.pt"
}