{
    "total_cpu_time (seconds)": 32.420964906000094,
    "total_cpu_memory (MB)": 71461.283148,
    "execution_time (seconds/batch)": 3.2465351128245743,
    "num_batches": 10,
    "batch_size": 512,
    "device": "cpu",
    "throughput_bps": 25889114.726645995,
    "sample_persec": 157.70659555705407,
    "result_path": "result/4GB/run 2",
    "data_path": "18.pt"
}