{
    "total_cpu_time (seconds)": 24.387658043000084,
    "total_cpu_memory (MB)": 71461.283356,
    "execution_time (seconds/batch)": 2.442104619209083,
    "num_batches": 10,
    "batch_size": 512,
    "device": "cpu",
    "throughput_bps": 34417002.1787277,
    "sample_persec": 209.655227696928,
    "result_path": "result/4GB/run 2",
    "data_path": "19.pt"
}