{
    "total_cpu_time (seconds)": 28.442209471000204,
    "total_cpu_memory (MB)": 71461.283324,
    "execution_time (seconds/batch)": 2.8481148541271475,
    "num_batches": 10,
    "batch_size": 512,
    "device": "cpu",
    "throughput_bps": 29510720.004217844,
    "sample_persec": 179.76803121477732,
    "result_path": "result/4GB/run 2",
    "data_path": "20.pt"
}