{
    "total_cpu_time (seconds)": 23.90523166599992,
    "total_cpu_memory (MB)": 71461.283364,
    "execution_time (seconds/batch)": 2.393795934479163,
    "num_batches": 10,
    "batch_size": 512,
    "device": "cpu",
    "throughput_bps": 35111564.35240893,
    "sample_persec": 213.88623509021036,
    "result_path": "result/4GB/run 2",
    "data_path": "24.pt"
}