{
    "total_cpu_time (seconds)": 24.814695809000067,
    "total_cpu_memory (MB)": 71461.283364,
    "execution_time (seconds/batch)": 2.484866859809903,
    "num_batches": 10,
    "batch_size": 512,
    "device": "cpu",
    "throughput_bps": 33824717.67780346,
    "sample_persec": 206.0472568092316,
    "result_path": "result/4GB/run 2",
    "data_path": "25.pt"
}