{
    "total_cpu_time (seconds)": 24.08958618699994,
    "total_cpu_memory (MB)": 71461.283292,
    "execution_time (seconds/batch)": 2.4122566258055875,
    "num_batches": 10,
    "batch_size": 512,
    "device": "cpu",
    "throughput_bps": 34842860.042691775,
    "sample_persec": 212.2493910982686,
    "result_path": "result/4GB/run 2",
    "data_path": "26.pt"
}