{
    "total_cpu_time (seconds)": 33.04051161300015,
    "total_cpu_memory (MB)": 71461.283356,
    "execution_time (seconds/batch)": 3.308574603140246,
    "num_batches": 10,
    "batch_size": 512,
    "device": "cpu",
    "throughput_bps": 25403664.74439665,
    "sample_persec": 154.74941973925834,
    "result_path": "result/4GB/run 2",
    "data_path": "27.pt"
}