{
    "total_cpu_time (seconds)": 25.968745045999764,
    "total_cpu_memory (MB)": 71461.283356,
    "execution_time (seconds/batch)": 2.6004297796893954,
    "num_batches": 10,
    "batch_size": 512,
    "device": "cpu",
    "throughput_bps": 32321549.559411373,
    "sample_persec": 196.89053094183342,
    "result_path": "result/4GB/run 2",
    "data_path": "28.pt"
}