{
    "total_cpu_time (seconds)": 24.906953487999974,
    "total_cpu_memory (MB)": 71461.283356,
    "execution_time (seconds/batch)": 2.4941052583328744,
    "num_batches": 10,
    "batch_size": 512,
    "device": "cpu",
    "throughput_bps": 33699427.76840989,
    "sample_persec": 205.2840385502552,
    "result_path": "result/4GB/run 2",
    "data_path": "29.pt"
}