{
    "total_cpu_time (seconds)": 21.92555848699991,
    "total_cpu_memory (MB)": 71461.283356,
    "execution_time (seconds/batch)": 2.195557587589273,
    "num_batches": 10,
    "batch_size": 512,
    "device": "cpu",
    "throughput_bps": 38281810.72320995,
    "sample_persec": 233.19816473690267,
    "result_path": "result/4GB/run 2",
    "data_path": "4.pt"
}