{
    "total_cpu_time (seconds)": 22.655226354999996,
    "total_cpu_memory (MB)": 71461.283356,
    "execution_time (seconds/batch)": 2.2686242702444743,
    "num_batches": 10,
    "batch_size": 512,
    "device": "cpu",
    "throughput_bps": 37048849.870120846,
    "sample_persec": 225.68743829264648,
    "result_path": "result/4GB/run 2",
    "data_path": "31.pt"
}