{
    "total_cpu_time (seconds)": 32.840856595999774,
    "total_cpu_memory (MB)": 71461.283356,
    "execution_time (seconds/batch)": 3.288581767485211,
    "num_batches": 10,
    "batch_size": 512,
    "device": "cpu",
    "throughput_bps": 25558105.573355787,
    "sample_persec": 155.6902142626449,
    "result_path": "result/4GB/run 2",
    "data_path": "32.pt"
}