{
    "total_cpu_time (seconds)": 23.739905820999642,
    "total_cpu_memory (MB)": 71461.283356,
    "execution_time (seconds/batch)": 2.377240715891222,
    "num_batches": 10,
    "batch_size": 512,
    "device": "cpu",
    "throughput_bps": 35356082.97390696,
    "sample_persec": 215.37574911005697,
    "result_path": "result/4GB/run 2",
    "data_path": "33.pt"
}