{
    "total_cpu_time (seconds)": 21.453503504999922,
    "total_cpu_memory (MB)": 71461.283364,
    "execution_time (seconds/batch)": 2.1482874622648076,
    "num_batches": 10,
    "batch_size": 512,
    "device": "cpu",
    "throughput_bps": 39124149.57325652,
    "sample_persec": 238.3293711821182,
    "result_path": "result/4GB/run 2",
    "data_path": "34.pt"
}