{
    "total_cpu_time (seconds)": 26.690480830000052,
    "total_cpu_memory (MB)": 71461.283356,
    "execution_time (seconds/batch)": 2.672702167995311,
    "num_batches": 10,
    "batch_size": 512,
    "device": "cpu",
    "throughput_bps": 31447544.364078,
    "sample_persec": 191.56642521977338,
    "result_path": "result/4GB/run 2",
    "data_path": "35.pt"
}