{
    "total_cpu_time (seconds)": 26.75495018900004,
    "total_cpu_memory (MB)": 71461.283356,
    "execution_time (seconds/batch)": 2.6791579301326074,
    "num_batches": 10,
    "batch_size": 512,
    "device": "cpu",
    "throughput_bps": 31371767.619477317,
    "sample_persec": 191.1048222434047,
    "result_path": "result/4GB/run 2",
    "data_path": "36.pt"
}