{
    "total_cpu_time (seconds)": 24.627963282000348,
    "total_cpu_memory (MB)": 71461.283356,
    "execution_time (seconds/batch)": 2.466168042320395,
    "num_batches": 10,
    "batch_size": 512,
    "device": "cpu",
    "throughput_bps": 34081181.232450895,
    "sample_persec": 207.60953479806832,
    "result_path": "result/4GB/run 2",
    "data_path": "39.pt"
}