{
    "total_cpu_time (seconds)": 24.143801836000133,
    "total_cpu_memory (MB)": 71461.283356,
    "execution_time (seconds/batch)": 2.417685613149241,
    "num_batches": 10,
    "batch_size": 512,
    "device": "cpu",
    "throughput_bps": 34764619.329689376,
    "sample_persec": 211.77277856779588,
    "result_path": "result/4GB/run 2",
    "data_path": "40.pt"
}