{
    "total_cpu_time (seconds)": 87.36299244600023,
    "total_cpu_memory (MB)": 71459.921212,
    "execution_time (seconds/batch)": 8.74825975598516,
    "num_batches": 10,
    "batch_size": 512,
    "device": "cpu",
    "throughput_bps": 9607615.953846922,
    "sample_persec": 58.52592564477901,
    "result_path": "result/4GB/run 2",
    "data_path": "5.pt"
}