{
    "total_cpu_time (seconds)": 23.31711022100014,
    "total_cpu_memory (MB)": 71461.283364,
    "execution_time (seconds/batch)": 2.334903272668115,
    "num_batches": 10,
    "batch_size": 512,
    "device": "cpu",
    "throughput_bps": 35997174.265791066,
    "sample_persec": 219.281032320852,
    "result_path": "result/4GB/run 2",
    "data_path": "7.pt"
}