{
    "total_cpu_time (seconds)": 23.836820241999867,
    "total_cpu_memory (MB)": 71461.283356,
    "execution_time (seconds/batch)": 2.3869454261498007,
    "num_batches": 10,
    "batch_size": 512,
    "device": "cpu",
    "throughput_bps": 35212334.173711926,
    "sample_persec": 214.50008634083773,
    "result_path": "result/4GB/run 2",
    "data_path": "8.pt"
}