{
    "total_cpu_time (seconds)": 24.431473370999928,
    "total_cpu_memory (MB)": 71461.283356,
    "execution_time (seconds/batch)": 2.4464921505871238,
    "num_batches": 10,
    "batch_size": 512,
    "device": "cpu",
    "throughput_bps": 34355278.83456696,
    "sample_persec": 209.27923266670902,
    "result_path": "result/4GB/run 2",
    "data_path": "9.pt"
}