{
    "total_cpu_time (seconds)": 27.093797031999983,
    "total_cpu_memory (MB)": 71461.283356,
    "execution_time (seconds/batch)": 2.7130890045734386,
    "num_batches": 10,
    "batch_size": 512,
    "device": "cpu",
    "throughput_bps": 30979418.610416956,
    "sample_persec": 188.7147819835341,
    "result_path": "result/4GB/run 2",
    "data_path": "10.pt"
}