{
    "total_cpu_time (seconds)": 23.7053956059994,
    "total_cpu_memory (MB)": 71483.247092,
    "execution_time (seconds/batch)": 0.2967231212172817,
    "num_batches": 80,
    "batch_size": 64,
    "device": "cpu",
    "throughput_bps": 35407554.21046742,
    "sample_persec": 215.68929221775966,
    "result_path": "result/2GB/Batches/64/run 3",
    "data_path": "1.pt"
}