{
    "total_cpu_time (seconds)": 25.679872490000257,
    "total_cpu_memory (MB)": 71483.242884,
    "execution_time (seconds/batch)": 0.32143787196558116,
    "num_batches": 80,
    "batch_size": 64,
    "device": "cpu",
    "throughput_bps": 32685134.255508587,
    "sample_persec": 199.1053499970065,
    "result_path": "result/2GB/Batches/64/run 3",
    "data_path": "10.pt"
}