{
    "total_cpu_time (seconds)": 24.758414083999323,
    "total_cpu_memory (MB)": 71483.242804,
    "execution_time (seconds/batch)": 0.30990387275101833,
    "num_batches": 80,
    "batch_size": 64,
    "device": "cpu",
    "throughput_bps": 33901609.25301143,
    "sample_persec": 206.5156509077207,
    "result_path": "result/2GB/Batches/64/run 3",
    "data_path": "109.pt"
}