{
    "total_cpu_time (seconds)": 36.473587551999735,
    "total_cpu_memory (MB)": 71480.624732,
    "execution_time (seconds/batch)": 0.45654402568511304,
    "num_batches": 80,
    "batch_size": 64,
    "device": "cpu",
    "throughput_bps": 23012545.14114779,
    "sample_persec": 140.1836326824305,
    "result_path": "result/2GB/Batches/64/run 3",
    "data_path": "11.pt"
}