{
    "total_cpu_time (seconds)": 24.850967283999868,
    "total_cpu_memory (MB)": 71483.25106,
    "execution_time (seconds/batch)": 0.31106237163621975,
    "num_batches": 80,
    "batch_size": 64,
    "device": "cpu",
    "throughput_bps": 33775348.4766933,
    "sample_persec": 205.74651849837537,
    "result_path": "result/2GB/Batches/64/run 3",
    "data_path": "110.pt"
}