{
    "total_cpu_time (seconds)": 22.67492445000156,
    "total_cpu_memory (MB)": 71483.251572,
    "execution_time (seconds/batch)": 0.28382459706632107,
    "num_batches": 80,
    "batch_size": 64,
    "device": "cpu",
    "throughput_bps": 37016664.90006507,
    "sample_persec": 225.49137975185837,
    "result_path": "result/2GB/Batches/64/run 3",
    "data_path": "111.pt"
}