{
    "total_cpu_time (seconds)": 22.916267267999338,
    "total_cpu_memory (MB)": 71483.247348,
    "execution_time (seconds/batch)": 0.28684551244904316,
    "num_batches": 80,
    "batch_size": 64,
    "device": "cpu",
    "throughput_bps": 36626823.65256242,
    "sample_persec": 223.11661581726617,
    "result_path": "result/2GB/Batches/64/run 3",
    "data_path": "113.pt"
}