{
    "total_cpu_time (seconds)": 22.793727426999798,
    "total_cpu_memory (MB)": 71483.251644,
    "execution_time (seconds/batch)": 0.2853116673827473,
    "num_batches": 80,
    "batch_size": 64,
    "device": "cpu",
    "throughput_bps": 36823730.681528054,
    "sample_persec": 224.31609820618942,
    "result_path": "result/2GB/Batches/64/run 3",
    "data_path": "116.pt"
}