{
    "total_cpu_time (seconds)": 24.72890029400006,
    "total_cpu_memory (MB)": 71483.247052,
    "execution_time (seconds/batch)": 0.3095344452994336,
    "num_batches": 80,
    "batch_size": 64,
    "device": "cpu",
    "throughput_bps": 33942070.614585735,
    "sample_persec": 206.7621260635096,
    "result_path": "result/2GB/Batches/64/run 3",
    "data_path": "100.pt"
}