{
    "total_cpu_time (seconds)": 54.7201292940004,
    "total_cpu_memory (MB)": 71483.234512,
    "execution_time (seconds/batch)": 0.6849380549219687,
    "num_batches": 80,
    "batch_size": 64,
    "device": "cpu",
    "throughput_bps": 15338963.756652301,
    "sample_persec": 93.4391067047533,
    "result_path": "result/2GB/Batches/64/run 3",
    "data_path": "101.pt"
}