{
    "total_cpu_time (seconds)": 37.283563592000206,
    "total_cpu_memory (MB)": 71483.247188,
    "execution_time (seconds/batch)": 0.4666825875001004,
    "num_batches": 80,
    "batch_size": 64,
    "device": "cpu",
    "throughput_bps": 22512603.386981394,
    "sample_persec": 137.13817852693344,
    "result_path": "result/2GB/Batches/64/run 3",
    "data_path": "103.pt"
}