{
    "total_cpu_time (seconds)": 23.940061078000056,
    "total_cpu_memory (MB)": 71483.251692,
    "execution_time (seconds/batch)": 0.2996604555040101,
    "num_batches": 80,
    "batch_size": 64,
    "device": "cpu",
    "throughput_bps": 35060481.97894234,
    "sample_persec": 213.57506078790414,
    "result_path": "result/2GB/Batches/64/run 3",
    "data_path": "104.pt"
}