{
    "total_cpu_time (seconds)": 51.3420052770013,
    "total_cpu_memory (MB)": 71483.2517,
    "execution_time (seconds/batch)": 0.6426536940598637,
    "num_batches": 80,
    "batch_size": 64,
    "device": "cpu",
    "throughput_bps": 16348213.8157932,
    "sample_persec": 99.5870724646272,
    "result_path": "result/2GB/Batches/64/run 3",
    "data_path": "105.pt"
}