{
    "total_cpu_time (seconds)": 64.06928507000093,
    "total_cpu_memory (MB)": 71518.20726,
    "execution_time (seconds/batch)": 0.400981248237831,
    "num_batches": 160,
    "batch_size": 32,
    "device": "cpu",
    "throughput_bps": 13100662.495030832,
    "sample_persec": 79.80423059838469,
    "result_path": "result/2GB/Batches/32/run 2",
    "data_path": "1.pt"
}