{
    "total_cpu_time (seconds)": 31.03196366300057,
    "total_cpu_memory (MB)": 71518.207332,
    "execution_time (seconds/batch)": 0.19421530162644599,
    "num_batches": 160,
    "batch_size": 32,
    "device": "cpu",
    "throughput_bps": 27047920.30292165,
    "sample_persec": 164.76559638719328,
    "result_path": "result/2GB/Batches/32/run 2",
    "data_path": "10.pt"
}