{
    "total_cpu_time (seconds)": 28.626783394999162,
    "total_cpu_memory (MB)": 71518.207116,
    "execution_time (seconds/batch)": 0.1791623447369398,
    "num_batches": 160,
    "batch_size": 32,
    "device": "cpu",
    "throughput_bps": 29320446.814385258,
    "sample_persec": 178.6089596392864,
    "result_path": "result/2GB/Batches/32/run 2",
    "data_path": "108.pt"
}