{
    "total_cpu_time (seconds)": 30.43135641300117,
    "total_cpu_memory (MB)": 71518.202724,
    "execution_time (seconds/batch)": 0.19045636714571434,
    "num_batches": 160,
    "batch_size": 32,
    "device": "cpu",
    "throughput_bps": 27581750.501315314,
    "sample_persec": 168.01748599729115,
    "result_path": "result/2GB/Batches/32/run 2",
    "data_path": "11.pt"
}