{
    "total_cpu_time (seconds)": 26.685893868999553,
    "total_cpu_memory (MB)": 71518.228044,
    "execution_time (seconds/batch)": 0.16701517774456986,
    "num_batches": 160,
    "batch_size": 32,
    "device": "cpu",
    "throughput_bps": 31452949.791389804,
    "sample_persec": 191.59935301772543,
    "result_path": "result/2GB/Batches/32/run 2",
    "data_path": "110.pt"
}