{
    "total_cpu_time (seconds)": 26.352348652000767,
    "total_cpu_memory (MB)": 71517.696924,
    "execution_time (seconds/batch)": 0.16492766611852622,
    "num_batches": 160,
    "batch_size": 32,
    "device": "cpu",
    "throughput_bps": 31851054.00221219,
    "sample_persec": 194.02445176786176,
    "result_path": "result/2GB/Batches/32/run 2",
    "data_path": "111.pt"
}