{
    "total_cpu_time (seconds)": 33.84941981800088,
    "total_cpu_memory (MB)": 71518.209428,
    "execution_time (seconds/batch)": 0.21184851049795192,
    "num_batches": 160,
    "batch_size": 32,
    "device": "cpu",
    "throughput_bps": 24796586.89906524,
    "sample_persec": 151.05133344947149,
    "result_path": "result/2GB/Batches/32/run 2",
    "data_path": "112.pt"
}