{
    "total_cpu_time (seconds)": 44.43827672799864,
    "total_cpu_memory (MB)": 71515.900476,
    "execution_time (seconds/batch)": 0.2781194710142688,
    "num_batches": 160,
    "batch_size": 32,
    "device": "cpu",
    "throughput_bps": 18887997.955851465,
    "sample_persec": 115.05846707999186,
    "result_path": "result/2GB/Batches/32/run 2",
    "data_path": "113.pt"
}