{
    "total_cpu_time (seconds)": 26.171225960000537,
    "total_cpu_memory (MB)": 71518.208996,
    "execution_time (seconds/batch)": 0.16379409949540724,
    "num_batches": 160,
    "batch_size": 32,
    "device": "cpu",
    "throughput_bps": 32071484.96913527,
    "sample_persec": 195.36723299911836,
    "result_path": "result/2GB/Batches/32/run 2",
    "data_path": "114.pt"
}