{
    "total_cpu_time (seconds)": 47.91606170800142,
    "total_cpu_memory (MB)": 71515.423932,
    "execution_time (seconds/batch)": 0.29988538522512137,
    "num_batches": 160,
    "batch_size": 32,
    "device": "cpu",
    "throughput_bps": 17517092.392003458,
    "sample_persec": 106.70743416181445,
    "result_path": "result/2GB/Batches/32/run 2",
    "data_path": "115.pt"
}