{
    "total_cpu_time (seconds)": 28.086630423999683,
    "total_cpu_memory (MB)": 71518.209236,
    "execution_time (seconds/batch)": 0.1757817667842734,
    "num_batches": 160,
    "batch_size": 32,
    "device": "cpu",
    "throughput_bps": 29884328.142217644,
    "sample_persec": 182.04390924840183,
    "result_path": "result/2GB/Batches/32/run 2",
    "data_path": "116.pt"
}