{
    "total_cpu_time (seconds)": 31.2381973790014,
    "total_cpu_memory (MB)": 71518.211564,
    "execution_time (seconds/batch)": 0.19550602701506842,
    "num_batches": 160,
    "batch_size": 32,
    "device": "cpu",
    "throughput_bps": 26869350.6804019,
    "sample_persec": 163.67781847223378,
    "result_path": "result/2GB/Batches/32/run 2",
    "data_path": "102.pt"
}