{
    "total_cpu_time (seconds)": 32.839549783998066,
    "total_cpu_memory (MB)": 71518.211596,
    "execution_time (seconds/batch)": 0.20552818171092083,
    "num_batches": 160,
    "batch_size": 32,
    "device": "cpu",
    "throughput_bps": 25559122.628684618,
    "sample_persec": 155.6964097751256,
    "result_path": "result/2GB/Batches/32/run 2",
    "data_path": "104.pt"
}