{
    "total_cpu_time (seconds)": 27.726739095001435,
    "total_cpu_memory (MB)": 71518.198348,
    "execution_time (seconds/batch)": 0.17352936652455425,
    "num_batches": 160,
    "batch_size": 32,
    "device": "cpu",
    "throughput_bps": 30272224.841301937,
    "sample_persec": 184.40682773697574,
    "result_path": "result/2GB/Batches/32/run 2",
    "data_path": "105.pt"
}