{
    "total_cpu_time (seconds)": 47.68755151999898,
    "total_cpu_memory (MB)": 71518.200788,
    "execution_time (seconds/batch)": 0.29845524127517453,
    "num_batches": 160,
    "batch_size": 32,
    "device": "cpu",
    "throughput_bps": 17601031.154807713,
    "sample_persec": 107.21875703464737,
    "result_path": "result/2GB/Batches/32/run 2",
    "data_path": "106.pt"
}