{
    "total_cpu_time (seconds)": 44.107733972999235,
    "total_cpu_memory (MB)": 71518.209484,
    "execution_time (seconds/batch)": 0.27605075046664884,
    "num_batches": 160,
    "batch_size": 32,
    "device": "cpu",
    "throughput_bps": 19029544.35414461,
    "sample_persec": 115.92071365828832,
    "result_path": "result/2GB/Batches/32/run 2",
    "data_path": "107.pt"
}