{
    "total_cpu_time (seconds)": 27.428186219000157,
    "total_cpu_memory (MB)": 71483.247348,
    "execution_time (seconds/batch)": 0.34332171289184626,
    "num_batches": 80,
    "batch_size": 64,
    "device": "cpu",
    "throughput_bps": 30601734.773791283,
    "sample_persec": 186.41407635106776,
    "result_path": "result/Batches/64/run 2",
    "data_path": "10.pt"
}