{
    "total_cpu_time (seconds)": 27.60543656499955,
    "total_cpu_memory (MB)": 71483.251612,
    "execution_time (seconds/batch)": 0.34554037554468436,
    "num_batches": 80,
    "batch_size": 64,
    "device": "cpu",
    "throughput_bps": 30405245.648757365,
    "sample_persec": 185.21713967322955,
    "result_path": "result/Batches/64/run 2",
    "data_path": "109.pt"
}