{
    "total_cpu_time (seconds)": 31.446742734000164,
    "total_cpu_memory (MB)": 71483.251684,
    "execution_time (seconds/batch)": 0.39362243985449064,
    "num_batches": 80,
    "batch_size": 64,
    "device": "cpu",
    "throughput_bps": 26691161.21500546,
    "sample_persec": 162.59235632922432,
    "result_path": "result/Batches/64/run 2",
    "data_path": "110.pt"
}