{
    "total_cpu_time (seconds)": 25.562258042000337,
    "total_cpu_memory (MB)": 71483.242996,
    "execution_time (seconds/batch)": 0.31996567860121683,
    "num_batches": 80,
    "batch_size": 64,
    "device": "cpu",
    "throughput_bps": 32835521.753238585,
    "sample_persec": 200.0214531751863,
    "result_path": "result/Batches/64/run 2",
    "data_path": "111.pt"
}