{
    "total_cpu_time (seconds)": 24.07071567899986,
    "total_cpu_memory (MB)": 71483.229012,
    "execution_time (seconds/batch)": 0.3012958739401508,
    "num_batches": 80,
    "batch_size": 64,
    "device": "cpu",
    "throughput_bps": 34870175.49429486,
    "sample_persec": 212.41578639312172,
    "result_path": "result/Batches/64/run 2",
    "data_path": "116.pt"
}