{
    "total_cpu_time (seconds)": 23.028718848000135,
    "total_cpu_memory (MB)": 71483.24726,
    "execution_time (seconds/batch)": 0.2882530816100154,
    "num_batches": 80,
    "batch_size": 64,
    "device": "cpu",
    "throughput_bps": 36447971.14160308,
    "sample_persec": 222.0271146540149,
    "result_path": "result/Batches/64/run 2",
    "data_path": "12.pt"
}