{
    "total_cpu_time (seconds)": 26.86439101600072,
    "total_cpu_memory (MB)": 71483.247124,
    "execution_time (seconds/batch)": 0.33626462449130573,
    "num_batches": 80,
    "batch_size": 64,
    "device": "cpu",
    "throughput_bps": 31243964.529107474,
    "sample_persec": 190.32629464612253,
    "result_path": "result/Batches/64/run 2",
    "data_path": "125.pt"
}