{
    "total_cpu_time (seconds)": 24.727762629999894,
    "total_cpu_memory (MB)": 71483.247308,
    "execution_time (seconds/batch)": 0.3095202050303136,
    "num_batches": 80,
    "batch_size": 64,
    "device": "cpu",
    "throughput_bps": 33943632.2064049,
    "sample_persec": 206.7716386842404,
    "result_path": "result/Batches/64/run 2",
    "data_path": "101.pt"
}