{
    "total_cpu_time (seconds)": 24.09387444000001,
    "total_cpu_memory (MB)": 71483.238644,
    "execution_time (seconds/batch)": 0.3015857547741054,
    "num_batches": 80,
    "batch_size": 64,
    "device": "cpu",
    "throughput_bps": 34836658.67397953,
    "sample_persec": 212.21161472940744,
    "result_path": "result/Batches/64/run 2",
    "data_path": "129.pt"
}