{
    "total_cpu_time (seconds)": 29.497559156000204,
    "total_cpu_memory (MB)": 71483.251676,
    "execution_time (seconds/batch)": 0.3692242882816376,
    "num_batches": 80,
    "batch_size": 64,
    "device": "cpu",
    "throughput_bps": 28454899.45663063,
    "sample_persec": 173.33637583230157,
    "result_path": "result/Batches/64/run 2",
    "data_path": "13.pt"
}