{
    "total_cpu_time (seconds)": 24.535111699000183,
    "total_cpu_memory (MB)": 71483.23414,
    "execution_time (seconds/batch)": 0.30710877151105254,
    "num_batches": 80,
    "batch_size": 64,
    "device": "cpu",
    "throughput_bps": 34210159.31360948,
    "sample_persec": 208.39521999031115,
    "result_path": "result/Batches/64/run 2",
    "data_path": "102.pt"
}