{
    "total_cpu_time (seconds)": 23.707834220999587,
    "total_cpu_memory (MB)": 71483.251404,
    "execution_time (seconds/batch)": 0.2967536456373897,
    "num_batches": 80,
    "batch_size": 64,
    "device": "cpu",
    "throughput_bps": 35403912.14885974,
    "sample_persec": 215.66710616995456,
    "result_path": "result/Batches/64/run 2",
    "data_path": "18.pt"
}