{
    "total_cpu_time (seconds)": 26.361247501999316,
    "total_cpu_memory (MB)": 71483.251692,
    "execution_time (seconds/batch)": 0.3299667201501968,
    "num_batches": 80,
    "batch_size": 64,
    "device": "cpu",
    "throughput_bps": 31840301.940806907,
    "sample_persec": 193.95895431778087,
    "result_path": "result/Batches/64/run 2",
    "data_path": "25.pt"
}