{
    "total_cpu_time (seconds)": 25.59242449499994,
    "total_cpu_memory (MB)": 71483.248604,
    "execution_time (seconds/batch)": 0.3203432755094849,
    "num_batches": 80,
    "batch_size": 64,
    "device": "cpu",
    "throughput_bps": 32796817.674073283,
    "sample_persec": 199.78568271243472,
    "result_path": "result/Batches/64/run 2",
    "data_path": "29.pt"
}