{
    "total_cpu_time (seconds)": 26.894953458999964,
    "total_cpu_memory (MB)": 71483.253828,
    "execution_time (seconds/batch)": 0.3366471780512415,
    "num_batches": 80,
    "batch_size": 64,
    "device": "cpu",
    "throughput_bps": 31208460.028739147,
    "sample_persec": 190.11001479495093,
    "result_path": "result/Batches/64/run 2",
    "data_path": "31.pt"
}