{
    "total_cpu_time (seconds)": 28.492107145999675,
    "total_cpu_memory (MB)": 71483.251508,
    "execution_time (seconds/batch)": 0.35663893161431237,
    "num_batches": 80,
    "batch_size": 64,
    "device": "cpu",
    "throughput_bps": 29459038.452262934,
    "sample_persec": 179.45320694604615,
    "result_path": "result/Batches/64/run 2",
    "data_path": "33.pt"
}