{
    "total_cpu_time (seconds)": 23.592515261999097,
    "total_cpu_memory (MB)": 71483.251516,
    "execution_time (seconds/batch)": 0.29531018516877416,
    "num_batches": 80,
    "batch_size": 64,
    "device": "cpu",
    "throughput_bps": 35576964.58723741,
    "sample_persec": 216.7212755070505,
    "result_path": "result/Batches/64/run 2",
    "data_path": "104.pt"
}