{
    "total_cpu_time (seconds)": 32.836705714001475,
    "total_cpu_memory (MB)": 71483.25158,
    "execution_time (seconds/batch)": 0.41102076387562964,
    "num_batches": 80,
    "batch_size": 64,
    "device": "cpu",
    "throughput_bps": 25561336.368833844,
    "sample_persec": 155.70989503431923,
    "result_path": "result/Batches/64/run 2",
    "data_path": "37.pt"
}