{
    "total_cpu_time (seconds)": 23.316998412999652,
    "total_cpu_memory (MB)": 71483.251588,
    "execution_time (seconds/batch)": 0.29186150957011103,
    "num_batches": 80,
    "batch_size": 64,
    "device": "cpu",
    "throughput_bps": 35997346.87686246,
    "sample_persec": 219.28208380155007,
    "result_path": "result/Batches/64/run 2",
    "data_path": "39.pt"
}