{
    "total_cpu_time (seconds)": 25.38771412399955,
    "total_cpu_memory (MB)": 71483.251556,
    "execution_time (seconds/batch)": 0.31778089261411524,
    "num_batches": 80,
    "batch_size": 64,
    "device": "cpu",
    "throughput_bps": 33061270.341253147,
    "sample_persec": 201.39662732244852,
    "result_path": "result/Batches/64/run 2",
    "data_path": "42.pt"
}