{
    "total_cpu_time (seconds)": 37.80684219200007,
    "total_cpu_memory (MB)": 71483.238268,
    "execution_time (seconds/batch)": 0.4732325249927644,
    "num_batches": 80,
    "batch_size": 64,
    "device": "cpu",
    "throughput_bps": 22201009.958393365,
    "sample_persec": 135.2400704093163,
    "result_path": "result/Batches/64/run 2",
    "data_path": "48.pt"
}