{
    "total_cpu_time (seconds)": 24.866713760999243,
    "total_cpu_memory (MB)": 71483.247052,
    "execution_time (seconds/batch)": 0.3112594720719639,
    "num_batches": 80,
    "batch_size": 64,
    "device": "cpu",
    "throughput_bps": 33753960.73913193,
    "sample_persec": 205.61623257268474,
    "result_path": "result/Batches/64/run 2",
    "data_path": "49.pt"
}