{
    "total_cpu_time (seconds)": 21.484718760999876,
    "total_cpu_memory (MB)": 71461.283356,
    "execution_time (seconds/batch)": 2.151413261418333,
    "num_batches": 10,
    "batch_size": 512,
    "device": "cpu",
    "throughput_bps": 39067305.899467014,
    "sample_persec": 237.9831012394433,
    "result_path": "result/Batches/512/run 3",
    "data_path": "10.pt"
}