{
    "total_cpu_time (seconds)": 24.669000877999892,
    "total_cpu_memory (MB)": 71461.283356,
    "execution_time (seconds/batch)": 2.470277420210433,
    "num_batches": 10,
    "batch_size": 512,
    "device": "cpu",
    "throughput_bps": 34024486.202379696,
    "sample_persec": 207.26417033613365,
    "result_path": "result/Batches/512/run 3",
    "data_path": "109.pt"
}