{
    "total_cpu_time (seconds)": 29.2881985249998,
    "total_cpu_memory (MB)": 71461.283356,
    "execution_time (seconds/batch)": 2.9328295804419904,
    "num_batches": 10,
    "batch_size": 512,
    "device": "cpu",
    "throughput_bps": 28658303.421548724,
    "sample_persec": 174.57543507278706,
    "result_path": "result/Batches/512/run 3",
    "data_path": "11.pt"
}