{
    "total_cpu_time (seconds)": 23.247504923000143,
    "total_cpu_memory (MB)": 71461.283364,
    "execution_time (seconds/batch)": 2.327933213490333,
    "num_batches": 10,
    "batch_size": 512,
    "device": "cpu",
    "throughput_bps": 36104953.31778943,
    "sample_persec": 219.9375811268849,
    "result_path": "result/Batches/512/run 3",
    "data_path": "110.pt"
}