{
    "total_cpu_time (seconds)": 24.804257730999947,
    "total_cpu_memory (MB)": 71461.283356,
    "execution_time (seconds/batch)": 2.483821622975156,
    "num_batches": 10,
    "batch_size": 512,
    "device": "cpu",
    "throughput_bps": 33838951.7276703,
    "sample_persec": 206.13396520266994,
    "result_path": "result/Batches/512/run 3",
    "data_path": "111.pt"
}