{
    "total_cpu_time (seconds)": 42.35174914599997,
    "total_cpu_memory (MB)": 71461.283356,
    "execution_time (seconds/batch)": 4.240973120037548,
    "num_batches": 10,
    "batch_size": 512,
    "device": "cpu",
    "throughput_bps": 19818545.79621949,
    "sample_persec": 120.72700899256512,
    "result_path": "result/Batches/512/run 3",
    "data_path": "113.pt"
}