{
    "total_cpu_time (seconds)": 20.588908430000128,
    "total_cpu_memory (MB)": 71461.283356,
    "execution_time (seconds/batch)": 2.0617095865754087,
    "num_batches": 10,
    "batch_size": 512,
    "device": "cpu",
    "throughput_bps": 40767099.569833525,
    "sample_persec": 248.3375948454771,
    "result_path": "result/Batches/512/run 3",
    "data_path": "116.pt"
}