{
    "total_cpu_time (seconds)": 36.2339107860003,
    "total_cpu_memory (MB)": 71461.283356,
    "execution_time (seconds/batch)": 3.628351715711354,
    "num_batches": 10,
    "batch_size": 512,
    "device": "cpu",
    "throughput_bps": 23164766.424393244,
    "sample_persec": 141.11090658134287,
    "result_path": "result/Batches/512/run 3",
    "data_path": "100.pt"
}