{
    "total_cpu_time (seconds)": 25.154611933999977,
    "total_cpu_memory (MB)": 71461.283364,
    "execution_time (seconds/batch)": 2.5189050088417737,
    "num_batches": 10,
    "batch_size": 512,
    "device": "cpu",
    "throughput_bps": 33367641.774886653,
    "sample_persec": 203.26292504195087,
    "result_path": "result/Batches/512/run 3",
    "data_path": "117.pt"
}