{
    "total_cpu_time (seconds)": 20.09458928400013,
    "total_cpu_memory (MB)": 71461.283356,
    "execution_time (seconds/batch)": 2.0122099967549514,
    "num_batches": 10,
    "batch_size": 512,
    "device": "cpu",
    "throughput_bps": 41769954.49557727,
    "sample_persec": 254.44660389606037,
    "result_path": "result/Batches/512/run 3",
    "data_path": "120.pt"
}