{
    "total_cpu_time (seconds)": 22.556218477000133,
    "total_cpu_memory (MB)": 71461.283356,
    "execution_time (seconds/batch)": 2.2587099276792624,
    "num_batches": 10,
    "batch_size": 512,
    "device": "cpu",
    "throughput_bps": 37211471.455459565,
    "sample_persec": 226.6780668583063,
    "result_path": "result/Batches/512/run 3",
    "data_path": "123.pt"
}