{
    "total_cpu_time (seconds)": 21.75779705000008,
    "total_cpu_memory (MB)": 71461.283356,
    "execution_time (seconds/batch)": 2.178758476354399,
    "num_batches": 10,
    "batch_size": 512,
    "device": "cpu",
    "throughput_bps": 38576979.00532614,
    "sample_persec": 234.99621713770796,
    "result_path": "result/Batches/512/run 3",
    "data_path": "101.pt"
}