{
    "total_cpu_time (seconds)": 21.582733333999947,
    "total_cpu_memory (MB)": 71461.283356,
    "execution_time (seconds/batch)": 2.1612281374942253,
    "num_batches": 10,
    "batch_size": 512,
    "device": "cpu",
    "throughput_bps": 38889887.903018564,
    "sample_persec": 236.90233859051267,
    "result_path": "result/Batches/512/run 3",
    "data_path": "126.pt"
}