{
    "total_cpu_time (seconds)": 21.588173970000074,
    "total_cpu_memory (MB)": 71461.283356,
    "execution_time (seconds/batch)": 2.1617729459495476,
    "num_batches": 10,
    "batch_size": 512,
    "device": "cpu",
    "throughput_bps": 38880086.9015786,
    "sample_persec": 236.84263463437256,
    "result_path": "result/Batches/512/run 3",
    "data_path": "127.pt"
}