{
    "total_cpu_time (seconds)": 21.586445589999915,
    "total_cpu_memory (MB)": 71461.283356,
    "execution_time (seconds/batch)": 2.1615998713240674,
    "num_batches": 10,
    "batch_size": 512,
    "device": "cpu",
    "throughput_bps": 38883199.946027026,
    "sample_persec": 236.86159811176307,
    "result_path": "result/Batches/512/run 3",
    "data_path": "128.pt"
}