{
    "total_cpu_time (seconds)": 1.3722850289999982,
    "total_cpu_memory (MB)": 3359.010012,
    "execution_time (seconds/batch)": 2.927541395199996,
    "num_batches": 1,
    "batch_size": 512,
    "device": "cpu",
    "throughput_bps": 28710070.551968437,
    "sample_persec": 174.89078065282916,
    "result_path": "result/Batches/512/run 3",
    "data_path": "130.pt"
}