{
    "total_cpu_time (seconds)": 25.02051832799998,
    "total_cpu_memory (MB)": 71461.283356,
    "execution_time (seconds/batch)": 2.505477290032464,
    "num_batches": 10,
    "batch_size": 512,
    "device": "cpu",
    "throughput_bps": 33546470.50060108,
    "sample_persec": 204.35228131457774,
    "result_path": "result/Batches/512/run 3",
    "data_path": "17.pt"
}