{
    "total_cpu_time (seconds)": 19.946105911999968,
    "total_cpu_memory (MB)": 71461.283356,
    "execution_time (seconds/batch)": 1.9973413313013855,
    "num_batches": 10,
    "batch_size": 512,
    "device": "cpu",
    "throughput_bps": 42080899.585268445,
    "sample_persec": 256.3407625808263,
    "result_path": "result/Batches/512/run 3",
    "data_path": "2.pt"
}