{
    "total_cpu_time (seconds)": 20.428153936000037,
    "total_cpu_memory (MB)": 71461.283356,
    "execution_time (seconds/batch)": 2.0456121289325284,
    "num_batches": 10,
    "batch_size": 512,
    "device": "cpu",
    "throughput_bps": 41087906.554337926,
    "sample_persec": 250.2918284255478,
    "result_path": "result/Batches/512/run 3",
    "data_path": "20.pt"
}