{
    "total_cpu_time (seconds)": 21.108289505999927,
    "total_cpu_memory (MB)": 71461.283332,
    "execution_time (seconds/batch)": 2.113718800522582,
    "num_batches": 10,
    "batch_size": 512,
    "device": "cpu",
    "throughput_bps": 39764002.65693811,
    "sample_persec": 242.22711170162106,
    "result_path": "result/Batches/512/run 3",
    "data_path": "21.pt"
}