{
    "total_cpu_time (seconds)": 22.190842170000217,
    "total_cpu_memory (MB)": 71461.283356,
    "execution_time (seconds/batch)": 2.2221222747975964,
    "num_batches": 10,
    "batch_size": 512,
    "device": "cpu",
    "throughput_bps": 37824165.192554824,
    "sample_persec": 230.4103630150757,
    "result_path": "result/Batches/512/run 3",
    "data_path": "22.pt"
}