{
    "total_cpu_time (seconds)": 21.938753260000073,
    "total_cpu_memory (MB)": 71461.283356,
    "execution_time (seconds/batch)": 2.1968788713319065,
    "num_batches": 10,
    "batch_size": 512,
    "device": "cpu",
    "throughput_bps": 38258786.634441465,
    "sample_persec": 233.057910784853,
    "result_path": "result/Batches/512/run 3",
    "data_path": "26.pt"
}