{
    "total_cpu_time (seconds)": 20.6308532659999,
    "total_cpu_memory (MB)": 71461.283356,
    "execution_time (seconds/batch)": 2.0659098126720026,
    "num_batches": 10,
    "batch_size": 512,
    "device": "cpu",
    "throughput_bps": 40684215.489199735,
    "sample_persec": 247.83269669346816,
    "result_path": "result/Batches/512/run 3",
    "data_path": "27.pt"
}