{
    "total_cpu_time (seconds)": 21.154462380000204,
    "total_cpu_memory (MB)": 71461.283364,
    "execution_time (seconds/batch)": 2.1183424092626844,
    "num_batches": 10,
    "batch_size": 512,
    "device": "cpu",
    "throughput_bps": 39677211.593594365,
    "sample_persec": 241.6984137036694,
    "result_path": "result/Batches/512/run 3",
    "data_path": "28.pt"
}