{
    "total_cpu_time (seconds)": 21.335309443000103,
    "total_cpu_memory (MB)": 71461.283356,
    "execution_time (seconds/batch)": 2.136451874597311,
    "num_batches": 10,
    "batch_size": 512,
    "device": "cpu",
    "throughput_bps": 39340890.84774827,
    "sample_persec": 239.64967621679014,
    "result_path": "result/Batches/512/run 3",
    "data_path": "3.pt"
}