{
    "total_cpu_time (seconds)": 21.980544596000083,
    "total_cpu_memory (MB)": 71461.283356,
    "execution_time (seconds/batch)": 2.201063726413464,
    "num_batches": 10,
    "batch_size": 512,
    "device": "cpu",
    "throughput_bps": 38186045.67935687,
    "sample_persec": 232.61480067834353,
    "result_path": "result/Batches/512/run 3",
    "data_path": "32.pt"
}