{
    "total_cpu_time (seconds)": 21.075417815000087,
    "total_cpu_memory (MB)": 71461.283356,
    "execution_time (seconds/batch)": 2.1104271310933003,
    "num_batches": 10,
    "batch_size": 512,
    "device": "cpu",
    "throughput_bps": 39826023.25457131,
    "sample_persec": 242.6049174864237,
    "result_path": "result/Batches/512/run 3",
    "data_path": "34.pt"
}