{
    "total_cpu_time (seconds)": 26.110892096999894,
    "total_cpu_memory (MB)": 71461.281308,
    "execution_time (seconds/batch)": 2.614663945563064,
    "num_batches": 10,
    "batch_size": 512,
    "device": "cpu",
    "throughput_bps": 32145591.842740607,
    "sample_persec": 195.8186637593848,
    "result_path": "result/Batches/512/run 3",
    "data_path": "35.pt"
}