{
    "total_cpu_time (seconds)": 22.63253894799997,
    "total_cpu_memory (MB)": 71461.283356,
    "execution_time (seconds/batch)": 2.2663524235040065,
    "num_batches": 10,
    "batch_size": 512,
    "device": "cpu",
    "throughput_bps": 37085988.537497826,
    "sample_persec": 225.91367286487468,
    "result_path": "result/Batches/512/run 3",
    "data_path": "36.pt"
}