{
    "total_cpu_time (seconds)": 20.64680172000009,
    "total_cpu_memory (MB)": 71461.283324,
    "execution_time (seconds/batch)": 2.067506841509886,
    "num_batches": 10,
    "batch_size": 512,
    "device": "cpu",
    "throughput_bps": 40652789.29796378,
    "sample_persec": 247.64126034334666,
    "result_path": "result/Batches/512/run 3",
    "data_path": "37.pt"
}