{
    "total_cpu_time (seconds)": 20.625324900999924,
    "total_cpu_memory (MB)": 71461.283356,
    "execution_time (seconds/batch)": 2.065356219306075,
    "num_batches": 10,
    "batch_size": 512,
    "device": "cpu",
    "throughput_bps": 40695120.39343962,
    "sample_persec": 247.89912520370137,
    "result_path": "result/Batches/512/run 3",
    "data_path": "4.pt"
}