{
    "total_cpu_time (seconds)": 20.567966822999903,
    "total_cpu_memory (MB)": 71461.283356,
    "execution_time (seconds/batch)": 2.0596125588452865,
    "num_batches": 10,
    "batch_size": 512,
    "device": "cpu",
    "throughput_bps": 40808607.24947329,
    "sample_persec": 248.59044377115796,
    "result_path": "result/Batches/512/run 3",
    "data_path": "41.pt"
}