{
    "total_cpu_time (seconds)": 20.909009653999995,
    "total_cpu_memory (MB)": 71461.283356,
    "execution_time (seconds/batch)": 2.093763532729904,
    "num_batches": 10,
    "batch_size": 512,
    "device": "cpu",
    "throughput_bps": 40142985.91322465,
    "sample_persec": 244.53573290219694,
    "result_path": "result/Batches/512/run 3",
    "data_path": "42.pt"
}