{
    "total_cpu_time (seconds)": 20.543810518999972,
    "total_cpu_memory (MB)": 71461.283356,
    "execution_time (seconds/batch)": 2.057193621304124,
    "num_batches": 10,
    "batch_size": 512,
    "device": "cpu",
    "throughput_bps": 40856591.78095154,
    "sample_persec": 248.88274720365214,
    "result_path": "result/Batches/512/run 3",
    "data_path": "49.pt"
}