{
    "total_cpu_time (seconds)": 19.431013021999878,
    "total_cpu_memory (MB)": 71461.283372,
    "execution_time (seconds/batch)": 1.9457615230322585,
    "num_batches": 10,
    "batch_size": 512,
    "device": "cpu",
    "throughput_bps": 43196413.848813966,
    "sample_persec": 263.1360492739642,
    "result_path": "result/Batches/512/run 3",
    "data_path": "50.pt"
}