{
    "total_cpu_time (seconds)": 38.73409167300014,
    "total_cpu_memory (MB)": 71461.283364,
    "execution_time (seconds/batch)": 3.878712093991017,
    "num_batches": 10,
    "batch_size": 512,
    "device": "cpu",
    "throughput_bps": 21669543.385344822,
    "sample_persec": 132.00257910175938,
    "result_path": "result/Batches/512/run 3",
    "data_path": "52.pt"
}