{
    "total_cpu_time (seconds)": 28.76804193399993,
    "total_cpu_memory (MB)": 71461.283364,
    "execution_time (seconds/batch)": 2.880742708822211,
    "num_batches": 10,
    "batch_size": 512,
    "device": "cpu",
    "throughput_bps": 29176475.82430704,
    "sample_persec": 177.73194337419005,
    "result_path": "result/Batches/512/run 3",
    "data_path": "106.pt"
}