{
    "total_cpu_time (seconds)": 34.69437951400077,
    "total_cpu_memory (MB)": 71518.211748,
    "execution_time (seconds/batch)": 0.21713673859730584,
    "num_batches": 160,
    "batch_size": 32,
    "device": "cpu",
    "throughput_bps": 24192681.689588476,
    "sample_persec": 147.37257364515398,
    "result_path": "result/2GB/Batches/32/run 3",
    "data_path": "1.pt"
}