{
    "total_cpu_time (seconds)": 31.298662168001155,
    "total_cpu_memory (MB)": 71518.211716,
    "execution_time (seconds/batch)": 0.19588444932056268,
    "num_batches": 160,
    "batch_size": 32,
    "device": "cpu",
    "throughput_bps": 26817442.723099113,
    "sample_persec": 163.36161502862518,
    "result_path": "result/2GB/Batches/32/run 3",
    "data_path": "10.pt"
}