{
    "total_cpu_time (seconds)": 26.583488295999608,
    "total_cpu_memory (MB)": 71518.115876,
    "execution_time (seconds/batch)": 0.1663742666677073,
    "num_batches": 160,
    "batch_size": 32,
    "device": "cpu",
    "throughput_bps": 31574113.62474611,
    "sample_persec": 192.33743679791735,
    "result_path": "result/2GB/Batches/32/run 3",
    "data_path": "109.pt"
}