{
    "total_cpu_time (seconds)": 31.01559929000024,
    "total_cpu_memory (MB)": 71518.207108,
    "execution_time (seconds/batch)": 0.1941128842714664,
    "num_batches": 160,
    "batch_size": 32,
    "device": "cpu",
    "throughput_bps": 27062191.259048652,
    "sample_persec": 164.8525295994679,
    "result_path": "result/2GB/Batches/32/run 3",
    "data_path": "110.pt"
}