{
    "total_cpu_time (seconds)": 30.017840937001207,
    "total_cpu_memory (MB)": 71518.202412,
    "execution_time (seconds/batch)": 0.18786835712576544,
    "num_batches": 160,
    "batch_size": 32,
    "device": "cpu",
    "throughput_bps": 27961707.23142793,
    "sample_persec": 170.33203722848398,
    "result_path": "result/2GB/Batches/32/run 3",
    "data_path": "112.pt"
}