{
    "total_cpu_time (seconds)": 28.850939667000596,
    "total_cpu_memory (MB)": 71518.205068,
    "execution_time (seconds/batch)": 0.18056523945707395,
    "num_batches": 160,
    "batch_size": 32,
    "device": "cpu",
    "throughput_bps": 29092642.72456401,
    "sample_persec": 177.2212641603558,
    "result_path": "result/2GB/Batches/32/run 3",
    "data_path": "113.pt"
}