{
    "total_cpu_time (seconds)": 28.275240662000087,
    "total_cpu_memory (MB)": 71518.211532,
    "execution_time (seconds/batch)": 0.17696219463798216,
    "num_batches": 160,
    "batch_size": 32,
    "device": "cpu",
    "throughput_bps": 29684984.472228624,
    "sample_persec": 180.82958377332253,
    "result_path": "result/2GB/Batches/32/run 3",
    "data_path": "114.pt"
}