{
    "total_cpu_time (seconds)": 43.92627492899978,
    "total_cpu_memory (MB)": 71516.918748,
    "execution_time (seconds/batch)": 0.2749150787654983,
    "num_batches": 160,
    "batch_size": 32,
    "device": "cpu",
    "throughput_bps": 19108155.229567796,
    "sample_persec": 116.39958107680188,
    "result_path": "result/2GB/Batches/32/run 3",
    "data_path": "115.pt"
}