{
    "total_cpu_time (seconds)": 26.785543438000293,
    "total_cpu_memory (MB)": 71518.215876,
    "execution_time (seconds/batch)": 0.1676388402143574,
    "num_batches": 160,
    "batch_size": 32,
    "device": "cpu",
    "throughput_bps": 31335936.190461054,
    "sample_persec": 190.88655086781833,
    "result_path": "result/2GB/Batches/32/run 3",
    "data_path": "116.pt"
}