{
    "total_cpu_time (seconds)": 80.26171072499773,
    "total_cpu_memory (MB)": 71518.20262,
    "execution_time (seconds/batch)": 0.5023224610209128,
    "num_batches": 160,
    "batch_size": 32,
    "device": "cpu",
    "throughput_bps": 10457664.961514235,
    "sample_persec": 63.70409942442882,
    "result_path": "result/2GB/Batches/32/run 3",
    "data_path": "101.pt"
}