{
    "total_cpu_time (seconds)": 59.02210617400131,
    "total_cpu_memory (MB)": 71518.209628,
    "execution_time (seconds/batch)": 0.3693931933440332,
    "num_batches": 160,
    "batch_size": 32,
    "device": "cpu",
    "throughput_bps": 14220944.225974198,
    "sample_persec": 86.62855888142177,
    "result_path": "result/2GB/Batches/32/run 3",
    "data_path": "102.pt"
}