{
    "total_cpu_time (seconds)": 25.95647212400049,
    "total_cpu_memory (MB)": 71518.199564,
    "execution_time (seconds/batch)": 0.16245005045335728,
    "num_batches": 160,
    "batch_size": 32,
    "device": "cpu",
    "throughput_bps": 32336832.062162258,
    "sample_persec": 196.98362610966288,
    "result_path": "result/2GB/Batches/32/run 3",
    "data_path": "103.pt"
}