{
    "total_cpu_time (seconds)": 38.76148690599982,
    "total_cpu_memory (MB)": 71518.209468,
    "execution_time (seconds/batch)": 0.24259096049129555,
    "num_batches": 160,
    "batch_size": 32,
    "device": "cpu",
    "throughput_bps": 21654228.126890525,
    "sample_persec": 131.90928439869958,
    "result_path": "result/2GB/Batches/32/run 3",
    "data_path": "104.pt"
}