{
    "total_cpu_time (seconds)": 36.41506098299899,
    "total_cpu_memory (MB)": 71518.207052,
    "execution_time (seconds/batch)": 0.2279057209966688,
    "num_batches": 160,
    "batch_size": 32,
    "device": "cpu",
    "throughput_bps": 23049531.08253383,
    "sample_persec": 140.4089369062733,
    "result_path": "result/2GB/Batches/32/run 3",
    "data_path": "105.pt"
}