{
    "total_cpu_time (seconds)": 21.292488914999968,
    "total_cpu_memory (MB)": 71461.283364,
    "execution_time (seconds/batch)": 2.132163959413257,
    "num_batches": 10,
    "batch_size": 512,
    "device": "cpu",
    "throughput_bps": 39420007.84176532,
    "sample_persec": 240.1316267164067,
    "result_path": "result/total/run 3",
    "data_path": "1.pt"
}