{
    "total_cpu_time (seconds)": 25.513159493000003,
    "total_cpu_memory (MB)": 71461.283356,
    "execution_time (seconds/batch)": 2.5548088520273815,
    "num_batches": 10,
    "batch_size": 512,
    "device": "cpu",
    "throughput_bps": 32898711.75031422,
    "sample_persec": 200.40638249460417,
    "result_path": "result/total/run 3",
    "data_path": "1.pt"
}