{
    "total_cpu_time (seconds)": 23.959527723000022,
    "total_cpu_memory (MB)": 71461.283356,
    "execution_time (seconds/batch)": 2.3992329736311384,
    "num_batches": 10,
    "batch_size": 512,
    "device": "cpu",
    "throughput_bps": 35031996.02696105,
    "sample_persec": 213.40153525195575,
    "result_path": "result/total/run 3",
    "data_path": "10.pt"
}