{
    "total_cpu_time (seconds)": 21.32738213100011,
    "total_cpu_memory (MB)": 71461.283356,
    "execution_time (seconds/batch)": 2.1356580581013214,
    "num_batches": 10,
    "batch_size": 512,
    "device": "cpu",
    "throughput_bps": 39355513.71679953,
    "sample_persec": 239.73875314814526,
    "result_path": "result/total/run 3",
    "data_path": "101.pt"
}