{
    "total_cpu_time (seconds)": 28.355396306000046,
    "total_cpu_memory (MB)": 71461.283356,
    "execution_time (seconds/batch)": 2.839421652390382,
    "num_batches": 10,
    "batch_size": 512,
    "device": "cpu",
    "throughput_bps": 29601070.31981042,
    "sample_persec": 180.3184108175586,
    "result_path": "result/total/run 3",
    "data_path": "73.pt"
}