{
    "total_cpu_time (seconds)": 20.65253953599998,
    "total_cpu_memory (MB)": 71461.24854,
    "execution_time (seconds/batch)": 2.068081408650888,
    "num_batches": 10,
    "batch_size": 512,
    "device": "cpu",
    "throughput_bps": 40641494.88913491,
    "sample_persec": 247.5724591199739,
    "result_path": "result/total/run 3",
    "data_path": "104.pt"
}