{
    "total_cpu_time (seconds)": 24.47779429499987,
    "total_cpu_memory (MB)": 71461.283364,
    "execution_time (seconds/batch)": 2.4511305845961147,
    "num_batches": 10,
    "batch_size": 512,
    "device": "cpu",
    "throughput_bps": 34290266.10340686,
    "sample_persec": 208.8831999476539,
    "result_path": "result/total/run 3",
    "data_path": "75.pt"
}