{
    "total_cpu_time (seconds)": 22.326681179000257,
    "total_cpu_memory (MB)": 71461.283356,
    "execution_time (seconds/batch)": 2.235724772862924,
    "num_batches": 10,
    "batch_size": 512,
    "device": "cpu",
    "throughput_bps": 37594037.07477424,
    "sample_persec": 229.00851044574955,
    "result_path": "result/total/run 3",
    "data_path": "105.pt"
}