{
    "total_cpu_time (seconds)": 20.69979132400009,
    "total_cpu_memory (MB)": 71461.283356,
    "execution_time (seconds/batch)": 2.0728130565006935,
    "num_batches": 10,
    "batch_size": 512,
    "device": "cpu",
    "throughput_bps": 40548721.81377148,
    "sample_persec": 247.00732099032334,
    "result_path": "result/total/run 3",
    "data_path": "76.pt"
}