{
    "total_cpu_time (seconds)": 20.358264054000045,
    "total_cpu_memory (MB)": 71461.283364,
    "execution_time (seconds/batch)": 2.0386135723935115,
    "num_batches": 10,
    "batch_size": 512,
    "device": "cpu",
    "throughput_bps": 41228961.25984191,
    "sample_persec": 251.15107979923192,
    "result_path": "result/total/run 3",
    "data_path": "106.pt"
}