{
    "total_cpu_time (seconds)": 23.63236791600002,
    "total_cpu_memory (MB)": 71461.283372,
    "execution_time (seconds/batch)": 2.366472202814788,
    "num_batches": 10,
    "batch_size": 512,
    "device": "cpu",
    "throughput_bps": 35516969.05631398,
    "sample_persec": 216.35580565493407,
    "result_path": "result/total/run 3",
    "data_path": "77.pt"
}