{
    "total_cpu_time (seconds)": 77.96088696499991,
    "total_cpu_memory (MB)": 71461.283356,
    "execution_time (seconds/batch)": 7.806762003927235,
    "num_batches": 10,
    "batch_size": 512,
    "device": "cpu",
    "throughput_bps": 10766297.212303668,
    "sample_persec": 65.58416917826308,
    "result_path": "result/total/run 3",
    "data_path": "78.pt"
}