{
    "total_cpu_time (seconds)": 30.79780356600012,
    "total_cpu_memory (MB)": 71461.283364,
    "execution_time (seconds/batch)": 3.083996758418162,
    "num_batches": 10,
    "batch_size": 512,
    "device": "cpu",
    "throughput_bps": 27253569.502164695,
    "sample_persec": 166.01833273735804,
    "result_path": "result/total/run 3",
    "data_path": "79.pt"
}