{
    "total_cpu_time (seconds)": 20.643110726999918,
    "total_cpu_memory (MB)": 71461.283356,
    "execution_time (seconds/batch)": 2.0671372368910537,
    "num_batches": 10,
    "batch_size": 512,
    "device": "cpu",
    "throughput_bps": 40660058.026147276,
    "sample_persec": 247.68553865830458,
    "result_path": "result/total/run 3",
    "data_path": "108.pt"
}