{
    "total_cpu_time (seconds)": 25.03448561899987,
    "total_cpu_memory (MB)": 71461.283356,
    "execution_time (seconds/batch)": 2.5068759313373623,
    "num_batches": 10,
    "batch_size": 512,
    "device": "cpu",
    "throughput_bps": 33527754.185729187,
    "sample_persec": 204.23826867525088,
    "result_path": "result/total/run 3",
    "data_path": "8.pt"
}