{
    "total_cpu_time (seconds)": 25.516952555000195,
    "total_cpu_memory (MB)": 71461.283356,
    "execution_time (seconds/batch)": 2.5551886775200665,
    "num_batches": 10,
    "batch_size": 512,
    "device": "cpu",
    "throughput_bps": 32893821.399355326,
    "sample_persec": 200.37659234500077,
    "result_path": "result/total/run 3",
    "data_path": "80.pt"
}