{
    "total_cpu_time (seconds)": 21.558511100999805,
    "total_cpu_memory (MB)": 71461.283364,
    "execution_time (seconds/batch)": 2.1588025980269707,
    "num_batches": 10,
    "batch_size": 512,
    "device": "cpu",
    "throughput_bps": 38933582.93936514,
    "sample_persec": 237.1685120575362,
    "result_path": "result/total/run 3",
    "data_path": "12.pt"
}