{
    "total_cpu_time (seconds)": 25.407045856999957,
    "total_cpu_memory (MB)": 71461.283356,
    "execution_time (seconds/batch)": 2.5441829608417716,
    "num_batches": 10,
    "batch_size": 512,
    "device": "cpu",
    "throughput_bps": 33036114.65591733,
    "sample_persec": 201.24338849852177,
    "result_path": "result/total/run 3",
    "data_path": "109.pt"
}