{
    "total_cpu_time (seconds)": 24.460096372000073,
    "total_cpu_memory (MB)": 71461.283356,
    "execution_time (seconds/batch)": 2.449358369345597,
    "num_batches": 10,
    "batch_size": 512,
    "device": "cpu",
    "throughput_bps": 34315076.573484786,
    "sample_persec": 209.03433585212468,
    "result_path": "result/total/run 3",
    "data_path": "81.pt"
}