{
    "total_cpu_time (seconds)": 20.200019373000202,
    "total_cpu_memory (MB)": 71461.283356,
    "execution_time (seconds/batch)": 2.022767439658929,
    "num_batches": 10,
    "batch_size": 512,
    "device": "cpu",
    "throughput_bps": 41551944.3076324,
    "sample_persec": 253.11856912544104,
    "result_path": "result/total/run 3",
    "data_path": "111.pt"
}