{
    "total_cpu_time (seconds)": 22.15559805700015,
    "total_cpu_memory (MB)": 71461.280252,
    "execution_time (seconds/batch)": 2.218593038369661,
    "num_batches": 10,
    "batch_size": 512,
    "device": "cpu",
    "throughput_bps": 37884334.14618677,
    "sample_persec": 230.77688929207338,
    "result_path": "result/total/run 3",
    "data_path": "82.pt"
}