{
    "total_cpu_time (seconds)": 20.706308166000007,
    "total_cpu_memory (MB)": 71461.283356,
    "execution_time (seconds/batch)": 2.0734656328949743,
    "num_batches": 10,
    "batch_size": 512,
    "device": "cpu",
    "throughput_bps": 40535960.02102501,
    "sample_persec": 246.9295810247625,
    "result_path": "result/total/run 3",
    "data_path": "112.pt"
}