{
    "total_cpu_time (seconds)": 20.54317963399991,
    "total_cpu_memory (MB)": 71461.283356,
    "execution_time (seconds/batch)": 2.0571304464322226,
    "num_batches": 10,
    "batch_size": 512,
    "device": "cpu",
    "throughput_bps": 40857846.49474792,
    "sample_persec": 248.8903904407159,
    "result_path": "result/total/run 3",
    "data_path": "113.pt"
}