{
    "total_cpu_time (seconds)": 25.791766684000002,
    "total_cpu_memory (MB)": 71461.283356,
    "execution_time (seconds/batch)": 2.582707714102875,
    "num_batches": 10,
    "batch_size": 512,
    "device": "cpu",
    "throughput_bps": 32543334.091211878,
    "sample_persec": 198.24155757317178,
    "result_path": "result/total/run 3",
    "data_path": "85.pt"
}