{
    "total_cpu_time (seconds)": 20.119366303000028,
    "total_cpu_memory (MB)": 71461.283356,
    "execution_time (seconds/batch)": 2.0146910907756728,
    "num_batches": 10,
    "batch_size": 512,
    "device": "cpu",
    "throughput_bps": 41718514.756344154,
    "sample_persec": 254.13325265804187,
    "result_path": "result/total/run 3",
    "data_path": "115.pt"
}