{
    "total_cpu_time (seconds)": 35.23800812100002,
    "total_cpu_memory (MB)": 71461.283356,
    "execution_time (seconds/batch)": 3.528625104234698,
    "num_batches": 10,
    "batch_size": 512,
    "device": "cpu",
    "throughput_bps": 23819453.049611818,
    "sample_persec": 145.09900736849306,
    "result_path": "result/total/run 3",
    "data_path": "86.pt"
}