{
    "total_cpu_time (seconds)": 26.614608068999974,
    "total_cpu_memory (MB)": 71461.283356,
    "execution_time (seconds/batch)": 2.6651045044646953,
    "num_batches": 10,
    "batch_size": 512,
    "device": "cpu",
    "throughput_bps": 31537194.83014495,
    "sample_persec": 192.11254160663344,
    "result_path": "result/total/run 3",
    "data_path": "87.pt"
}