{
    "total_cpu_time (seconds)": 20.332461978999966,
    "total_cpu_memory (MB)": 71461.283356,
    "execution_time (seconds/batch)": 2.036029832436531,
    "num_batches": 10,
    "batch_size": 512,
    "device": "cpu",
    "throughput_bps": 41281281.178192206,
    "sample_persec": 251.4697927521455,
    "result_path": "result/total/run 3",
    "data_path": "118.pt"
}