{
    "total_cpu_time (seconds)": 26.863748446000013,
    "total_cpu_memory (MB)": 71461.283356,
    "execution_time (seconds/batch)": 2.690052650958734,
    "num_batches": 10,
    "batch_size": 512,
    "device": "cpu",
    "throughput_bps": 31244711.87210579,
    "sample_persec": 190.33084717413368,
    "result_path": "result/total/run 3",
    "data_path": "88.pt"
}