{
    "total_cpu_time (seconds)": 38.613901185000195,
    "total_cpu_memory (MB)": 71461.283372,
    "execution_time (seconds/batch)": 3.8666765904009583,
    "num_batches": 10,
    "batch_size": 512,
    "device": "cpu",
    "throughput_bps": 21736992.488240235,
    "sample_persec": 132.41345326657063,
    "result_path": "result/total/run 3",
    "data_path": "89.pt"
}