{
    "total_cpu_time (seconds)": 20.471937521000005,
    "total_cpu_memory (MB)": 71461.283356,
    "execution_time (seconds/batch)": 2.0499964816647767,
    "num_batches": 10,
    "batch_size": 512,
    "device": "cpu",
    "throughput_bps": 41000031.342368014,
    "sample_persec": 249.75652620838218,
    "result_path": "result/total/run 3",
    "data_path": "120.pt"
}