{
    "total_cpu_time (seconds)": 31.676317444000052,
    "total_cpu_memory (MB)": 71461.283356,
    "execution_time (seconds/batch)": 3.1719684199741884,
    "num_batches": 10,
    "batch_size": 512,
    "device": "cpu",
    "throughput_bps": 26497716.51909572,
    "sample_persec": 161.41396515043687,
    "result_path": "result/total/run 3",
    "data_path": "9.pt"
}