{
    "total_cpu_time (seconds)": 21.34028705099999,
    "total_cpu_memory (MB)": 71461.283356,
    "execution_time (seconds/batch)": 2.136950316861333,
    "num_batches": 10,
    "batch_size": 512,
    "device": "cpu",
    "throughput_bps": 39331714.61068368,
    "sample_persec": 239.59377808652337,
    "result_path": "result/total/run 3",
    "data_path": "13.pt"
}