{
    "total_cpu_time (seconds)": 24.556387758999897,
    "total_cpu_memory (MB)": 71461.283356,
    "execution_time (seconds/batch)": 2.4590006909070894,
    "num_batches": 10,
    "batch_size": 512,
    "device": "cpu",
    "throughput_bps": 34180519.06646485,
    "sample_persec": 208.21466292924495,
    "result_path": "result/total/run 3",
    "data_path": "11.pt"
}