{
    "total_cpu_time (seconds)": 23.370094930000022,
    "total_cpu_memory (MB)": 71461.283356,
    "execution_time (seconds/batch)": 2.3402089974887565,
    "num_batches": 10,
    "batch_size": 512,
    "device": "cpu",
    "throughput_bps": 35915561.42643359,
    "sample_persec": 218.78387808499994,
    "result_path": "result/total/run 3",
    "data_path": "90.pt"
}