{
    "total_cpu_time (seconds)": 20.70362962499994,
    "total_cpu_memory (MB)": 71461.283356,
    "execution_time (seconds/batch)": 2.0731974120868317,
    "num_batches": 10,
    "batch_size": 512,
    "device": "cpu",
    "throughput_bps": 40541204.37831211,
    "sample_persec": 246.96152764566347,
    "result_path": "result/total/run 3",
    "data_path": "122.pt"
}