{
    "total_cpu_time (seconds)": 29.361982915999903,
    "total_cpu_memory (MB)": 71461.283372,
    "execution_time (seconds/batch)": 2.9402181210623803,
    "num_batches": 10,
    "batch_size": 512,
    "device": "cpu",
    "throughput_bps": 28586287.322666556,
    "sample_persec": 174.13674051331967,
    "result_path": "result/total/run 3",
    "data_path": "91.pt"
}