{
    "total_cpu_time (seconds)": 81.03603669799952,
    "total_cpu_memory (MB)": 71461.283356,
    "execution_time (seconds/batch)": 8.114697983449199,
    "num_batches": 10,
    "batch_size": 512,
    "device": "cpu",
    "throughput_bps": 10357738.534623085,
    "sample_persec": 63.0953858103258,
    "result_path": "result/total/run 3",
    "data_path": "92.pt"
}