{
    "total_cpu_time (seconds)": 20.49599558100006,
    "total_cpu_memory (MB)": 71461.283356,
    "execution_time (seconds/batch)": 2.0524055813557656,
    "num_batches": 10,
    "batch_size": 512,
    "device": "cpu",
    "throughput_bps": 40951905.78485896,
    "sample_persec": 249.46336369918956,
    "result_path": "result/total/run 3",
    "data_path": "123.pt"
}