{
    "total_cpu_time (seconds)": 20.546801320999904,
    "total_cpu_memory (MB)": 71461.283356,
    "execution_time (seconds/batch)": 2.0574931109626347,
    "num_batches": 10,
    "batch_size": 512,
    "device": "cpu",
    "throughput_bps": 40850644.67636334,
    "sample_persec": 248.84651971468898,
    "result_path": "result/total/run 3",
    "data_path": "124.pt"
}