{
    "total_cpu_time (seconds)": 19.50945786999995,
    "total_cpu_memory (MB)": 71461.283372,
    "execution_time (seconds/batch)": 1.9536167473968264,
    "num_batches": 10,
    "batch_size": 512,
    "device": "cpu",
    "throughput_bps": 43022727.00722679,
    "sample_persec": 262.07801539490004,
    "result_path": "result/total/run 3",
    "data_path": "125.pt"
}