{
    "total_cpu_time (seconds)": 20.985698966999912,
    "total_cpu_memory (MB)": 71461.283356,
    "execution_time (seconds/batch)": 2.101442963251311,
    "num_batches": 10,
    "batch_size": 512,
    "device": "cpu",
    "throughput_bps": 39996288.96420753,
    "sample_persec": 243.6421111367418,
    "result_path": "result/total/run 3",
    "data_path": "126.pt"
}