{
    "total_cpu_time (seconds)": 77.40739547699987,
    "total_cpu_memory (MB)": 71461.283356,
    "execution_time (seconds/batch)": 7.751337078862494,
    "num_batches": 10,
    "batch_size": 512,
    "device": "cpu",
    "throughput_bps": 10843280.21667383,
    "sample_persec": 66.05312022827626,
    "result_path": "result/total/run 3",
    "data_path": "127.pt"
}