{
    "total_cpu_time (seconds)": 19.787510608000094,
    "total_cpu_memory (MB)": 71461.283356,
    "execution_time (seconds/batch)": 1.9814600882644335,
    "num_batches": 10,
    "batch_size": 512,
    "device": "cpu",
    "throughput_bps": 42418174.60659506,
    "sample_persec": 258.3953131493364,
    "result_path": "result/total/run 3",
    "data_path": "128.pt"
}