{
    "total_cpu_time (seconds)": 20.21483725999985,
    "total_cpu_memory (MB)": 71461.283324,
    "execution_time (seconds/batch)": 2.0242512570154356,
    "num_batches": 10,
    "batch_size": 512,
    "device": "cpu",
    "throughput_bps": 41521485.887045234,
    "sample_persec": 252.93302806435938,
    "result_path": "result/total/run 3",
    "data_path": "129.pt"
}