{
    "total_cpu_time (seconds)": 25.144595717000023,
    "total_cpu_memory (MB)": 71461.283356,
    "execution_time (seconds/batch)": 2.517902015862314,
    "num_batches": 10,
    "batch_size": 512,
    "device": "cpu",
    "throughput_bps": 33380933.59888556,
    "sample_persec": 203.3438937553945,
    "result_path": "result/total/run 3",
    "data_path": "99.pt"
}