{
    "total_cpu_time (seconds)": 23.017193173999857,
    "total_cpu_memory (MB)": 71461.283356,
    "execution_time (seconds/batch)": 2.304870507547023,
    "num_batches": 10,
    "batch_size": 512,
    "device": "cpu",
    "throughput_bps": 36466222.16944015,
    "sample_persec": 222.138292942496,
    "result_path": "result/total/run 3",
    "data_path": "16.pt"
}