{
    "total_cpu_time (seconds)": 21.81257566500012,
    "total_cpu_memory (MB)": 71461.283356,
    "execution_time (seconds/batch)": 2.1842438373714184,
    "num_batches": 10,
    "batch_size": 512,
    "device": "cpu",
    "throughput_bps": 38480099.411038324,
    "sample_persec": 234.40606366373245,
    "result_path": "result/total/run 3",
    "data_path": "18.pt"
}