{
    "total_cpu_time (seconds)": 23.696195004999797,
    "total_cpu_memory (MB)": 71461.283356,
    "execution_time (seconds/batch)": 2.3728636500214937,
    "num_batches": 10,
    "batch_size": 512,
    "device": "cpu",
    "throughput_bps": 35421302.02013026,
    "sample_persec": 215.7730386216512,
    "result_path": "result/total/run 3",
    "data_path": "20.pt"
}