{
    "total_cpu_time (seconds)": 24.262026403000316,
    "total_cpu_memory (MB)": 71461.283364,
    "execution_time (seconds/batch)": 2.4295242554930887,
    "num_batches": 10,
    "batch_size": 512,
    "device": "cpu",
    "throughput_bps": 34595217.4834087,
    "sample_persec": 210.74084724298672,
    "result_path": "result/total/run 3",
    "data_path": "100.pt"
}