{
    "total_cpu_time (seconds)": 32.01167122100019,
    "total_cpu_memory (MB)": 71461.283324,
    "execution_time (seconds/batch)": 3.2055497095936043,
    "num_batches": 10,
    "batch_size": 512,
    "device": "cpu",
    "throughput_bps": 26220126.847028602,
    "sample_persec": 159.72299492585648,
    "result_path": "result/total/run 3",
    "data_path": "118.pt"
}