{
    "total_cpu_time (seconds)": 21.433858807999897,
    "total_cpu_memory (MB)": 71461.283356,
    "execution_time (seconds/batch)": 2.14632030308937,
    "num_batches": 10,
    "batch_size": 512,
    "device": "cpu",
    "throughput_bps": 39160007.888394035,
    "sample_persec": 238.54780633768297,
    "result_path": "result/total/run 3",
    "data_path": "22.pt"
}