{
    "total_cpu_time (seconds)": 21.232874433000074,
    "total_cpu_memory (MB)": 71461.283356,
    "execution_time (seconds/batch)": 2.126194349637402,
    "num_batches": 10,
    "batch_size": 512,
    "device": "cpu",
    "throughput_bps": 39530685.43067746,
    "sample_persec": 240.80583230188512,
    "result_path": "result/total/run 3",
    "data_path": "23.pt"
}