{
    "total_cpu_time (seconds)": 25.509896851000175,
    "total_cpu_memory (MB)": 71461.283324,
    "execution_time (seconds/batch)": 2.5544821411523744,
    "num_batches": 10,
    "batch_size": 512,
    "device": "cpu",
    "throughput_bps": 32902919.40036172,
    "sample_persec": 200.43201389109234,
    "result_path": "result/total/run 3",
    "data_path": "119.pt"
}