{
    "total_cpu_time (seconds)": 41.86284939900022,
    "total_cpu_memory (MB)": 71461.283364,
    "execution_time (seconds/batch)": 4.192016212064955,
    "num_batches": 10,
    "batch_size": 512,
    "device": "cpu",
    "throughput_bps": 20049998.794875287,
    "sample_persec": 122.13693222999078,
    "result_path": "result/total/run 3",
    "data_path": "120.pt"
}