{
    "total_cpu_time (seconds)": 22.433789618,
    "total_cpu_memory (MB)": 71461.283364,
    "execution_time (seconds/batch)": 2.2464502805429296,
    "num_batches": 10,
    "batch_size": 512,
    "device": "cpu",
    "throughput_bps": 37414547.17603923,
    "sample_persec": 227.91512655969316,
    "result_path": "result/total/run 3",
    "data_path": "25.pt"
}