{
    "total_cpu_time (seconds)": 23.375491608000154,
    "total_cpu_memory (MB)": 71461.283356,
    "execution_time (seconds/batch)": 2.340749404125969,
    "num_batches": 10,
    "batch_size": 512,
    "device": "cpu",
    "throughput_bps": 35907269.63418114,
    "sample_persec": 218.7333676546122,
    "result_path": "result/total/run 3",
    "data_path": "121.pt"
}