{
    "total_cpu_time (seconds)": 25.798233817000114,
    "total_cpu_memory (MB)": 71461.283356,
    "execution_time (seconds/batch)": 2.583355312791719,
    "num_batches": 10,
    "batch_size": 512,
    "device": "cpu",
    "throughput_bps": 32535176.088174623,
    "sample_persec": 198.19186213556665,
    "result_path": "result/total/run 3",
    "data_path": "122.pt"
}