{
    "total_cpu_time (seconds)": 21.955094636000105,
    "total_cpu_memory (MB)": 71461.283356,
    "execution_time (seconds/batch)": 2.198515246163124,
    "num_batches": 10,
    "batch_size": 512,
    "device": "cpu",
    "throughput_bps": 38230310.27266468,
    "sample_persec": 232.88444366876632,
    "result_path": "result/total/run 3",
    "data_path": "27.pt"
}