{
    "total_cpu_time (seconds)": 23.749249703000096,
    "total_cpu_memory (MB)": 71461.283356,
    "execution_time (seconds/batch)": 2.3781763833240857,
    "num_batches": 10,
    "batch_size": 512,
    "device": "cpu",
    "throughput_bps": 35342172.51056862,
    "sample_persec": 215.2910118821188,
    "result_path": "result/total/run 3",
    "data_path": "123.pt"
}