{
    "total_cpu_time (seconds)": 21.057446730999942,
    "total_cpu_memory (MB)": 71461.283356,
    "execution_time (seconds/batch)": 2.1086275623453883,
    "num_batches": 10,
    "batch_size": 512,
    "device": "cpu",
    "throughput_bps": 39860012.02910996,
    "sample_persec": 242.8119641149486,
    "result_path": "result/total/run 3",
    "data_path": "28.pt"
}