{
    "total_cpu_time (seconds)": 20.080357962000008,
    "total_cpu_memory (MB)": 71461.283356,
    "execution_time (seconds/batch)": 2.0107849162026215,
    "num_batches": 10,
    "batch_size": 512,
    "device": "cpu",
    "throughput_bps": 41799557.63679028,
    "sample_persec": 254.6269349219681,
    "result_path": "result/total/run 3",
    "data_path": "29.pt"
}