{
    "total_cpu_time (seconds)": 25.06628058499986,
    "total_cpu_memory (MB)": 71461.283356,
    "execution_time (seconds/batch)": 2.5100597808566256,
    "num_batches": 10,
    "batch_size": 512,
    "device": "cpu",
    "throughput_bps": 33485226.384255953,
    "sample_persec": 203.9792055571147,
    "result_path": "result/total/run 3",
    "data_path": "124.pt"
}