{
    "total_cpu_time (seconds)": 24.6637266360001,
    "total_cpu_memory (MB)": 71461.283364,
    "execution_time (seconds/batch)": 2.4697492739354687,
    "num_batches": 10,
    "batch_size": 512,
    "device": "cpu",
    "throughput_bps": 34031762.20639963,
    "sample_persec": 207.30849297270728,
    "result_path": "result/total/run 3",
    "data_path": "125.pt"
}