{
    "total_cpu_time (seconds)": 21.718450002999887,
    "total_cpu_memory (MB)": 71461.283356,
    "execution_time (seconds/batch)": 2.1748183848104716,
    "num_batches": 10,
    "batch_size": 512,
    "device": "cpu",
    "throughput_bps": 38646868.44061449,
    "sample_persec": 235.42195687508826,
    "result_path": "result/total/run 3",
    "data_path": "30.pt"
}