{
    "total_cpu_time (seconds)": 75.67138874400001,
    "total_cpu_memory (MB)": 71456.675408,
    "execution_time (seconds/batch)": 7.577498735953062,
    "num_batches": 10,
    "batch_size": 512,
    "device": "cpu",
    "throughput_bps": 11092040.121525483,
    "sample_persec": 67.56847052586187,
    "result_path": "result/total/run 3",
    "data_path": "4.pt"
}