{
    "total_cpu_time (seconds)": 22.841155834000066,
    "total_cpu_memory (MB)": 71461.28334,
    "execution_time (seconds/batch)": 2.287242672991988,
    "num_batches": 10,
    "batch_size": 512,
    "device": "cpu",
    "throughput_bps": 36747268.22495517,
    "sample_persec": 223.8503181344735,
    "result_path": "result/total/run 3",
    "data_path": "126.pt"
}