{
    "total_cpu_time (seconds)": 21.013868241000015,
    "total_cpu_memory (MB)": 71461.283356,
    "execution_time (seconds/batch)": 2.1042637471918653,
    "num_batches": 10,
    "batch_size": 512,
    "device": "cpu",
    "throughput_bps": 39942673.58935609,
    "sample_persec": 243.31550675777345,
    "result_path": "result/total/run 3",
    "data_path": "32.pt"
}