{
    "total_cpu_time (seconds)": 20.267128295000084,
    "total_cpu_memory (MB)": 71461.283356,
    "execution_time (seconds/batch)": 2.0294875194680313,
    "num_batches": 10,
    "batch_size": 512,
    "device": "cpu",
    "throughput_bps": 41414356.675635606,
    "sample_persec": 252.28043783891084,
    "result_path": "result/total/run 3",
    "data_path": "33.pt"
}