{
    "total_cpu_time (seconds)": 88.04124574999975,
    "total_cpu_memory (MB)": 71461.283356,
    "execution_time (seconds/batch)": 8.816177943281804,
    "num_batches": 10,
    "batch_size": 512,
    "device": "cpu",
    "throughput_bps": 9533600.67602181,
    "sample_persec": 58.07505285101006,
    "result_path": "result/total/run 3",
    "data_path": "128.pt"
}