{
    "total_cpu_time (seconds)": 20.44139605899993,
    "total_cpu_memory (MB)": 71461.283356,
    "execution_time (seconds/batch)": 2.0469381541576306,
    "num_batches": 10,
    "batch_size": 512,
    "device": "cpu",
    "throughput_bps": 41061289.43333355,
    "sample_persec": 250.12968709389347,
    "result_path": "result/total/run 3",
    "data_path": "34.pt"
}