{
    "total_cpu_time (seconds)": 25.392176508000077,
    "total_cpu_memory (MB)": 71461.283356,
    "execution_time (seconds/batch)": 2.5426939902397887,
    "num_batches": 10,
    "batch_size": 512,
    "device": "cpu",
    "throughput_bps": 33055460.20190722,
    "sample_persec": 201.36123417341142,
    "result_path": "result/total/run 3",
    "data_path": "13.pt"
}