{
    "total_cpu_time (seconds)": 20.82361226500005,
    "total_cpu_memory (MB)": 71461.283372,
    "execution_time (seconds/batch)": 2.085212102421284,
    "num_batches": 10,
    "batch_size": 512,
    "device": "cpu",
    "throughput_bps": 40307611.82634794,
    "sample_persec": 245.5385710669343,
    "result_path": "result/total/run 3",
    "data_path": "36.pt"
}