{
    "total_cpu_time (seconds)": 21.39076010399997,
    "total_cpu_memory (MB)": 71461.283324,
    "execution_time (seconds/batch)": 2.142004532221393,
    "num_batches": 10,
    "batch_size": 512,
    "device": "cpu",
    "throughput_bps": 39238908.571698934,
    "sample_persec": 239.0284391550861,
    "result_path": "result/total/run 3",
    "data_path": "37.pt"
}