{
    "total_cpu_time (seconds)": 23.88248249000011,
    "total_cpu_memory (MB)": 71461.283356,
    "execution_time (seconds/batch)": 2.391517902382174,
    "num_batches": 10,
    "batch_size": 512,
    "device": "cpu",
    "throughput_bps": 35145009.751454696,
    "sample_persec": 214.08997168283807,
    "result_path": "result/total/run 3",
    "data_path": "14.pt"
}