{
    "total_cpu_time (seconds)": 22.680716865000022,
    "total_cpu_memory (MB)": 71461.283356,
    "execution_time (seconds/batch)": 2.2711768110463546,
    "num_batches": 10,
    "batch_size": 512,
    "device": "cpu",
    "throughput_bps": 37007211.23569298,
    "sample_persec": 225.43379164042992,
    "result_path": "result/total/run 3",
    "data_path": "16.pt"
}