{
    "total_cpu_time (seconds)": 23.164157142999784,
    "total_cpu_memory (MB)": 71461.283364,
    "execution_time (seconds/batch)": 2.31958702468529,
    "num_batches": 10,
    "batch_size": 512,
    "device": "cpu",
    "throughput_bps": 36234863.838059045,
    "sample_persec": 220.72894638193864,
    "result_path": "result/total/run 3",
    "data_path": "40.pt"
}