{
    "total_cpu_time (seconds)": 21.1321509809999,
    "total_cpu_memory (MB)": 71461.283356,
    "execution_time (seconds/batch)": 2.1161082147999117,
    "num_batches": 10,
    "batch_size": 512,
    "device": "cpu",
    "throughput_bps": 39719102.93252528,
    "sample_persec": 241.95359973516858,
    "result_path": "result/total/run 3",
    "data_path": "42.pt"
}