{
    "total_cpu_time (seconds)": 24.077937642000105,
    "total_cpu_memory (MB)": 71461.283356,
    "execution_time (seconds/batch)": 2.4110901765507635,
    "num_batches": 10,
    "batch_size": 512,
    "device": "cpu",
    "throughput_bps": 34859716.49564738,
    "sample_persec": 212.35207416939193,
    "result_path": "result/total/run 3",
    "data_path": "19.pt"
}