{
    "total_cpu_time (seconds)": 20.219794176000043,
    "total_cpu_memory (MB)": 71461.283356,
    "execution_time (seconds/batch)": 2.0247476272466307,
    "num_batches": 10,
    "batch_size": 512,
    "device": "cpu",
    "throughput_bps": 41511306.82607391,
    "sample_persec": 252.87102111399795,
    "result_path": "result/total/run 3",
    "data_path": "43.pt"
}