{
    "total_cpu_time (seconds)": 24.096576377000016,
    "total_cpu_memory (MB)": 71461.283356,
    "execution_time (seconds/batch)": 2.4129566018040305,
    "num_batches": 10,
    "batch_size": 512,
    "device": "cpu",
    "throughput_bps": 34832752.45694873,
    "sample_persec": 212.18781954768963,
    "result_path": "result/total/run 3",
    "data_path": "2.pt"
}