{
    "total_cpu_time (seconds)": 27.44587306700012,
    "total_cpu_memory (MB)": 71461.283356,
    "execution_time (seconds/batch)": 2.7483448093690717,
    "num_batches": 10,
    "batch_size": 512,
    "device": "cpu",
    "throughput_bps": 30582014.204867937,
    "sample_persec": 186.29394617975106,
    "result_path": "result/total/run 3",
    "data_path": "21.pt"
}