{
    "total_cpu_time (seconds)": 23.590622680000266,
    "total_cpu_memory (MB)": 71461.283308,
    "execution_time (seconds/batch)": 2.3622919640446187,
    "num_batches": 10,
    "batch_size": 512,
    "device": "cpu",
    "throughput_bps": 35579818.785859644,
    "sample_persec": 216.7386621945641,
    "result_path": "result/total/run 3",
    "data_path": "22.pt"
}