{
    "total_cpu_time (seconds)": 20.50110793,
    "total_cpu_memory (MB)": 71461.283364,
    "execution_time (seconds/batch)": 2.052917516166634,
    "num_batches": 10,
    "batch_size": 512,
    "device": "cpu",
    "throughput_bps": 40941693.63265237,
    "sample_persec": 249.401155169666,
    "result_path": "result/total/run 3",
    "data_path": "46.pt"
}