{
    "total_cpu_time (seconds)": 23.617907703000093,
    "total_cpu_memory (MB)": 71461.283356,
    "execution_time (seconds/batch)": 2.365024201825943,
    "num_batches": 10,
    "batch_size": 512,
    "device": "cpu",
    "throughput_bps": 35538714.544700354,
    "sample_persec": 216.48827086196613,
    "result_path": "result/total/run 3",
    "data_path": "23.pt"
}