{
    "total_cpu_time (seconds)": 20.75669814199991,
    "total_cpu_memory (MB)": 71461.283356,
    "execution_time (seconds/batch)": 2.0785115291812932,
    "num_batches": 10,
    "batch_size": 512,
    "device": "cpu",
    "throughput_bps": 40437552.94112152,
    "sample_persec": 246.33012269201706,
    "result_path": "result/total/run 3",
    "data_path": "47.pt"
}