{
    "total_cpu_time (seconds)": 22.79204427499999,
    "total_cpu_memory (MB)": 71461.283356,
    "execution_time (seconds/batch)": 2.282324793428515,
    "num_batches": 10,
    "batch_size": 512,
    "device": "cpu",
    "throughput_bps": 36826450.04865411,
    "sample_persec": 224.33266355174285,
    "result_path": "result/total/run 3",
    "data_path": "49.pt"
}