{
    "total_cpu_time (seconds)": 23.409558481999856,
    "total_cpu_memory (MB)": 71461.283364,
    "execution_time (seconds/batch)": 2.3441607554828723,
    "num_batches": 10,
    "batch_size": 512,
    "device": "cpu",
    "throughput_bps": 35855015.40515578,
    "sample_persec": 218.41505485596846,
    "result_path": "result/total/run 3",
    "data_path": "25.pt"
}