{
    "total_cpu_time (seconds)": 20.522661416999902,
    "total_cpu_memory (MB)": 71461.283356,
    "execution_time (seconds/batch)": 2.055075815666722,
    "num_batches": 10,
    "batch_size": 512,
    "device": "cpu",
    "throughput_bps": 40898695.49300882,
    "sample_persec": 249.13922693109663,
    "result_path": "result/total/run 3",
    "data_path": "50.pt"
}