{
    "total_cpu_time (seconds)": 21.381473562999922,
    "total_cpu_memory (MB)": 71461.28338,
    "execution_time (seconds/batch)": 2.141074606738893,
    "num_batches": 10,
    "batch_size": 512,
    "device": "cpu",
    "throughput_bps": 39255951.070298225,
    "sample_persec": 239.132255545189,
    "result_path": "result/total/run 3",
    "data_path": "26.pt"
}