{
    "total_cpu_time (seconds)": 26.320974640000074,
    "total_cpu_memory (MB)": 71461.283356,
    "execution_time (seconds/batch)": 2.6357009614081828,
    "num_batches": 10,
    "batch_size": 512,
    "device": "cpu",
    "throughput_bps": 31889019.744900968,
    "sample_persec": 194.25572456689187,
    "result_path": "result/total/run 3",
    "data_path": "103.pt"
}