{
    "total_cpu_time (seconds)": 20.612058040999997,
    "total_cpu_memory (MB)": 71461.283356,
    "execution_time (seconds/batch)": 2.0640277169943277,
    "num_batches": 10,
    "batch_size": 512,
    "device": "cpu",
    "throughput_bps": 40721313.62770405,
    "sample_persec": 248.0586843792888,
    "result_path": "result/total/run 3",
    "data_path": "51.pt"
}