{
    "total_cpu_time (seconds)": 32.65688157700013,
    "total_cpu_memory (MB)": 71461.283364,
    "execution_time (seconds/batch)": 3.2701590783148964,
    "num_batches": 10,
    "batch_size": 512,
    "device": "cpu",
    "throughput_bps": 25702089.099381268,
    "sample_persec": 156.56730689194242,
    "result_path": "result/total/run 3",
    "data_path": "27.pt"
}