{
    "total_cpu_time (seconds)": 26.204789621000117,
    "total_cpu_memory (MB)": 71461.283356,
    "execution_time (seconds/batch)": 2.6240665530905654,
    "num_batches": 10,
    "batch_size": 512,
    "device": "cpu",
    "throughput_bps": 32030407.117917012,
    "sample_persec": 195.1170024239584,
    "result_path": "result/total/run 3",
    "data_path": "29.pt"
}