{
    "total_cpu_time (seconds)": 21.381441069999884,
    "total_cpu_memory (MB)": 71461.283364,
    "execution_time (seconds/batch)": 2.141071352990405,
    "num_batches": 10,
    "batch_size": 512,
    "device": "cpu",
    "throughput_bps": 39256010.72687682,
    "sample_persec": 239.132618950273,
    "result_path": "result/total/run 3",
    "data_path": "53.pt"
}