{
    "total_cpu_time (seconds)": 20.43525085099988,
    "total_cpu_memory (MB)": 71461.283356,
    "execution_time (seconds/batch)": 2.046322792042233,
    "num_batches": 10,
    "batch_size": 512,
    "device": "cpu",
    "throughput_bps": 41073637.22226739,
    "sample_persec": 250.20490510640468,
    "result_path": "result/total/run 3",
    "data_path": "54.pt"
}