{
    "total_cpu_time (seconds)": 26.571474773999807,
    "total_cpu_memory (MB)": 71461.28334,
    "execution_time (seconds/batch)": 2.660785269760982,
    "num_batches": 10,
    "batch_size": 512,
    "device": "cpu",
    "throughput_bps": 31588388.94487348,
    "sample_persec": 192.42439659401487,
    "result_path": "result/total/run 3",
    "data_path": "32.pt"
}