{
    "total_cpu_time (seconds)": 20.153041404999883,
    "total_cpu_memory (MB)": 71461.283356,
    "execution_time (seconds/batch)": 2.018063211296683,
    "num_batches": 10,
    "batch_size": 512,
    "device": "cpu",
    "throughput_bps": 41648804.42272901,
    "sample_persec": 253.70860393962604,
    "result_path": "result/total/run 3",
    "data_path": "58.pt"
}