{
    "total_cpu_time (seconds)": 25.679539836999997,
    "total_cpu_memory (MB)": 71461.283356,
    "execution_time (seconds/batch)": 2.571469664882456,
    "num_batches": 10,
    "batch_size": 512,
    "device": "cpu",
    "throughput_bps": 32685557.65904475,
    "sample_persec": 199.1079292095806,
    "result_path": "result/total/run 3",
    "data_path": "33.pt"
}