{
    "total_cpu_time (seconds)": 20.57066709600012,
    "total_cpu_memory (MB)": 71461.283364,
    "execution_time (seconds/batch)": 2.0598829558286837,
    "num_batches": 10,
    "batch_size": 512,
    "device": "cpu",
    "throughput_bps": 40803250.37991637,
    "sample_persec": 248.5578117684964,
    "result_path": "result/total/run 3",
    "data_path": "59.pt"
}