{
    "total_cpu_time (seconds)": 22.693911466999964,
    "total_cpu_memory (MB)": 71461.283356,
    "execution_time (seconds/batch)": 2.2724980776655546,
    "num_batches": 10,
    "batch_size": 512,
    "device": "cpu",
    "throughput_bps": 36985694.65297022,
    "sample_persec": 225.3027208392435,
    "result_path": "result/total/run 3",
    "data_path": "60.pt"
}