{
    "total_cpu_time (seconds)": 24.70353988800022,
    "total_cpu_memory (MB)": 71461.283324,
    "execution_time (seconds/batch)": 2.4737360498056153,
    "num_batches": 10,
    "batch_size": 512,
    "device": "cpu",
    "throughput_bps": 33976915.20346505,
    "sample_persec": 206.97438598602005,
    "result_path": "result/total/run 3",
    "data_path": "104.pt"
}