{
    "total_cpu_time (seconds)": 21.33047953500002,
    "total_cpu_memory (MB)": 71461.283324,
    "execution_time (seconds/batch)": 2.1359682225542755,
    "num_batches": 10,
    "batch_size": 512,
    "device": "cpu",
    "throughput_bps": 39349798.893304594,
    "sample_persec": 239.70394062685546,
    "result_path": "result/total/run 3",
    "data_path": "7.pt"
}