{
    "total_cpu_time (seconds)": 21.16387135299988,
    "total_cpu_memory (MB)": 71461.283356,
    "execution_time (seconds/batch)": 2.119284594706814,
    "num_batches": 10,
    "batch_size": 512,
    "device": "cpu",
    "throughput_bps": 39659572.01308663,
    "sample_persec": 241.59096011870514,
    "result_path": "result/total/run 3",
    "data_path": "61.pt"
}