{
    "total_cpu_time (seconds)": 21.697608861999942,
    "total_cpu_memory (MB)": 71461.283356,
    "execution_time (seconds/batch)": 2.1727314174347683,
    "num_batches": 10,
    "batch_size": 512,
    "device": "cpu",
    "throughput_bps": 38683989.80451684,
    "sample_persec": 235.6480860411601,
    "result_path": "result/total/run 3",
    "data_path": "36.pt"
}