{
    "total_cpu_time (seconds)": 20.798459939000132,
    "total_cpu_memory (MB)": 71461.283356,
    "execution_time (seconds/batch)": 2.0826934263188086,
    "num_batches": 10,
    "batch_size": 512,
    "device": "cpu",
    "throughput_bps": 40356357.27172745,
    "sample_persec": 245.83550969619546,
    "result_path": "result/total/run 3",
    "data_path": "62.pt"
}