{
    "total_cpu_time (seconds)": 25.193223300999993,
    "total_cpu_memory (MB)": 71461.28334,
    "execution_time (seconds/batch)": 2.522771431666731,
    "num_batches": 10,
    "batch_size": 512,
    "device": "cpu",
    "throughput_bps": 33316502.218542386,
    "sample_persec": 202.9514024034015,
    "result_path": "result/total/run 3",
    "data_path": "38.pt"
}