{
    "total_cpu_time (seconds)": 21.215154224000045,
    "total_cpu_memory (MB)": 71461.283356,
    "execution_time (seconds/batch)": 2.124419902735776,
    "num_batches": 10,
    "batch_size": 512,
    "device": "cpu",
    "throughput_bps": 39563703.904187,
    "sample_persec": 241.00696822726002,
    "result_path": "result/total/run 3",
    "data_path": "64.pt"
}