{
    "total_cpu_time (seconds)": 21.814781325000016,
    "total_cpu_memory (MB)": 71461.283364,
    "execution_time (seconds/batch)": 2.184464705339333,
    "num_batches": 10,
    "batch_size": 512,
    "device": "cpu",
    "throughput_bps": 38476208.745585464,
    "sample_persec": 234.3823632162857,
    "result_path": "result/total/run 3",
    "data_path": "66.pt"
}