{
    "total_cpu_time (seconds)": 23.13230189999991,
    "total_cpu_memory (MB)": 71461.283356,
    "execution_time (seconds/batch)": 2.31639713921376,
    "num_batches": 10,
    "batch_size": 512,
    "device": "cpu",
    "throughput_bps": 36284762.47752945,
    "sample_persec": 221.03290982900495,
    "result_path": "result/total/run 3",
    "data_path": "40.pt"
}