{
    "total_cpu_time (seconds)": 22.843947431999865,
    "total_cpu_memory (MB)": 71460.23478,
    "execution_time (seconds/batch)": 2.287522214978277,
    "num_batches": 10,
    "batch_size": 512,
    "device": "cpu",
    "throughput_bps": 36742777.59999728,
    "sample_persec": 223.82296296294638,
    "result_path": "result/total/run 3",
    "data_path": "41.pt"
}