{
    "total_cpu_time (seconds)": 21.39587052900011,
    "total_cpu_memory (MB)": 71461.283356,
    "execution_time (seconds/batch)": 2.142516274368875,
    "num_batches": 10,
    "batch_size": 512,
    "device": "cpu",
    "throughput_bps": 39229536.319278955,
    "sample_persec": 238.97134697416516,
    "result_path": "result/total/run 3",
    "data_path": "68.pt"
}