{
    "total_cpu_time (seconds)": 21.424721089999945,
    "total_cpu_memory (MB)": 71461.28334,
    "execution_time (seconds/batch)": 2.1454052802816297,
    "num_batches": 10,
    "batch_size": 512,
    "device": "cpu",
    "throughput_bps": 39176709.76784707,
    "sample_persec": 238.64954780608596,
    "result_path": "result/total/run 3",
    "data_path": "69.pt"
}