{
    "total_cpu_time (seconds)": 21.309479609000032,
    "total_cpu_memory (MB)": 71461.283356,
    "execution_time (seconds/batch)": 2.13386535493996,
    "num_batches": 10,
    "batch_size": 512,
    "device": "cpu",
    "throughput_bps": 39388577.07466031,
    "sample_persec": 239.94016249183912,
    "result_path": "result/total/run 3",
    "data_path": "70.pt"
}