{
    "total_cpu_time (seconds)": 72.18414069599987,
    "total_cpu_memory (MB)": 71461.144128,
    "execution_time (seconds/batch)": 7.228296506229598,
    "num_batches": 10,
    "batch_size": 512,
    "device": "cpu",
    "throughput_bps": 11627901.52943544,
    "sample_persec": 70.83273348827632,
    "result_path": "result/total/run 3",
    "data_path": "8.pt"
}