{
    "total_cpu_time (seconds)": 25.928362070999864,
    "total_cpu_memory (MB)": 71461.283364,
    "execution_time (seconds/batch)": 2.596385953520816,
    "num_batches": 10,
    "batch_size": 512,
    "device": "cpu",
    "throughput_bps": 32371889.81323233,
    "sample_persec": 197.19718453479734,
    "result_path": "result/total/run 3",
    "data_path": "105.pt"
}