{
    "total_cpu_time (seconds)": 23.08501484899992,
    "total_cpu_memory (MB)": 71461.283356,
    "execution_time (seconds/batch)": 2.3116619602362523,
    "num_batches": 10,
    "batch_size": 512,
    "device": "cpu",
    "throughput_bps": 36359087.72379941,
    "sample_persec": 221.4856708321114,
    "result_path": "result/total/run 3",
    "data_path": "45.pt"
}