{
    "total_cpu_time (seconds)": 20.723975520000046,
    "total_cpu_memory (MB)": 71461.283364,
    "execution_time (seconds/batch)": 2.0752347870604386,
    "num_batches": 10,
    "batch_size": 512,
    "device": "cpu",
    "throughput_bps": 40501402.79262394,
    "sample_persec": 246.71907159249474,
    "result_path": "result/total/run 3",
    "data_path": "72.pt"
}