{
    "total_cpu_time (seconds)": 20.57086180200012,
    "total_cpu_memory (MB)": 71461.283356,
    "execution_time (seconds/batch)": 2.059902453085089,
    "num_batches": 10,
    "batch_size": 512,
    "device": "cpu",
    "throughput_bps": 40802864.17161139,
    "sample_persec": 248.55545913505964,
    "result_path": "result/total/run 3",
    "data_path": "73.pt"
}