{
    "total_cpu_time (seconds)": 35.52044960599969,
    "total_cpu_memory (MB)": 71461.283364,
    "execution_time (seconds/batch)": 3.5569079206477294,
    "num_batches": 10,
    "batch_size": 512,
    "device": "cpu",
    "throughput_bps": 23630052.24624823,
    "sample_persec": 143.94525003806183,
    "result_path": "result/total/run 3",
    "data_path": "48.pt"
}