{
    "total_cpu_time (seconds)": 23.825098779000037,
    "total_cpu_memory (MB)": 71461.283356,
    "execution_time (seconds/batch)": 2.3857716751120708,
    "num_batches": 10,
    "batch_size": 512,
    "device": "cpu",
    "throughput_bps": 35229657.9244331,
    "sample_persec": 214.6056160114102,
    "result_path": "result/total/run 3",
    "data_path": "49.pt"
}