{
    "total_cpu_time (seconds)": 20.348960142999932,
    "total_cpu_memory (MB)": 71461.283356,
    "execution_time (seconds/batch)": 2.0376819075329484,
    "num_batches": 10,
    "batch_size": 512,
    "device": "cpu",
    "throughput_bps": 41247811.88333781,
    "sample_persec": 251.26591059538137,
    "result_path": "result/total/run 3",
    "data_path": "75.pt"
}