{
    "total_cpu_time (seconds)": 21.832371927999937,
    "total_cpu_memory (MB)": 71461.283356,
    "execution_time (seconds/batch)": 2.1862261738971185,
    "num_batches": 10,
    "batch_size": 512,
    "device": "cpu",
    "throughput_bps": 38445208.004336745,
    "sample_persec": 234.1935185449363,
    "result_path": "result/total/run 3",
    "data_path": "76.pt"
}