{
    "total_cpu_time (seconds)": 21.96058358899997,
    "total_cpu_memory (MB)": 71461.283364,
    "execution_time (seconds/batch)": 2.199064892933304,
    "num_batches": 10,
    "batch_size": 512,
    "device": "cpu",
    "throughput_bps": 38220754.77176433,
    "sample_persec": 232.82623520811603,
    "result_path": "result/total/run 3",
    "data_path": "5.pt"
}