{
    "total_cpu_time (seconds)": 23.455985760999965,
    "total_cpu_memory (MB)": 71461.283364,
    "execution_time (seconds/batch)": 2.34880983955251,
    "num_batches": 10,
    "batch_size": 512,
    "device": "cpu",
    "throughput_bps": 35784046.279375695,
    "sample_persec": 217.9827380566258,
    "result_path": "result/total/run 3",
    "data_path": "51.pt"
}