{
    "total_cpu_time (seconds)": 25.712797298999845,
    "total_cpu_memory (MB)": 71461.283356,
    "execution_time (seconds/batch)": 2.574799964226075,
    "num_batches": 10,
    "batch_size": 512,
    "device": "cpu",
    "throughput_bps": 32643281.485077795,
    "sample_persec": 198.8503989100743,
    "result_path": "result/total/run 3",
    "data_path": "52.pt"
}