{
    "total_cpu_time (seconds)": 21.31091934400014,
    "total_cpu_memory (MB)": 71461.283364,
    "execution_time (seconds/batch)": 2.1340095255482243,
    "num_batches": 10,
    "batch_size": 512,
    "device": "cpu",
    "throughput_bps": 39385916.0391553,
    "sample_persec": 239.9239524802345,
    "result_path": "result/total/run 3",
    "data_path": "79.pt"
}