{
    "total_cpu_time (seconds)": 94.59644737199991,
    "total_cpu_memory (MB)": 71459.999924,
    "execution_time (seconds/batch)": 9.472595551430462,
    "num_batches": 10,
    "batch_size": 512,
    "device": "cpu",
    "throughput_bps": 8872955.626961986,
    "sample_persec": 54.05065562233178,
    "result_path": "result/total/run 3",
    "data_path": "53.pt"
}