{
    "total_cpu_time (seconds)": 27.007601285000007,
    "total_cpu_memory (MB)": 71461.283332,
    "execution_time (seconds/batch)": 2.7044576291648745,
    "num_batches": 10,
    "batch_size": 512,
    "device": "cpu",
    "throughput_bps": 31078290.557635497,
    "sample_persec": 189.31707211035268,
    "result_path": "result/total/run 3",
    "data_path": "54.pt"
}