{
    "total_cpu_time (seconds)": 25.671286054999896,
    "total_cpu_memory (MB)": 71461.283356,
    "execution_time (seconds/batch)": 2.5706431566907777,
    "num_batches": 10,
    "batch_size": 512,
    "device": "cpu",
    "throughput_bps": 32696066.6560187,
    "sample_persec": 199.17194600401257,
    "result_path": "result/total/run 3",
    "data_path": "55.pt"
}