{
    "total_cpu_time (seconds)": 20.74789782599987,
    "total_cpu_memory (MB)": 71461.283356,
    "execution_time (seconds/batch)": 2.077630292765878,
    "num_batches": 10,
    "batch_size": 512,
    "device": "cpu",
    "throughput_bps": 40454704.714623325,
    "sample_persec": 246.4346047430758,
    "result_path": "result/total/run 3",
    "data_path": "82.pt"
}