{
    "total_cpu_time (seconds)": 23.679592993999815,
    "total_cpu_memory (MB)": 71461.283356,
    "execution_time (seconds/batch)": 2.371201176007805,
    "num_batches": 10,
    "batch_size": 512,
    "device": "cpu",
    "throughput_bps": 35446136.26647567,
    "sample_persec": 215.92431936205938,
    "result_path": "result/total/run 3",
    "data_path": "83.pt"
}