{
    "total_cpu_time (seconds)": 20.448668815000218,
    "total_cpu_memory (MB)": 71461.283364,
    "execution_time (seconds/batch)": 2.0476664254410544,
    "num_batches": 10,
    "batch_size": 512,
    "device": "cpu",
    "throughput_bps": 41046685.61037532,
    "sample_persec": 250.0407261840602,
    "result_path": "result/total/run 3",
    "data_path": "84.pt"
}