{
    "total_cpu_time (seconds)": 20.21430546200003,
    "total_cpu_memory (MB)": 71461.283356,
    "execution_time (seconds/batch)": 2.0241980044091563,
    "num_batches": 10,
    "batch_size": 512,
    "device": "cpu",
    "throughput_bps": 41522578.2344022,
    "sample_persec": 252.93968222710893,
    "result_path": "result/total/run 3",
    "data_path": "86.pt"
}