{
    "total_cpu_time (seconds)": 21.67496476799985,
    "total_cpu_memory (MB)": 71461.283356,
    "execution_time (seconds/batch)": 2.1704639079241,
    "num_batches": 10,
    "batch_size": 512,
    "device": "cpu",
    "throughput_bps": 38724403.42967416,
    "sample_persec": 235.89427040493518,
    "result_path": "result/total/run 3",
    "data_path": "87.pt"
}