{
    "total_cpu_time (seconds)": 29.69716704000009,
    "total_cpu_memory (MB)": 71461.283316,
    "execution_time (seconds/batch)": 2.9737824221552995,
    "num_batches": 10,
    "batch_size": 512,
    "device": "cpu",
    "throughput_bps": 28263641.406247668,
    "sample_persec": 172.17130486261982,
    "result_path": "result/total/run 3",
    "data_path": "88.pt"
}