{
    "total_cpu_time (seconds)": 23.121984759999904,
    "total_cpu_memory (MB)": 71461.283356,
    "execution_time (seconds/batch)": 2.315364012736153,
    "num_batches": 10,
    "batch_size": 512,
    "device": "cpu",
    "throughput_bps": 36300952.91179508,
    "sample_persec": 221.13153576873222,
    "result_path": "result/total/run 3",
    "data_path": "60.pt"
}