{
    "total_cpu_time (seconds)": 28.201885420000075,
    "total_cpu_memory (MB)": 71461.283356,
    "execution_time (seconds/batch)": 2.8240495472403753,
    "num_batches": 10,
    "batch_size": 512,
    "device": "cpu",
    "throughput_bps": 29762197.367299203,
    "sample_persec": 181.29993522964915,
    "result_path": "result/total/run 3",
    "data_path": "61.pt"
}