{
    "total_cpu_time (seconds)": 23.767005107000085,
    "total_cpu_memory (MB)": 71461.283364,
    "execution_time (seconds/batch)": 2.3799543545441115,
    "num_batches": 10,
    "batch_size": 512,
    "device": "cpu",
    "throughput_bps": 35315769.749752216,
    "sample_persec": 215.13017635082977,
    "result_path": "result/total/run 3",
    "data_path": "62.pt"
}