{
    "total_cpu_time (seconds)": 27.62724152200002,
    "total_cpu_memory (MB)": 71461.283356,
    "execution_time (seconds/batch)": 2.766506485285353,
    "num_batches": 10,
    "batch_size": 512,
    "device": "cpu",
    "throughput_bps": 30381248.1362503,
    "sample_persec": 185.07095599567677,
    "result_path": "result/total/run 3",
    "data_path": "107.pt"
}