{
    "total_cpu_time (seconds)": 27.470727494999736,
    "total_cpu_memory (MB)": 71461.283356,
    "execution_time (seconds/batch)": 2.750833654887515,
    "num_batches": 10,
    "batch_size": 512,
    "device": "cpu",
    "throughput_bps": 30554344.80767864,
    "sample_persec": 186.12539478361745,
    "result_path": "result/total/run 3",
    "data_path": "63.pt"
}