{
    "total_cpu_time (seconds)": 20.142678939000067,
    "total_cpu_memory (MB)": 71461.283356,
    "execution_time (seconds/batch)": 2.017025546013697,
    "num_batches": 10,
    "batch_size": 512,
    "device": "cpu",
    "throughput_bps": 41670230.784191184,
    "sample_persec": 253.83912514736343,
    "result_path": "result/total/run 3",
    "data_path": "91.pt"
}