{
    "total_cpu_time (seconds)": 26.377731664000237,
    "total_cpu_memory (MB)": 71460.234604,
    "execution_time (seconds/batch)": 2.6413844341811306,
    "num_batches": 10,
    "batch_size": 512,
    "device": "cpu",
    "throughput_bps": 31820404.07005607,
    "sample_persec": 193.83774409147216,
    "result_path": "result/total/run 3",
    "data_path": "93.pt"
}