{
    "total_cpu_time (seconds)": 21.92751170700014,
    "total_cpu_memory (MB)": 71461.283324,
    "execution_time (seconds/batch)": 2.195753176996689,
    "num_batches": 10,
    "batch_size": 512,
    "device": "cpu",
    "throughput_bps": 38278400.723965675,
    "sample_persec": 233.17739232435233,
    "result_path": "result/total/run 3",
    "data_path": "65.pt"
}