{
    "total_cpu_time (seconds)": 20.43114542900019,
    "total_cpu_memory (MB)": 71461.283356,
    "execution_time (seconds/batch)": 2.0459116877856633,
    "num_batches": 10,
    "batch_size": 512,
    "device": "cpu",
    "throughput_bps": 41081890.534077324,
    "sample_persec": 250.25518112863864,
    "result_path": "result/total/run 3",
    "data_path": "94.pt"
}