{
    "total_cpu_time (seconds)": 19.70512417200007,
    "total_cpu_memory (MB)": 71461.283364,
    "execution_time (seconds/batch)": 1.9732101654731147,
    "num_batches": 10,
    "batch_size": 512,
    "device": "cpu",
    "throughput_bps": 42595523.51325305,
    "sample_persec": 259.4756549296604,
    "result_path": "result/total/run 3",
    "data_path": "96.pt"
}