{
    "total_cpu_time (seconds)": 21.549928173999845,
    "total_cpu_memory (MB)": 71461.283356,
    "execution_time (seconds/batch)": 2.1579431302734053,
    "num_batches": 10,
    "batch_size": 512,
    "device": "cpu",
    "throughput_bps": 38949089.445814595,
    "sample_persec": 237.2629717703131,
    "result_path": "result/total/run 3",
    "data_path": "68.pt"
}