{
    "total_cpu_time (seconds)": 20.134821570000085,
    "total_cpu_memory (MB)": 71461.283356,
    "execution_time (seconds/batch)": 2.01623873339332,
    "num_batches": 10,
    "batch_size": 512,
    "device": "cpu",
    "throughput_bps": 41686492.08446879,
    "sample_persec": 253.93818277576017,
    "result_path": "result/total/run 3",
    "data_path": "98.pt"
}