{
    "total_cpu_time (seconds)": 22.095307514999973,
    "total_cpu_memory (MB)": 71461.283364,
    "execution_time (seconds/batch)": 2.2125557300371574,
    "num_batches": 10,
    "batch_size": 512,
    "device": "cpu",
    "throughput_bps": 37987707.545151174,
    "sample_persec": 231.40660054307492,
    "result_path": "result/total/run 3",
    "data_path": "99.pt"
}