{
    "total_cpu_time (seconds)": 31.590699323000106,
    "total_cpu_memory (MB)": 71461.283364,
    "execution_time (seconds/batch)": 3.16339488624605,
    "num_batches": 10,
    "batch_size": 512,
    "device": "cpu",
    "throughput_bps": 26569531.475642197,
    "sample_persec": 161.85143442764496,
    "result_path": "result/total/run 3",
    "data_path": "70.pt"
}