{
    "total_cpu_time (seconds)": 20.402147952999897,
    "total_cpu_memory (MB)": 71461.283356,
    "execution_time (seconds/batch)": 2.0430079702593287,
    "num_batches": 10,
    "batch_size": 512,
    "device": "cpu",
    "throughput_bps": 41140280.03000455,
    "sample_persec": 250.61086762917006,
    "result_path": "result/total/run 3",
    "data_path": "100.pt"
}