{
    "total_cpu_time (seconds)": 54.305426254001326,
    "total_cpu_memory (MB)": 71518.21158,
    "execution_time (seconds/batch)": 0.33987358500450665,
    "num_batches": 160,
    "batch_size": 32,
    "device": "cpu",
    "throughput_bps": 15456099.655200757,
    "sample_persec": 94.15265384503385,
    "result_path": "result/Batches/run 1",
    "data_path": "112.pt"
}