{
    "total_cpu_time (seconds)": 31.379555090999464,
    "total_cpu_memory (MB)": 71518.205116,
    "execution_time (seconds/batch)": 0.19639072225933557,
    "num_batches": 160,
    "batch_size": 32,
    "device": "cpu",
    "throughput_bps": 26748310.40675746,
    "sample_persec": 162.94048737059856,
    "result_path": "result/Batches/run 1",
    "data_path": "119.pt"
}