{
    "total_cpu_time (seconds)": 34.38698820400152,
    "total_cpu_memory (MB)": 71518.211628,
    "execution_time (seconds/batch)": 0.2152129126790629,
    "num_batches": 160,
    "batch_size": 32,
    "device": "cpu",
    "throughput_bps": 24408944.308252245,
    "sample_persec": 148.68996289140014,
    "result_path": "result/Batches/run 1",
    "data_path": "121.pt"
}