{
    "total_cpu_time (seconds)": 135.16397287899966,
    "total_cpu_memory (MB)": 71513.807244,
    "execution_time (seconds/batch)": 0.8459313772986483,
    "num_batches": 160,
    "batch_size": 32,
    "device": "cpu",
    "throughput_bps": 6209865.41103964,
    "sample_persec": 37.82812750389645,
    "result_path": "result/Batches/run 1",
    "data_path": "123.pt"
}