{
    "total_cpu_time (seconds)": 29.7829668289991,
    "total_cpu_memory (MB)": 71518.20638,
    "execution_time (seconds/batch)": 0.18639838422217314,
    "num_batches": 160,
    "batch_size": 32,
    "device": "cpu",
    "throughput_bps": 28182218.541866053,
    "sample_persec": 171.67530788173764,
    "result_path": "result/Batches/run 1",
    "data_path": "125.pt"
}