{
    "total_cpu_time (seconds)": 39.071719774998904,
    "total_cpu_memory (MB)": 71518.211628,
    "execution_time (seconds/batch)": 0.2445325704674291,
    "num_batches": 160,
    "batch_size": 32,
    "device": "cpu",
    "throughput_bps": 21482291.66347269,
    "sample_persec": 130.86191315468255,
    "result_path": "result/Batches/run 1",
    "data_path": "13.pt"
}