{
    "total_cpu_time (seconds)": 30.55811037600094,
    "total_cpu_memory (MB)": 71518.20734,
    "execution_time (seconds/batch)": 0.19124966400000587,
    "num_batches": 160,
    "batch_size": 32,
    "device": "cpu",
    "throughput_bps": 27467342.37399674,
    "sample_persec": 167.3205553971536,
    "result_path": "result/Batches/run 1",
    "data_path": "14.pt"
}