{
    "total_cpu_time (seconds)": 29.960111865001352,
    "total_cpu_memory (MB)": 71518.213836,
    "execution_time (seconds/batch)": 0.18750705646001237,
    "num_batches": 160,
    "batch_size": 32,
    "device": "cpu",
    "throughput_bps": 28015585.648747448,
    "sample_persec": 170.6602439616682,
    "result_path": "result/Batches/run 1",
    "data_path": "15.pt"
}