{
    "total_cpu_time (seconds)": 29.23403239000038,
    "total_cpu_memory (MB)": 71518.2117,
    "execution_time (seconds/batch)": 0.18296284695482343,
    "num_batches": 160,
    "batch_size": 32,
    "device": "cpu",
    "throughput_bps": 28711402.81992378,
    "sample_persec": 174.89889632019847,
    "result_path": "result/Batches/run 1",
    "data_path": "17.pt"
}