{
    "total_cpu_time (seconds)": 28.635483976999847,
    "total_cpu_memory (MB)": 71517.587308,
    "execution_time (seconds/batch)": 0.17921679782202135,
    "num_batches": 160,
    "batch_size": 32,
    "device": "cpu",
    "throughput_bps": 29311538.11383701,
    "sample_persec": 178.55469123926053,
    "result_path": "result/Batches/run 1",
    "data_path": "2.pt"
}