{
    "total_cpu_time (seconds)": 29.157516903000253,
    "total_cpu_memory (MB)": 71518.202908,
    "execution_time (seconds/batch)": 0.18248397044709722,
    "num_batches": 160,
    "batch_size": 32,
    "device": "cpu",
    "throughput_bps": 28786747.609280556,
    "sample_persec": 175.3578679902568,
    "result_path": "result/Batches/run 1",
    "data_path": "21.pt"
}