{
    "total_cpu_time (seconds)": 30.19187871399923,
    "total_cpu_memory (MB)": 71518.209568,
    "execution_time (seconds/batch)": 0.18895758240719251,
    "num_batches": 160,
    "batch_size": 32,
    "device": "cpu",
    "throughput_bps": 27800525.033601638,
    "sample_persec": 169.35017686160842,
    "result_path": "result/Batches/run 1",
    "data_path": "22.pt"
}