{
    "total_cpu_time (seconds)": 36.38569954299994,
    "total_cpu_memory (MB)": 71518.190836,
    "execution_time (seconds/batch)": 0.22772196076197887,
    "num_batches": 160,
    "batch_size": 32,
    "device": "cpu",
    "throughput_bps": 23068130.9014843,
    "sample_persec": 140.52223989695602,
    "result_path": "result/Batches/run 1",
    "data_path": "25.pt"
}