{
    "total_cpu_time (seconds)": 35.14138714799915,
    "total_cpu_memory (MB)": 71518.207316,
    "execution_time (seconds/batch)": 0.2199343611844265,
    "num_batches": 160,
    "batch_size": 32,
    "device": "cpu",
    "throughput_bps": 23884944.452108525,
    "sample_persec": 145.49795597044667,
    "result_path": "result/Batches/run 1",
    "data_path": "28.pt"
}