{
    "total_cpu_time (seconds)": 28.109589712998474,
    "total_cpu_memory (MB)": 71518.213556,
    "execution_time (seconds/batch)": 0.17592545879443597,
    "num_batches": 160,
    "batch_size": 32,
    "device": "cpu",
    "throughput_bps": 29859919.28625933,
    "sample_persec": 181.8952198237045,
    "result_path": "result/Batches/run 1",
    "data_path": "30.pt"
}