{
    "total_cpu_time (seconds)": 35.22532430800011,
    "total_cpu_memory (MB)": 71518.195684,
    "execution_time (seconds/batch)": 0.22045968665284638,
    "num_batches": 160,
    "batch_size": 32,
    "device": "cpu",
    "throughput_bps": 23828029.87592007,
    "sample_persec": 145.1512541174468,
    "result_path": "result/Batches/run 1",
    "data_path": "34.pt"
}