{
    "total_cpu_time (seconds)": 30.68065092700058,
    "total_cpu_memory (MB)": 71518.211396,
    "execution_time (seconds/batch)": 0.19201659097672963,
    "num_batches": 160,
    "batch_size": 32,
    "device": "cpu",
    "throughput_bps": 27357635.990093283,
    "sample_persec": 166.65226602152342,
    "result_path": "result/Batches/run 1",
    "data_path": "38.pt"
}