{
    "total_cpu_time (seconds)": 37.39191581299981,
    "total_cpu_memory (MB)": 71518.211748,
    "execution_time (seconds/batch)": 0.2340194222601201,
    "num_batches": 160,
    "batch_size": 32,
    "device": "cpu",
    "throughput_bps": 22447367.61276587,
    "sample_persec": 136.74078711480183,
    "result_path": "result/Batches/run 1",
    "data_path": "45.pt"
}