{
    "total_cpu_time (seconds)": 27.798672648999617,
    "total_cpu_memory (MB)": 71518.195708,
    "execution_time (seconds/batch)": 0.173979566745157,
    "num_batches": 160,
    "batch_size": 32,
    "device": "cpu",
    "throughput_bps": 30193890.571613513,
    "sample_persec": 183.92964529491664,
    "result_path": "result/Batches/run 1",
    "data_path": "47.pt"
}