{
    "total_cpu_time (seconds)": 33.351384869000064,
    "total_cpu_memory (MB)": 71518.211748,
    "execution_time (seconds/batch)": 0.20873153057070254,
    "num_batches": 160,
    "batch_size": 32,
    "device": "cpu",
    "throughput_bps": 25166873.37862757,
    "sample_persec": 153.3069772089886,
    "result_path": "result/Batches/run 1",
    "data_path": "48.pt"
}